character,id,favs,posts
konpaku_youmu_(ghost),950541,304,4395
inkling_girl,3174180,176,3636
wanderer_(genshin_impact),5867105,109,3117
saber_(fate),3967216,260,2822
shigure_kai_ni_(kancolle),3073998,136,2296
yuki_miku,8081957,93,2069
kasane_teto_(sv),6195000,81,1929
gawr_gura_(1st_costume),4564995,130,1805
basil_(omori),5808363,43,1684
yuudachi_kai_ni_(kancolle),2141773,143,1661
kasane_teto_(utau),603553,63,1377
agnes_tachyon_(tach-nology)_(umamusume),9621965,168,1362
kaname_madoka_(magical_girl),901669,119,1292
magical_mirai_miku,4011520,65,1285
boo_tao_(genshin_impact),5288549,474,1249
akemi_homura_(magical_girl),1095065,181,1187
march_7th_(preservation)_(honkai:_star_rail),6262055,135,1149
sakura_miku,8158469,239,1105
basil_(faraway)_(omori),5808363,43,1103
octoling_girl,3388441,51,987
abigail_williams_(first_ascension)_(fate),2946551,101,962
natori_sana_(nurse),3139949,61,902
trailblazer_(honkai:_star_rail),7148391,165,834
dodoco_(genshin_impact),4195162,85,807
raising_heart,598790,100,738
hoshimachi_suisei_(1st_costume),4779247,121,735
la+_darknesss_(1st_costume),4940055,117,725
okita_souji_(koha-ace),8435283,103,702
verniy_(kancolle),2630243,108,693
cyrene_(aedes_elysiae)_(honkai:_star_rail),8715356,53,685
sendai_kai_ni_(kancolle),2376585,95,672
oberon_(third_ascension)_(fate),6551736,46,657
twin_turbo_(blast_mode!_turbo_engine)_(umamusume),5084411,39,649
scaramouche_(kabukimono)_(genshin_impact),8179085,41,642
aris_(maid)_(blue_archive),6864029,63,596
basil_(headspace)_(omori),6262981,27,595
minato_aqua_(sailor),4418639,65,595
doodle_sensei_(blue_archive),6164192,143,577
fubuki_kai_ni_(kancolle),3396824,124,576
dimitri_alexandre_blaiddyd_(timeskip),6024897,35,566
mari_(track)_(blue_archive),5770433,104,549
tomoe_mami_(magical_girl),881271,83,548
stelle_(honkai:_star_rail),7148391,165,547
suzuran_(spring_praise)_(arknights),5928976,45,540
tokoyami_towa_(jirai_kei),4517391,86,540
kasumi_kai_ni_(kancolle),3400440,66,533
manhattan_cafe_(creeping_black)_(umamusume),3076119,113,530
jumpy_dumpty,5890215,75,523
aubrey_(faraway)_(omori),5513525,40,519
mortis_(bang_dream!),9236936,27,510
asashio_kai_ni_(kancolle),2940297,94,508
texas_the_omertosa_(arknights),5862560,100,503
bardiche_(nanoha),8158469,239,503
silence_suzuka_(innocent_silence)_(umamusume),5714832,58,498
elysia_(herrscher_of_human:_ego)_(honkai_impact),5573309,90,493
kamisato_ayaka_(springbloom_missive),5988155,104,490
tokai_teio_(peak_joy)_(umamusume),5527651,82,489
miki_sayaka_(magical_girl),931313,85,487
ex-keine,639847,286,485
inkling_boy,2333091,26,477
tsukino_mito_(1st_costume),3105064,92,475
hoshimachi_suisei_(casual),6422497,223,458
mortis_(costume)_(bang_dream!),8847732,22,446
watson_amelia_(1st_costume),4131053,152,437
hyakumantenbara_salome_(1st_costume),5417127,88,435
hoshimachi_suisei_(sailor),6666232,116,430
hina_(dress)_(blue_archive),7171428,119,430
oblivionis_(bang_dream!),8835233,54,426
artoria_caster_(fate),9220964,96,423
nanashi_mumei_(1st_costume),5011169,149,422
zero(z)_(mega_man),564290,199,419
skadi_the_corrupting_heart_(arknights),5458712,101,413
inugami_korone_(1st_costume),3971724,101,412
still_in_love_(scarlet_vow_raiment)_(umamusume),7257581,75,409
mega_gardevoir,3122841,36,405
lappland_the_decadenza_(arknights),8356439,70,404
shirakami_fubuki_(1st_costume),9324289,143,402
gold_ship_(red_strife)_(umamusume),8323343,107,398
saber_alter,3329455,144,393
ookami_mio_(hoodie),3753513,160,383
dan_heng_(imbibitor_lunae)_(honkai:_star_rail),7327164,59,382
scaramouche_(cat)_(genshin_impact),6088564,102,381
nugget_(project_moon),6149098,40,375
okamisty,657793,158,373
hina_(pajamas)_(blue_archive),6075906,111,372
cu_chulainn_(lancer)_(fate),5649986,188,369
march_7th_(hunt)_(honkai:_star_rail),8054536,81,360
nekomata_okayu_(1st_costume),5319896,111,358
kazusa_(band)_(blue_archive),7124038,92,357
firefly_(spring_missive)_(honkai:_star_rail),9634085,66,355
inui_toko_(1st_costume),3747766,83,351
mari_(idol)_(blue_archive),8373016,72,345
employee_(project_moon),6149098,40,344
evernight_(honkai:_star_rail),9736032,81,338
sakura_kyoko_(magical_girl),5256275,78,336
okita_souji_(third_ascension)_(fate),2526029,81,335
sunday_(sacerdos'_relived_ordeal)_(honkai:_star_rail),8222785,45,334
kinomoto_sakura_(magician),4422735,90,333
pyonta,542784,123,332
wei_wuxian_(yiling_laozu),5938468,21,330
kongou_kai_ni_(kancolle),2985000,152,327
elysia_(miss_pink_elf)_(honkai_impact),5399565,151,326
haruna_kai_ni_(kancolle),2671832,70,325
luo_xiaohei,7550036,36,323
kel_(omori),6324140,41,322
amane_kanata_(1st_costume),6885876,61,322
mysterious_heroine_x_alter_(fate),3116442,92,320
mari_(headspace)_(omori),5563020,26,319
rice_shower_(rosy_dreams)_(umamusume),9696148,76,316
oda_nobunaga_(koha-ace),5140669,297,312
oguri_cap_(starlight_beat)_(umamusume),9684709,63,312
juufuutei_raden_(1st_costume),6806550,111,311
kaenbyou_rin_(cat),633192,123,303
usada_pekora_(casual),5004014,50,299
mejiro_mcqueen_(frontline_elegance)_(umamusume),5335831,59,297
minato_aqua_(1st_costume),3931939,58,297
suzuhara_lulu_(1st_costume),7436979,124,296
shigure_kai_san_(kancolle),8413045,52,292
manjuu_(azur_lane),5480407,121,290
viy_(fate),3649741,88,288
suzuya_kai_ni_(kancolle),5447259,66,285
suzuran_(yukibare)_(arknights),6202260,41,284
amane_kanata_(work),4507272,89,283
boko_(girls_und_panzer),3981705,87,282
bloop_(gawr_gura),4190169,155,282
timoris_(bang_dream!),8880393,23,282
ange_katrina_(1st_costume),3455079,66,281
nerissa_ravencroft_(1st_costume),6528087,120,281
maki_(camp)_(blue_archive),9331556,95,281
shigure_ui_(vtuber)_(1st_costume),5447649,67,280
ultimate_madoka,8158469,239,279
caelus_(honkai:_star_rail),6271243,164,279
herta_(puppet)_(honkai:_star_rail),6285839,197,277
ninomae_ina'nis_(casual),4533581,80,276
cinnamiku,5519782,36,276
lappland_(refined_horrormare)_(arknights),6033288,76,275
cyrene_(ripples_of_past_reverie)_(honkai:_star_rail),10007261,21,274
meguru_(cookie),3585267,36,273
doloris_(bang_dream!),8787216,28,273
nakiri_ayame_(1st_costume),4915780,208,272
mari_(faraway)_(omori),6038624,47,272
king_halo_(king_of_emeralds)_(umamusume),5585209,45,271
matikanetannhauser_(panpaka_tiltott)_(umamusume),9750413,56,269
hatsune_miku_(nt),8081957,93,269
alice_margatroid_(pc-98),989806,84,267
gawr_gura_(casual),4907649,137,266
hero_(omori),6775968,17,264
reed_the_flame_shadow_(arknights),5910362,119,263
hakurei_reimu_(pc-98),716872,129,261
kayoko_(new_year)_(blue_archive),6164871,99,260
togawa_sakiko_(master_of_melodia),9903277,32,259
koseki_bijou_(1st_costume),6558665,83,259
joseph_joestar_(young),3914282,27,259
texas_(willpower)_(arknights),6659482,88,257
jeanne_d'arc_alter_(avenger)_(fate),5649986,188,256
shiori_novella_(1st_costume),6528714,113,254
satono_diamond_(natural_brilliance)_(umamusume),9880187,43,254
nice_nature_(poinsettia_ribbon)_(umamusume),9073236,55,252
sakura_miko_(casual),5754574,66,252
nanashi_mumei_(casual),6211541,112,250
ouro_kronii_(maid),9228522,183,250
takakura_ken_(transformed)_(dandadan),5773365,35,247
uruha_rushia_(1st_costume),3977441,190,246
hiodoshi_ao_(1st_costume),7131368,55,246
makaino_ririmu_(4th_costume),4211112,39,246
joker_(persona_5),6726178,39,243
kei_(robot)_(blue_archive),6864029,63,241
abigail_williams_(traveling_outfit)_(fate),4150168,101,240
takamachi_nanoha_(sacred_mode),670870,89,240
kinugasa_kai_ni_(kancolle),4866590,37,239
rice_shower_(make_up_vampire!)_(umamusume),6058235,38,239
amiya_(medic)_(arknights),8639466,57,238
murakumo_kai_ni_(kancolle),2327867,64,238
artoria_caster_(second_ascension)_(fate),6930553,83,238
flower_(vocaloid4),3754239,32,237
kris_(dark_world)_(deltarune),3392719,34,237
specter_the_unchained_(arknights),6016535,67,237
magical_mirai_miku_(2016),2839070,55,236
oberon_(first_ascension)_(fate),6153968,29,236
usada_pekora_(1st_costume),3814135,80,235
texas_(winter_messenger)_(arknights),3578241,106,232
rover_(wuthering_waves),7692224,88,231
haro,1004971,80,231
eyjafjalla_the_hvit_aska_(arknights),8212443,41,230
satsuki_kai_ni_(kancolle),2740409,54,230
houshou_marine_(1st_costume),4242492,77,229
musashi_kai_ni_(kancolle),4992639,57,229
alcremie,3832530,70,227
cecilia_immergreen_(1st_costume),7734707,77,226
klee_(blossoming_starlight)_(genshin_impact),6646211,58,226
slime_(genshin_impact),5497315,102,226
octoling_boy,6092355,19,225
azki_(4th_costume)_(hololive),8697646,121,225
nemo_(fate),6019702,41,225
matikanefukukitaru_(rising_fortune)_(umamusume),9774728,38,225
kel_(faraway)_(omori),6324140,41,224
luo_xiaohei_(cat),7550036,36,224
hu_tao_(cherries_snow-laden)_(genshin_impact),8851990,101,223
natori_sana_(school_uniform),3280212,39,222
the_herta_(honkai:_star_rail),8710131,143,221
mysterious_heroine_x_alter_(first_ascension)_(fate),3937092,86,219
25-ji_miku,8081423,72,218
baobhan_sith_(first_ascension)_(fate),4585829,118,218
hatsune_miku_(vocaloid4),6199706,126,218
shameimaru_aya_(newsboy),2297215,73,218
daiwa_scarlet_(peak_blue)_(umamusume),9729256,69,216
graf_eisen,829867,37,215
kazami_yuuka_(pc-98),924013,218,214
selen_tatsuki_(1st_costume),5821657,79,213
mutsuki_kai_ni_(kancolle),2269867,41,213
su-san,963560,62,211
nanashi_mumei_(emo),7259920,110,210
kisaragi_kai_ni_(kancolle),3677928,29,209
cheval_grand_(grand_itineraire)_(umamusume),8866573,35,209
diyusi_(cookie),3746032,26,209
gigi_murin_(1st_costume),8479887,89,207
hatsune_miku_(noodle_stopper),7689053,53,207
sephiroth_(ever_crisis),7448968,13,206
tanned_cirno,2699568,88,206
medea_(fate),6475868,165,206
naganami_kai_ni_(kancolle),3009151,34,206
cure_black,4422862,29,205
fu_hua_(azure_empyrea),4269384,68,205
takane_lui_(1st_costume),6149821,131,204
curren_chan_(fille_eclair)_(umamusume),3076208,37,204
crow_(la+_darknesss),4940055,117,203
ookami_mio_(1st_costume),3460941,105,203
fubuki_(spring)_(kancolle),6300546,120,200
wakaba_mutsumi_(marionette's_id),9901945,16,200
roger_(guilty_gear),5677339,84,198
otonose_kanade_(1st_costume),8854716,51,197
edelgard_von_hresvelg_(timeskip),5904679,84,196
oberon_(second_ascension)_(fate),4597738,19,196
surintendante_chevalmarin,6913098,103,194
rotom,7267234,63,194
hakui_koyori_(1st_costume),5437583,80,194
irene_(the_adjudicatrix_and_her_resolve)_(arknights),8418225,50,192
ninomae_ina'nis_(1st_costume),4099094,366,192
crystal_exarch,5460039,19,191
medea_(caster)_(fate),6475868,165,191
haguro_kai_ni_(kancolle),3330084,39,191
midori_(maid)_(blue_archive),7661073,77,190
murasame_kai_ni_(kancolle),2989564,58,189
sweep_tosho_(platanus_witch)_(umamusume),5222259,47,189
yuki_miku_(2017),2839070,55,188
aubrey_(headspace)_(omori),7022360,36,187
kazama_iroha_(1st_costume),5647016,145,187
ashigara_kai_ni_(kancolle),2735032,125,186
haru_urara_(bestest_prize)_(umamusume),9936620,127,186
special_week_(special_dreamer)_(umamusume),4759220,42,185
irene_(voyage_of_feathers)_(arknights),6263352,56,185
shigure_ui_(vtuber)_(young),3760868,78,185
magical_mirai_miku_(2021),5930900,50,185
captain_nemo_(fate),6019702,41,185
cure_dream,4422735,90,185
shirakami_fubuki_(street),4010242,129,185
oozora_subaru_(1st_costume),4365561,90,184
suo_sango_(1st_costume),5184284,52,184
minato_aqua_(school_uniform),6310109,50,182
yukikaze_kai_ni_(kancolle),4207089,23,180
sebastian_piyodore,6528574,61,179
nyon_(cookie),3437175,53,178
yuzu_(maid)_(blue_archive),6573418,56,178
sailor_mercury,969789,66,178
arashio_kai_ni_(kancolle),5620282,82,178
saber_lily,2085481,196,177
van_gogh_(first_ascension)_(fate),5799847,46,177
hoshino_(first_year)_(blue_archive),5282247,112,176
reiuji_utsuho_(bird),859038,187,176
symboli_rudolf_(emperor's_path)_(umamusume),4839913,63,176
naka_kai_ni_(kancolle),2424227,48,175
arcane_jinx,8479987,64,175
exusiai_the_new_covenant_(arknights),9225675,65,175
yuki_miku_(2013),2839070,55,174
amiya_(medic)_(solo_around_the_world)_(arknights),8639466,57,174
medusa_(rider)_(fate),139332,188,174
okita_souji_(first_ascension)_(fate),2209512,64,173
magical_mirai_miku_(2024),7454503,23,173
yuki_miku_(2011),2839070,55,172
chou-10cm-hou-chan,4174652,58,172
momoi_(maid)_(blue_archive),7661073,77,172
fu_hua_(fenghuang_of_vicissitude),7109655,70,172
hero_(faraway)_(omori),5643840,10,171
prisma_illya,3216849,80,170
mordred_(fate/apocrypha),3436181,99,169
magical_mirai_miku_(2018),5035090,49,168
yura_kai_ni_(kancolle),3269577,53,168
hoshimachi_suisei_(shout_in_crisis),6025228,105,168
void_shiki,1813256,75,167
natsu_(band)_(blue_archive),7575120,44,167
makaino_ririmu_(5th_costume),5162007,45,166
cu_chulainn_(fate/stay_night),5649986,188,166
jingwei_(bird),7109655,70,165
young_link,5144739,42,165
cure_white,401212,47,165
jeanne_d'arc_(ruler)_(fate),6765349,93,165
fate_testarossa_(lightning_form),192477,40,163
hokko_tarumae_(star_light_ship)_(umamusume),6001391,34,162
yuegui_(genshin_impact),6015767,36,162
kureiji_ollie_(1st_costume),4228999,134,161
grass_wonder_(stone-piercing_blue)_(umamusume),4686931,45,160
sasaki_saku_(1st_costume),3332681,39,160
ouro_kronii_(casual),5956120,91,160
sakura_miko_(school_uniform),6753079,47,159
cure_wonderful,7929840,16,158
yuki_miku_(2019),3314368,34,158
lilith_(machikado_mazoku),3597524,41,158
yuzuki_yukari_(shizuku),8879125,38,158
tsunomaki_watame_(1st_costume),3727886,66,157
jintsuu_kai_ni_(kancolle),2277086,67,156
abukuma_kai_ni_(kancolle),2790725,67,156
higuchi_kaede_(1st_costume),3049944,66,155
hoshirube_sho_(1st_costume),6403657,9,155
sakura_miko_(1st_costume),5078743,40,155
akemi_homura_(black_dress),2710730,83,154
yukihana_lamy_(1st_costume),7835159,59,153
raising_heart_(accel_mode),670870,89,153
akitsu_maru_kai_(kancolle),2111468,70,152
tezcatlipoca_(first_ascension)_(fate),5931642,22,152
yuki_miku_(2014),2839070,55,151
mortis_(persona)_(bang_dream!),9236936,27,151
bottle_miku,5633965,47,151
kenmochi_touya_(1st_costume),6185966,29,151
shishiro_botan_(1st_costume),4112323,62,151
kagerou_kai_ni_(kancolle),3210774,30,150
shu_(spring_feast)_(arknights),8840078,41,149
ghost_miku_(project_voltage),6715335,67,149
racing_miku,3357653,62,147
airi_(band)_(blue_archive),8508439,74,147
sancho_(project_moon),8378487,44,146
shiratsuyu_kai_ni_(kancolle),3194085,42,146
ellen_joe_(on_campus),8866851,202,146
tamamo_cat_(second_ascension)_(fate),3631118,43,146
male_rover_(wuthering_waves),9350869,60,146
hatsushimo_kai_ni_(kancolle),2605388,35,145
pomu_rainpuff_(1st_costume),6449594,61,145
elira_pendora_(1st_costume),4584668,41,145
tenryuu_kai_ni_(kancolle),3191277,84,143
leonardo_da_vinci_(fate),5649986,188,143
ookami_mio_(street),4994599,106,143
hare_(camp)_(blue_archive),7021519,67,143
harukara_(7th_dragon),3374927,10,143
lily_black,4591244,41,143
yoshimi_(band)_(blue_archive),7532256,60,142
shirakami_fubuki_(parade_dress),4135599,53,142
toki_(school_uniform)_(blue_archive),6336861,112,142
kiso_kai_ni_(kancolle),2424206,58,142
ayanami_kai_ni_(kancolle),1864044,66,142
shiori_novella_(casual),8800711,53,142
xu_fu_(first_ascension)_(fate),4072589,48,141
mega_dragonite,9673775,13,141
gohan_beast,5440788,32,140
hoshino_(armed)_(blue_archive),7730411,96,140
dokibird_(retro_doki),7228292,68,140
yuuka_(track)_(blue_archive),6668030,69,139
nakiri_ayame_(streetwear),4857629,99,139
nekomata_okayu_(school_uniform),4637677,88,138
cure_milky,3418971,22,138
asuna_(school_uniform)_(blue_archive),7000856,132,138
takamachi_nanoha_(movie_1st_mode),598790,100,138
lize_helesta_(4th_costume),3956684,66,138
antonio_salieri_(second_ascension)_(fate),3149489,44,138
kirisame_marisa_(pc-98),7172425,37,137
kaito_(vocaloid3),6277460,10,137
manhattan_cafe_(verdant_night)_(umamusume),7185542,22,136
yuki_miku_(2018),3993951,75,136
michishio_kai_ni_(kancolle),2916974,34,136
hatsune_miku_(saihate),779748,51,136
todoroki_hajime_(1st_costume),7394211,77,136
akatsuki_kai_ni_(kancolle),2139205,80,136
lycanroc,2483046,20,134
akai_haato_(1st_costume),3336725,99,134
mademoiselle_crabaletta,7495959,79,133
zhongli_(archon)_(genshin_impact),5720599,46,133
smol_ame,4254305,85,132
zuikaku_kai_ni_(kancolle),3028859,56,132
gentilhomme_usher,6913098,103,132
seiun_sky_(reeling_in_the_big_one)_(umamusume),6406931,26,131
wanderer_(mega_mgc_coffee)_(genshin_impact),8436637,12,131
takanashi_kiara_(1st_costume),6995685,104,131
magical_ruby,3216849,80,131
ceres_fauna_(1st_costume),8659487,102,130
tan_yang_(kancolle),4684225,36,130
lilith_(homunculus)_(machikado_mazoku),5547267,14,129
skullman_(blue_archive),5137936,74,129
ishigami_nozomi_(1st_costume),6428546,40,129
adventurer_(ff14),4785401,27,129
tiki_(young)_(fire_emblem),3278226,44,129
megurine_luka_(toeto),605922,67,128
puru-see_(hoshizuki_(seigetsu)),740872,82,128
sakura_chiyono_o_(hinoshita_kaisan_hana_akari)_(umamusume),6137627,29,128
sakamata_chloe_(1st_costume),4987471,191,128
wanderer_(wanderer_impression)_(genshin_impact),6719239,15,128
amiya_(guard)_(arknights),6803207,53,127
dan_heng_(hunt)_(honkai:_star_rail),9040599,47,126
morgan_le_fay_(queen_of_winter)_(fate),6370676,96,126
rotom_phone,7267234,63,126
shun_(small)_(blue_archive),5736999,107,126
rice_shower_(casual)_(umamusume),5770935,49,125
dokibird_(bounty_hunter),7974388,64,125
kuzuha_(1st_costume)_(nijisanji),5274536,12,125
shiina_yuika_(1st_costume),4377755,42,125
oda_nobunaga_(maou_avenger)_(fate),3559151,121,124
mashiro_meme_(1st_costume),5303764,81,124
nero_claudius_(fate/extra),5649986,188,124
uruha_rushia_(school_uniform),5076643,98,124
murasaki_shion_(gothic_lolita),6999307,94,124
kinomoto_sakura_(astral_sakura),6877584,32,123
sailor_saturn,522538,63,123
gunner_(sekaiju),5386604,56,122
ike_eveland_(1st_costume),5139497,22,122
koseki_bijou_(casual),8721891,46,122
mori_calliope_(1st_costume),4238767,108,122
shiranui_kai_ni_(kancolle),3273081,40,121
suzu_(cookie),3437039,53,121
mint_fantome_(minto_2.0),8745537,65,121
himemori_luna_(1st_costume),5419970,61,119
ouro_kronii_(1st_costume),5792056,83,119
mr._plantegg_(omori),4492879,35,118
cu_chulainn_(caster)_(fate),4189271,15,118
alcremie_(strawberry_sweet),3832530,70,117
mithrun_(young),9299743,23,117
yorick_(shiori_novella),8138270,122,117
rosemi_lovelock_(1st_costume),5022106,82,117
daitaku_helios_(fun_fun_party_night)_(umamusume),6158616,38,117
falin_touden_(tallman),8091392,50,117
ninomae_ina'nis_(new_year),5044962,85,116
goldenglow_(maiden_for_the_bright_night)_(arknights),7020866,26,116
abigail_williams_(festival_outfit)_(fate),3746530,54,116
yuki_miku_(2021),5035090,49,116
mutsuki_(new_year)_(blue_archive),8234456,149,115
queen_dizzy,8240678,68,115
amamiya_kokoro_(1st_costume),7117010,45,115
yuki_miku_(2012),2839070,55,114
fate_testarossa_(impulse_form),133401,28,114
sparkle_(school_uniform)_(honkai:_star_rail),7439619,132,114
astolfo_(saber)_(fate),3901533,63,113
tokoyami_towa_(underworld_uniform),5574791,78,113
shiranui_flare_(street),4322068,108,113
hakos_baelz_(1st_costume),5002636,81,112
batsu_miku,8800762,32,112
sakura_miko_(street),7294962,38,112
shaymin,628962,32,112
ichijou_ririka_(1st_costume),6975693,110,112
suzuran_(lostlands_flowering)_(arknights),4446474,88,112
amoris_(bang_dream!),8847732,22,112
sister_claire_(1st_costume),5768729,94,111
ryuuhou_(kancolle),1704871,55,111
beni-enma_(first_ascension),3368214,59,111
ceobe_(unfettered)_(arknights),5643112,74,111
little_ica_(honkai:_star_rail),9235906,32,111
hermes_(kino_no_tabi),1981576,80,111
jeanne_d'arc_alter_(avenger)_(first_ascension)_(fate),6120835,93,111
usano_mimi,1163089,26,111
bubba_(watson_amelia),4190169,155,110
serina_(christmas)_(blue_archive),5914596,84,110
hk416_(black_kitty's_gift)_(girls'_frontline),3550266,91,110
failure_penguin,2365983,93,110
ogerpon_(teal_mask),6685892,65,110
sailor_venus,4493028,42,110
homu_(honkai_impact),5505540,136,110
shikinami_kai_ni_(kancolle),6430707,40,109
ganyu_(china_merchants_bank)_(genshin_impact),5678280,108,108
gunner_2_(sekaiju),5386604,56,108
ereshkigal_(third_ascension)_(fate),4104454,110,108
magical_mirai_miku_(2019),6641338,35,108
sakura_bakushin_o_(blossom_in_learning)_(umamusume),9597075,81,108
gramophone_miku,3836466,95,107
nimi_nightmare_(1st_costume),9195201,168,107
kel_(headspace)_(omori),6775968,17,107
takamachi_nanoha_(aggressor_mode),123325,29,107
hachune_miku,566505,80,107
cure_finale,5517554,15,106
lize_helesta_(1st_costume),3516933,53,106
luo_xiaohei_(human),5672475,11,106
kenmochi_touko,3820754,53,106
yuki_miku_(2015),2839070,55,106
model_w_(mega_man),51222,29,106
hoshimachi_suisei_(maid),5925232,83,106
ange_katrina_(5th_costume),5712179,33,106
myoukou_kai_ni_(kancolle),2683659,49,106
kayoko_(dress)_(blue_archive),7250398,116,105
tokoyami_towa_(1st_costume),4916600,79,105
magical_mirai_miku_(2017),2839070,55,105
yuuki_sakuna_(1st_costume),8480600,49,105
laplace_(kamitsubaki_studio),4574051,53,105
griseo_(starry_impression),5479641,66,105
lucia:_plume_(pgr),5036037,60,105
haruna_(new_year)_(blue_archive),5944960,65,105
shioriha_ruri_(1st_costume),6912750,26,104
amiya_(newsgirl)_(arknights),5921263,44,104
bardiche_(assault_form)_(nanoha),5520842,31,104
senji_muramasa_(fate),2116330,90,104
ichinose_uruha_(6th_costume),6774238,43,104
director_chimera_(spy_x_family),5956140,51,103
trunks_(future)_(dragon_ball),4471768,39,103
bokukawauso,3569641,66,103
petra_gurin_(1st_costume),4645664,66,103
surtr_(liberte_echec)_(arknights),5459037,197,103
chief_(path_to_nowhere),5977340,97,103
win_variation_(dramatic_tutu)_(umamusume),9402003,25,103
kokoro_(hakui_koyori),5626059,59,103
fu_hua_(valkyrie_accipiter),4115496,48,103
smart_falcon_(love_4ever)_(umamusume),6009698,37,103
fighting_miku_(project_voltage),6744443,35,103
bloom_poetry_(shining_nikki),8997926,9,102
murasaki_shion_(1st_costume),4677149,46,102
asuna_(sao-alo),1341418,53,102
kizuna_ai_(1st_costume),2958063,241,102
shirakami_fubuki_(loungewear),8232004,55,101
astolfo_(saber)_(third_ascension)_(fate),3901533,63,101
yamato_kai_ni_(kancolle),7447500,65,101
takoluka,523304,263,101
yuugumo_kai_ni_(kancolle),3538678,50,101
taiyou_(kancolle),3293499,46,101
takamachi_nanoha_(original_mode),333182,35,100
hoshikawa_sara_(4th_costume),8157523,47,100
aesc_(rain_witch)_(fate),6590481,104,100
hatsune_miku_(ichi_no_sakura_oka),5632219,33,100
gregor_(tsurunoka),3639297,39,100
kama_(young)_(fate),4330466,91,99
kumano_kai_ni_(kancolle),2749584,48,99
otomo_(hoshirube_sho),8476429,9,99
sailor_mars,6640894,50,98
falin_touden_(chimera),7793212,48,98
queen_draco_(fate),6277282,81,98
usa-chan_(idolmaster),3639346,72,98
dark_miku_(project_voltage),6718629,63,98
female_rover_(wuthering_waves),7692224,88,97
akebono_kai_ni_(kancolle),5745584,40,97
yahagi_kai_ni_(kancolle),5176307,139,97
kome-kome,5711401,15,97
shiver_(deep_cut_outfit)_(splatoon),6164477,31,97
rex_lapis_(genshin_impact),4235372,51,97
uruha_rushia_(3rd_costume),4935199,63,96
enna_alouette_(1st_costume),4832540,46,96
ao-chan_(ninomae_ina'nis),5867627,109,96
arjuna_alter_(fate),3701015,67,95
kawakaze_kai_ni_(kancolle),2337660,58,95
agnes_tachyon_(casual)_(umamusume),9902611,106,95
inu_sakuya_(nejikirio),412284,170,95
skadi_(elite_ii)_(arknights),5357720,64,95
yuki_miku_(2022),8819077,30,95
ninomae_ina'nis_(loungewear),6995685,104,95
takamachi_nanoha_(exceed_mode),294196,58,94
harusame_(maid)_(kancolle),3417442,41,94
super_sonic,436031,100,94
sussurro_(travel_freely)_(arknights),8440426,29,94
cure_majesty,7274772,15,94
phainon_(fashion)_(honkai:_star_rail),9510445,14,94
kanae_(8th_costume)_(nijisanji),5474788,21,93
oozora_subaru_(casual),5328993,93,93
phainon_(luckin_coffee)_(honkai:_star_rail),9936937,6,93
kiana_kaslana_(herrscher_of_flamescion),5387549,66,93
nagato_kai_ni_(kancolle),2732493,99,93
yuubari_kai_ni_(kancolle),5575561,78,93
cure_sky_(dark),7142396,21,93
benikurage_(cookie),3364685,67,93
executor_the_ex_foedere_(arknights),7756561,34,93
saber_alter_(second_ascension),6604327,113,92
alcremie_(vanilla_cream),3832530,70,92
fuuka_(new_year)_(blue_archive),5959671,71,92
nakiri_ayame_(girly),4964968,63,92
basil_(birthday)_(omori),8878368,10,92
yuzuki_yukari_(onn),1866187,30,92
honma_himawari_(1st_costume),3952610,37,92
jessica_the_liberated_(arknights),6655886,129,92
kobo_kanaeru_(1st_costume),6566363,48,91
m16a1_(boss)_(girls'_frontline),3384511,100,91
female_chief_(path_to_nowhere),5977340,97,91
tenochtitlan_(second_ascension)_(fate),6071491,75,91
leonardo_da_vinci_(rider)_(fate),5389892,118,91
kiana_kaslana_(herrscher_of_finality),7285953,55,91
aston_machan_(flare)_(umamusume),5743564,29,91
penance_(occasionally_flushed)_(arknights),6944718,104,91
kizuna_akari_(a.i._voice),6062182,22,91
akai_haato_(gothic_lolita),4349552,104,91
hiryuu_kai_ni_(kancolle),2009307,35,90
fischl_(ein_immernachtstraum)_(genshin_impact),5530790,110,90
shingyoku_(touhou),7222881,15,90
hero_(headspace)_(omori),6775968,17,90
sailor_jupiter,4493028,42,90
kinomoto_sakura_(clear_wings),7449305,31,90
amemori_sayo_(1st_costume),3853408,22,90
momosuzu_nene_(casual),5166948,48,90
shirakami_fubuki_(new_year),4213555,83,89
tokino_sora_(1st_costume),6156277,56,89
tokisaki_kurumi_(spirit),4114052,70,89
saber_alter_(gothic_lolita),578992,97,89
silica_(sao-alo),1875395,32,89
schwertkreuz,4422735,90,89
harmony's_clownfish_(splatoon),5597386,57,89
amane_kanata_(nurse),5374116,52,89
shaymin_(land),628962,32,89
dark_sakura,4520791,205,89
conch_(gundam),9231647,27,89
nanashi_mumei_(new_year),5086442,78,89
ooshio_kai_ni_(kancolle),2365012,88,89
mysta_rias_(1st_costume),5127546,9,89
kylar_(degrees_of_lewdity),9117958,21,88
yuzuki_yukari_(lin),4303233,16,88
sinon_(sao-alo),1364910,74,88
yuzuki_yukari_(vocaloid4),1866187,30,88
diluc_(red_dead_of_night)_(genshin_impact),5490304,44,88
nightmare_(nanashi_mumei),7259920,110,88
mega_absol,2917612,18,88
bb_(fate/extra),5649986,188,87
uzuki_kou_(3rd_costume),6476262,24,87
sakura_miku_(rella),6214750,42,87
nearl_the_radiant_knight_(arknights),6224771,84,87
yuki_miku_(2010),8081957,93,87
deoxys,1004971,80,87
kitasan_black_(crowning_ooban)_(umamusume),5958553,35,87
irys_(irys_2.0)_(hololive),6753936,57,87
roto_(kanae),5474788,21,86
no._21:_feral_scent_(pgr),6200647,40,86
inugami_korone_(street),3913756,51,86
shishiro_botan_(button-down),4751487,96,86
saigyou_ayakashi,613652,138,86
magical_mirai_miku_(2022),6303062,49,86
frieza,8507083,40,86
hoshimachi_suisei_(oriental_suit),7615520,56,86
cure_aqua,895703,22,86
li_sui_(tentacles),6956214,6,86
sukoya_kana_(1st_costume),3634616,73,85
mysterious_heroine_x_(fate),3441906,69,85
goldenglow_(party_in_the_garden)_(arknights),7807277,39,85
haaton_(akai_haato),3415174,57,85
kuramochi_meruto_(1st_costume),6137565,18,85
natsuiro_matsuri_(1st_costume),5546883,51,85
servant_(danganronpa),5782115,10,85
cure_star,3847713,26,84
scary_monsters_(stand),5757303,19,84
saratoga_mk_ii_(kancolle),2855072,95,84
arjuna_(third_ascension)_(fate),6613673,16,84
dark_knight_(final_fantasy),2267531,108,84
shirakami_fubuki_(fubukitek),4068009,38,84
cure_diamond,7539377,16,84
ryuujou_kai_ni_(kancolle),3155980,84,84
the_count_of_monte_cristo_(fate),7496251,18,83
magical_mirai_miku_(2020_summer),4011520,65,83
ebi-chan_(gawr_gura),5040159,50,83
yukihana_lamy_(casual),5433821,63,83
lysithea_von_ordelia_(timeskip),6106061,55,83
gilgamesh_(caster)_(fate),3048489,47,83
dusk_(everything_is_a_miracle)_(arknights),5542728,62,83
pokobee,5647016,145,83
kitakami_kai_ni_(kancolle),3183974,48,83
hiei_kai_ni_(kancolle),2549999,40,82
mayano_top_gun_(scramble_zone)_(umamusume),5391520,71,82
cu_chulainn_alter_(fate),3562428,34,82
ouro_kronii_(4th_costume),7601546,74,82
matsukai_mao_(1st_costume),5553324,25,82
lord_el-melloi_ii,2951189,35,82
zhongli_(lantern_rite)_(genshin_impact),6018152,30,82
yuuka_(pajamas)_(blue_archive),8610069,137,82
yamakaze_kai_ni_(kancolle),4899808,42,82
cure_beauty,1350008,38,81
furutaka_kai_ni_(kancolle),3636679,35,81
sonetto_(emotion_in_tranquility)_(reverse:1999),7727864,15,81
fate_testarossa_(movie_1st_form),912934,24,81
rei_(cookie),2019900,38,81
irys_(irys_1.0)_(hololive),4625059,80,81
giratina_(origin),4406111,57,81
frye_(deep_cut_outfit)_(splatoon),5706117,57,81
honekoneko_(psg),5231684,83,81
mononobe_alice_(1st_costume),6211197,28,80
aki_rosenthal_(1st_costume),5669532,50,80
kiyohime_(second_ascension)_(fate),3525670,124,80
cure_friendy,9053443,23,80
saria_(the_law)_(arknights),4720372,44,80
skadi_the_corrupting_heart_(sublimation)_(arknights),7310394,58,80
igarashi_rika_(1st_costume),6137562,26,80
minamoto_no_raikou_(second_ascension)_(fate),7874606,52,80
cure_blossom,4422735,90,79
kaniki_(sameko_saba),9548772,78,79
metatron_jeanne_(fate),9235518,60,79
natsuiro_matsuri_(casual),4564684,41,79
yae_sakura_(gyakushinn_miko),5110121,55,79
devil_jin,7233903,23,79
ooi_kai_ni_(kancolle),5771503,68,79
gotoh_hitori_(octopus),6695687,69,79
gema,5006020,32,79
meowy_(chainsaw_man),3828991,66,79
timcanpy,4298889,13,79
charlemagne_(first_ascension)_(fate),7591300,25,78
akigumo_kai_ni_(kancolle),4185386,33,78
diarmuid_ua_duibhne_(fate),1348675,64,78
liv:_empyrea_(pgr),5868260,32,78
male_byleth_(awakened)_(fire_emblem),5865884,32,78
elysia_(miss_pink)_(honkai_impact),5498635,57,78
kedama_(touhou),799429,71,78
mash_kyrielight_(demi-servant),5974282,54,78
tequila_(cardwinner)_(arknights),5371930,10,78
gilberta_(arknights),6886329,45,78
elizabeth_rose_bloodflame_(1st_costume),7734853,70,78
calstone_light_o_(one_true_path)_(umamusume),8139149,28,77
katsushika_hokusai_(traveling_outfit)_(fate),3304889,63,77
nachi_kai_ni_(kancolle),3546564,38,77
junko_(new_year)_(blue_archive),5936150,55,77
kageyama_shien_(1st_costume),4633515,12,77
raising_heart_(device_mode)_(1st),465563,26,76
kagamine_rin_(roshin_yuukai/hard_rkmix),5511203,51,76
asashio_(halloween)_(kancolle),3302728,41,76
mari_(spirit)_(omori),5724368,18,76
kisaki_(kindergarten_uniform)_(blue_archive),9048864,76,76
reaper_(final_fantasy),5390967,43,76
kamanosuke_(zenless_zone_zero),9639060,88,76
himemori_luna_(sundress),4639609,49,76
cure_lillian,7689443,19,76
forest_bunny_(omori),6374586,24,76
asashimo_kai_ni_(kancolle),3670387,22,76
cure_passion,563922,21,76
alastor_(shakugan_no_shana),930967,92,76
gilles_de_rais_(fate),1348675,64,75
marcille_donato_(lord),7554448,34,75
giratina_(altered),1004971,80,75
futatsuiwa_mamizou_(human),7246054,45,75
nursery_rhyme_(third_ascension)_(fate),3195951,29,75
toon_zelda,623117,29,75
nier_(brother),4509017,31,75
melusine_(second_ascension)_(fate),4650448,109,75
fumizuki_kai_ni_(kancolle),5353763,28,75
ex-rumia,4556598,121,75
elysia_(hi_love_elf)_(honkai_impact),9764991,24,74
astesia_(starseeker)_(arknights),4146780,70,74
poyoyo_(nakiri_ayame),4930643,106,74
female_robin_(grima)_(fire_emblem),5513246,100,74
soul_(deltarune),9449182,22,74
kanade_izuru_(1st_costume),6903317,11,74
lucie_(millie_parfait),5114898,36,74
amatsukaze_kai_ni_(kancolle),6498102,28,74
cure_mint,897739,13,74
cure_grace,4422735,90,73
kaori_(splatoon),3347782,22,73
blanca_(fate),6638502,23,73
ushio_kai_ni_(kancolle),6136720,32,73
yuki_miku_(2024),6662204,40,73
hoshino_(second_year)_(blue_archive),6017795,51,73
saber_(honkai:_star_rail)_(fate),9629988,157,73
transcend_(zoku-zoku_gizmo)_(umamusume),7337684,41,72
seele_(alter_ego),4491129,69,72
daiichi_ruby_(brilliant_red_gemstone)_(umamusume),6158616,38,72
oozora_subaru_(suspenders),4468983,43,72
jean_(gunnhildr's_legacy)_(genshin_impact),5031768,121,72
graf_eisen_(hammerform),829867,37,72
venti_(archon)_(genshin_impact),5479806,42,72
leisurely_otter_(genshin_impact),7000689,75,72
nilou_(breeze_of_sabaa)_(genshin_impact),8012621,40,72
shiranui_(autumn)_(kancolle),2892474,52,71
racing_miku_(2022),6753400,53,71
petra_gurin_(2nd_costume),5627220,68,71
mist_(path_of_radiance)_(fire_emblem),532395,29,71
gavis_bettel_(1st_costume),6791068,13,71
raising_heart_(standby_mode),3059813,32,71
verniy_(saury_festival)_(kancolle),2872435,61,71
mostima_(spellbreaker)_(arknights),4375280,74,71
bardiche_(zanber_form)_(nanoha),192477,40,71
gilgamesh_(immoral_biker_jacket)_(fate),139307,42,71
larva_tiamat_(fate),6308520,68,71
omaru_polka_(1st_costume),5785530,66,70
kylar_(male)_(degrees_of_lewdity),8867942,12,70
death-sensei_(mori_calliope),4448872,196,70
watson_amelia_(street_casual),4581895,64,70
vestia_zeta_(1st_costume),5760752,81,70
seele_vollerei_(herrscher_of_rebirth),8014806,66,70
makiatto_(girls'_frontline_2),8558012,95,70
agent_8_(side_order),6066930,18,70
anya_melfissa_(1st_costume),4229325,59,70
pers_(genshin_impact),8039298,39,70
mordred_(second_ascension)_(fate),3436181,99,70
meltryllis_(swimsuit_lancer)_(fate),5649986,188,70
mettaton,3074138,80,69
fu_hua_(night_squire),3439789,79,69
yukihana_lamy_(new_year),4310171,74,69
ninomae_ina'nis_(pastry_chef),7402011,62,69
nakagawa_nana,4487319,52,69
orfevre_(control)_(umamusume),9742396,31,69
sakura_laurel_(saisir_le_reve)_(umamusume),9272176,22,69
raising_heart_(device_mode),333182,35,69
wonder_acute_(butterfly_sting)_(umamusume),5871859,23,69
tosaki_mimi_(4th_costume),6040746,24,69
reed_the_flame_shadow_(curator)_(arknights),7089261,51,69
otomachi_una_(talkex),2722037,25,69
tachibana_hinano_(1st_costume),8768243,39,68
fugue_(honkai:_star_rail),8591564,77,68
shinomiya_runa_(1st_costume),5607543,33,68
nhk_(voiceroid),6310191,25,68
kasane_teto_(halloween),8348485,27,68
cure_pine,884707,21,68
airani_iofifteen_(1st_costume),4485960,67,68
shin'you_(maid)_(kancolle),4547776,30,68
unicorn_(long-awaited_date)_(azur_lane),3413770,139,68
pam-pam,5962847,18,68
ayunda_risu_(1st_costume),5690331,51,68
sonetto_(parade_anthem)_(reverse:1999),6945124,16,68
wonderlands_x_showtime_miku,6091915,27,67
jeanne_d'arc_alter_(ver._shinjuku_1999)_(fate),5173207,64,67
aru_(new_year)_(blue_archive),6823762,76,67
faruzan_(genshin_cafe_in_seoul)_(genshin_impact),6845139,56,67
enemy_aircraft_(kancolle),2290948,62,67
cure_yell,4422735,90,67
taisa_(cookie),4885148,35,67
logos_(npc)_(arknights),5740821,31,67
komaru_(himouto!_umaru-chan),2192994,74,67
hoshimachi_suisei_(stellar_into_the_galaxy),4720016,75,67
jellyfish_(splatoon),5789970,12,67
diarmuid_ua_duibhne_(lancer)_(fate),1348675,64,67
kiss-shot_acerola-orion_heart-under-blade,3663821,95,67
fu_hua_(phoenix),3302900,53,66
ptilopsis_(elite_ii)_(arknights),4002848,104,66
toon_link,662141,41,66
gawr_gura_(school_uniform),8449536,94,66
kuzuha_(2nd_costume)_(nijisanji),3710500,15,66
homulilly,4697499,73,65
ojou-sama_zundamon,7809292,13,65
yingxing_(honkai:_star_rail),7327164,59,65
suomi_(girls'_frontline_2),8541888,79,65
phenny_(project_sekai),6130545,51,65
vf-1,548590,33,65
haruka_(new_year)_(blue_archive),5935333,78,65
toxtricity,4509585,12,65
neru_(school_uniform)_(blue_archive),8825960,48,65
fubuzilla_(shirakami_fubuki),7669890,41,65
cell_(dragon_ball),716405,287,65
chrono_genesis_(prismatic_curator)_(umamusume),9766617,23,65
agnes_digital_(lovely_jiangshi)_(umamusume),5786158,24,65
sirin_(miracle_magical_girl),6675612,52,65
k.s.miracle_(prism)_(umamusume),7278429,21,65
mon3tr_(summon)_(arknights),4865801,70,64
chibi_miku,474581,102,64
lil-la_(yu-gi-oh!),5787490,38,64
cure_rouge,857485,18,64
makaino_ririmu_(3rd_costume),4064951,42,64
cloudy_(wuthering_waves),7654284,62,64
akagi_kai_ni_(kancolle),3536582,90,63
tamamo_cross_(with_lightning_speed)_(umamusume),5457060,33,63
ninomae_ina'nis_(school_uniform),9298119,59,63
endministrator_(arknights),6813183,67,63
sen_no_rikyu_(second_ascension)_(fate),5684574,57,63
gonzales_(love_live!),8926333,10,63
carbuncle_(puyopuyo),669270,21,63
shishio_chris_(3rd_costume),5062592,16,63
skadi_(the_next_afternoon_tea)_(arknights),6596058,69,63
vodka_(wild_top_gear)_(umamusume),3076058,29,63
upao_(amane_kanata),6406525,40,63
sakurako_(idol)_(blue_archive),8317132,66,63
serina_(nurse)_(blue_archive),5811784,109,63
shirakami_fubuki_(fbkingdom),8248846,81,63
saitou_hajime_(first_ascension)_(fate),6258314,22,63
crazy_mita_(miside),8731251,126,63
mari_(birthday)_(omori),8949228,9,63
theresa_apocalypse_(luna_kindred),6794255,84,63
falulu_(awakened),2609739,8,63
captain_nemo_(first_ascension)_(fate),3330653,28,63
chou-10cm-hou-chan_(akizuki's),2619108,55,63
luma_(mario),4212396,114,63
kuroshio_kai_ni_(kancolle),3605141,40,63
bronya_zaychik_(silverwing:_n-ex),5121471,137,63
tsukino_mito_(summer_uniform),4160367,88,62
serika_(new_year)_(blue_archive),6154669,97,62
leva_(girls'_frontline_2),7008061,78,62
raising_heart_(exelion_mode),294196,58,62
raising_heart_(exceed_mode),595390,43,62
wakaba_mutsumi_(doll),9113023,15,62
elysia_(coco)_(honkai_impact),6786623,53,62
amane_kanata_(cutesy_punk),6430498,69,62
okita_souji_(teal_haori_and_hakama)_(fate),4984794,57,62
shiranui_(nakiri_ayame),3326104,71,62
unown,5622279,49,62
noshiro_kai_ni_(kancolle),4417331,42,62
haruka_(suit)_(blue_archive),7264061,54,62
dooby_(1st_costume),8352802,37,62
rhein_kraft_(dream_successor)_(umamusume),7431836,21,62
aesc_(savior)_(fate),6545353,102,62
umikaze_kai_ni_(kancolle),3566606,28,61
miss_cloud,2365983,93,61
gonzalez_(machita_chima),5090520,26,61
hatsune_miku_(supreme),5674562,78,61
kirishima_kai_ni_(kancolle),6934370,39,61
leos_vincent_(1st_costume),5892575,6,61
tokunaga_(tales),1770968,15,61
anko_(gochiusa),3013533,26,61
cure_heart,4422735,90,61
tail_(honkai:_star_rail),6904079,92,61
mayuzumi_kai_(1st_costume),3695298,20,61
fate_testarossa_(original_form),201518,14,61
gomidasu_(kamitsubaki_studio),5488521,35,61
omaru_polka_(casual),5419986,63,61
kotori_(takanashi_kiara),4190169,155,61
marx_(true_form)_(kirby),1000225,41,61
kaga_kai_ni_(kancolle),6393179,58,60
super_sailor_moon,7449305,31,60
callie_(squid_sisters_outfit)_(splatoon),6428773,42,60
aston_machan_(casual)_(umamusume),5744428,33,60
kakavasha_(honkai:_star_rail),7397679,19,60
kinu_kai_ni_(kancolle),2550162,57,60
yukikaze_(summer)_(kancolle),3588044,32,60
tone_kai_ni_(kancolle),2559743,71,60
mettaton_ex,3074138,80,60
queen_draco_(third_ascension)_(fate),6277282,81,60
milk_(yes!_precure_5),738373,23,60
enterprise_(reindeer_master)_(azur_lane),3103053,116,60
cuilein-anbar_(genshin_impact),6268490,96,60
cure_sunny,7449305,31,60
hatsune_miku_(if),4638582,55,60
shiranui_flare_(1st_costume),8770223,42,59
nakiri_ayame_(shrine_maiden),6667884,63,59
classic_revenant,5950054,15,59
mori_calliope_(streetwear),7131157,88,59
otomachi_una_(sugar),4686769,18,59
van_gogh_(second_ascension)_(fate),5497172,29,59
vector_(girls'_frontline_2),8589797,72,59
winter_soldier,2243971,69,59
tome_of_the_night_sky,615722,18,59
ookami_mio_(new_year),4578424,79,59
archetype_earth,5989357,108,59
usada_pekora_(new_year),4181575,38,59
raiden_mei_(herrscher_of_thunder),6012081,75,59
morpeko,6047142,81,59
meltryllis_(swimsuit_lancer)_(first_ascension)_(fate),5649986,188,59
kirito_(sao-ggo),1154668,58,59
shishiro_botan_(midnight_convenience_store),5643311,79,59
vivid_bad_squad_miku,8484819,27,59
cine_hamal,5842870,13,59
finana_ryugu_(1st_costume),5923511,36,58
kal'tsit_(maid)_(arknights),5654762,59,58
phainon_(khaslana)_(honkai:_star_rail),9577290,21,58
whitney_(degrees_of_lewdity),8679272,8,58
murasaki_shion_(magical_girl_maid),6979421,48,58
kamisato_ayaka_(heytea),5777390,148,58
katsushika_hokusai_(first_ascension)_(fate),4278119,43,58
hector_(omori),6425314,7,58
chen_(cat),747810,164,58
female_endministrator_(arknights),6813183,67,58
shigure_(lawson)_(kancolle),5502752,60,58
noa_(pajamas)_(blue_archive),8602252,86,58
naplings_(nimi_nightmare),9195201,168,58
mega_mawile,1731003,47,58
yuki_miku_(2023),5880355,26,58
akigumo_(comiket)_(kancolle),4154333,33,58
gotland_andra_(kancolle),3958378,67,57
karma_(nakiri_ayame),3326104,71,57
luca_kaneshiro_(1st_costume),5776714,19,57
phoenix_(tales),2447351,55,57
gardevoir_(fashionable),4672676,21,57
veronika_(splatoon),5585466,27,57
ceres_fauna_(jirai_kei),5912342,88,57
sailor_chibi_moon,4422735,90,57
add_(fate),3313543,65,57
artoria_pendragon_(lancer)_(fate),5840521,123,57
kamikaze_(valentine)_(kancolle),3416167,34,57
getou_suguru_(kenjaku),7815241,26,57
vina_victoria_(arknights),8259141,66,57
felix_hugo_fraldarius_(timeskip),4958766,19,57
ise_kai_ni_(kancolle),3158323,24,57
mini_durin_(human)_(genshin_impact),9732727,15,57
karenina:_scire_(pgr),5422787,61,56
moona_hoshinova_(1st_costume),6087084,51,56
oozora_subaru_(police),8213521,67,56
fu_hua_(taixuan_impression),6206299,37,56
hatsune_miku_(vocaloid3),8081957,93,56
caren_hortensia_(amor_caren)_(second_ascension),4370647,96,56
suzuya_(school_girl)_(kancolle),5787493,59,56
yuudachi_(halloween)_(kancolle),3672299,27,56
whitney_(male)_(degrees_of_lewdity),6899398,6,56
setanta_(fate),6537896,20,56
vox_akuma_(1st_costume),5747135,19,56
misumi_uika_(caged_singer),9947668,18,56
u-olga_marie,5927658,55,56
wild_geese,3013533,26,56
cosmos_(wuthering_waves),7654234,54,56
perfect_cell,716405,287,55
princess_serenity,7449305,31,55
usagi-san,9724,25,55
nekko_(momosuzu_nene),8213544,51,55
louhi_(second_ascension)_(fate),8540921,41,55
mew_ichigo,4422735,90,55
classic_sonic,3204592,27,55
shadow_(nerissa_ravencroft),6528087,120,55
tsunomaki_watame_(street_casual),7836335,37,55
kasane_teto_(voicepeak),9082465,38,55
hoso-inu,4523202,109,55
selena:_tempest_(pgr),5772734,44,55
nina_kosaka_(1st_costume),4841178,100,55
souya_agb_(kancolle),4597730,24,55
nun_bora_(2nd_costume),5414965,18,55
fighter_(granblue_fantasy),3859590,72,54
shirakami_fubuki_(saint),8714531,42,54
child_gilgamesh_(fate),2734844,80,54
kazagumo_kai_ni_(kancolle),6220579,29,54
hex_maniac_(pokemon_legends:_z-a),9029040,136,54
little_blue_whale_(kancolle),3986250,21,54
hatsune_miku_(heartbeat),5633704,36,54
mococo_abyssgard_(1st_costume),7246196,64,54
dragoon_(final_fantasy),5516540,66,54
poppi_alpha_(xenoblade),2951012,31,54
helena_kai_(kancolle),5343682,78,54
bardiche_(axe_form)_(nanoha),8158469,239,54
kuronushi_(genshin_impact),5287865,21,54
leonardo_da_vinci_(caster)_(fate),5649986,188,53
taiga_(ookami_mio),4450467,100,53
kaburaki_roco_(1st_costume),7898274,19,53
gambier_bay_(sasebo)_(kancolle),3098192,58,53
noir_(persona_5),5426356,99,53
25-ji_kaito,6159290,11,53
cyber_elf_x_(mega_man),1281865,19,53
kriemhild_(first_ascension)_(fate),5397615,118,53
gray_(assassin)_(fate),3496834,67,53
hakui_koyori_(school_uniform),8876374,55,53
cure_march,7449305,31,53
fujimaru_ritsuka_(female)_(decisive_battle_chaldea_uniform),5166324,75,53
yuki_setsuna_(afterschool_school_idol),5374054,35,53
utsugi_uyu_(1st_costume),5348957,13,53
harusame_kai_ni_(kancolle),7448382,36,53
dan_heng_(permansor_terrae)_(honkai:_star_rail),9796082,12,53
raora_panthera_(1st_costume),8022330,50,52
gotoh_hitori_(tsuchinoko),5824474,70,52
oruyanke_(shirakami_fubuki),4117756,51,52
nagant_revolver_(mod3)_(girls'_frontline),8796844,36,52
mika_(track)_(blue_archive),7543578,57,52
chou-10cm-hou-chan_(hatsuzuki's),2587151,39,52
pina_(sao),1315282,28,52
el_condor_pasa_(el_numero_1)_(umamusume),3074089,32,52
masurao_(sekaiju),3353848,12,52
arare_kai_ni_(kancolle),4256819,17,52
bardiche_(scythe_form)_(nanoha),563644,25,52
saegusa_akina_(1st_costume),3658116,15,52
kitkallos_(yu-gi-oh!),5808784,46,52
firefly_(ar-26710)_(honkai:_star_rail),7717328,87,52
hibiscus_the_purifier_(arknights),5402236,55,52
yu_mei-ren_(first_ascension)_(fate),3338721,111,52
sonny_brisko_(1st_costume),5189247,8,52
elira_pendora_(3rd_costume),6211577,42,52
nowaki_(halloween)_(kancolle),5776952,23,52
karyl_(new_year)_(princess_connect!),5056343,67,52
live_twin_lil-la,5535394,25,52
female_byleth_(awakened)_(fire_emblem),5007823,67,51
zain_(omaru_polka),4543772,60,51
oricorio,6821419,19,51
murasaki_shion_(school_uniform),8929681,53,51
zacian,3695653,47,51
fierce_deity,5379123,45,51
sailor_neptune,5403375,47,51
yohane_(genjitsu_no_yohane),5471054,36,51
ayanami_(retrofit)_(azur_lane),5342165,67,51
tachibana_hinano_(5th_costume),7343078,29,51
firefly_(jepella_rebellion)_(honkai:_star_rail),7594445,74,51
alpha:_crimson_abyss_(pgr),5013254,78,51
nakiri_ayame_(cutie_jersey),7442949,39,51
sazanami_kai_(kancolle),3494333,16,51
flower_(vocaloid3),5569657,27,51
nier_(brother)_(post_timeskip),4509017,31,51
mori_calliope_(kawaiiope),9003048,52,51
hyuuga_kai_ni_(kancolle),3762794,43,51
appren-chirps_(fate),3368214,59,51
mega_charizard_x,1517206,28,51
gawain_(third_ascension)_(fate),6844359,27,50
yae_miko_(fox),5381601,159,50
space_ereshkigal_(fate),7952306,67,50
kroos_the_keen_glint_(arknights),4344079,100,50
no._21:_xxi_(pgr),5369360,63,50
bug_miku_(project_voltage),6717378,21,50
space_ishtar_(fate),4286611,94,50
elfriend_(shiranui_flare),6191655,76,50
hikari_(fatalis)_(arcaea),5858135,26,50
meloetta,5389394,23,50
marie_(kimono)_(splatoon),6524590,57,50
red_hood_(dc),5821670,47,50
lost_robin_rondo,4377160,72,50
wavecat_(blue_archive),8009765,95,50
kindred_(league_of_legends),5735589,48,50
ibaraki_douji_(touhou),4197479,51,50
lycanroc_(midday),2483046,20,50
tsubaki_(guide)_(blue_archive),7380492,66,49
yuki_miku_(2020),5344479,27,49
drusilla_(zenless_zone_zero),8417562,80,49
kintoki_(sakura_miko),7946460,42,49
noelle_holiday_(dark_world),4797104,41,49
shiroko_(young)_(blue_archive),7477330,87,49
lady_avalon_(fate),6497316,87,49
serena_(sygna_suit)_(pokemon),5411967,35,49
piyoko_(uruha_rushia),4338047,55,49
theresa_apocalypse_(valkyrie_pledge),3737569,86,49
viper_(final_fantasy),7783438,22,49
shoukaku_kai_ni_(kancolle),5558705,36,49
pod_(nier:automata),2576628,66,49
fu_hua_(shadow_knight),4320755,32,49
zygarde,7775978,35,49
tokino_sora_(casual),5717279,68,49
kokkoro_(new_year)_(princess_connect!),4303155,51,49
momosuzu_nene_(old_design),4035601,37,49
grim_(azur_lane),5708234,72,49
gotland_kai_(kancolle),3318771,77,48
wa2000_(date_in_the_snow)_(girls'_frontline),3365621,63,48
scaramouche_(shouki_no_kami)_(genshin_impact),5828419,47,48
ganyu_(young)_(genshin_impact),7152775,49,48
kiana_kaslana_(white_comet),6285904,78,48
kinomoto_sakura_(miraculous_sakura),8158469,239,48
fairy_miku_(project_voltage),7140409,26,48
alban_knox_(1st_costume),5191212,7,48
nekomusume_(gegege_no_kitarou_6),3010068,43,48
kinomoto_sakura_(kitty),3850999,36,48
irys_(gaming_casual)_(hololive),8170209,91,48
m4a1_(mod3)_(girls'_frontline),3500614,106,48
mega_lucario,5623579,47,48
raising_heart_(buster_mode),570334,35,48
25-ji_rin,5046961,23,48
mem-mem_(precure),7012237,9,48
anastella_(zenless_zone_zero),8417562,80,48
banken_(inui_toko),6296380,44,47
isolde_(and_all_that_jazz)_(reverse:1999),7988619,9,47
morpeko_(full),5403578,53,47
sei_shounagon_(first_ascension)_(fate),3781990,81,47
tingyun_(harmony)_(honkai:_star_rail),6509395,169,47
tokino_sora_(dj_hoodie),6352383,78,47
sophie_(toast_of_the_town)_(tales),2285013,41,47
souryuu_kai_ni_(kancolle),2600588,42,47
masurao_2_(sekaiju),3353848,12,47
poison_miku_(project_voltage),6781911,25,47
richelieu_(mitsukoshi_2017)_(kancolle),3322835,82,47
coralie_6626_planck_(valkyrie_blastmetal),7313842,27,47
genocider_shou,1797260,33,47
narita_taishin_(nevertheless)_(umamusume),4580453,27,47
shingyoku_(female),7222881,15,47
super_sailor_mercury,969789,66,47
claude_von_riegan_(timeskip),3612286,16,47
vivlos_(voyage_etincelant)_(umamusume),7926115,27,47
bernadetta_von_varley_(timeskip),3601916,53,47
klukai_(girls'_frontline_2),8061315,95,47
souryuu_(lawson)_(kancolle),5324872,37,47
keqing_(lantern_rite)_(genshin_impact),4363274,109,47
hack_(apex_legends),5249363,6,47
lamb_(league_of_legends),5735589,48,47
zhuge_kongming_(honkai_impact),4141761,42,47
leo/need_miku,6130545,51,47
merlin_(second_ascension)_(fate/prototype),4117593,74,47
nice_nature_(run&win)_(umamusume),5374483,31,46
tama_kai_ni_(kancolle),2954968,49,46
toxtricity_(amped),6721297,7,46
lycanroc_(midnight),5787707,19,46
pearl_(off_the_hook_outfit)_(splatoon),2939446,16,46
kisaki_(school_uniform)_(blue_archive),8397931,74,46
watarai_hibari_(1st_costume),5514465,5,46
lisbeth_(sao-alo),1773795,73,46
kizuna_akari_(tsubomi),5463161,22,46
bronya_zaychik_(haxxor_bunny),5613756,59,46
yuuhi_(cookie),5715662,37,46
sakura_miko_(flower_fantasista!),8950896,30,46
koyuki_(pajamas)_(blue_archive),7192368,54,46
mega_ampharos,2537045,18,46
tokoyami_towa_(new_year),4335059,82,46
lappland_(ambience_synesthesia)_(arknights),6442143,47,46
sailor_uranus,5403383,43,46
kyokutei_bakin_(fate),5468829,54,46
palmtop_tiger,947500,56,46
gangut_dva_(kancolle),2723435,50,46
marie_antoinette_alter_(fate),7383232,51,46
sprout_mole,8031811,12,46
daifuku_(yukihana_lamy),5583922,69,46
hootsie_(nanashi_mumei),5086442,78,46
mehrak_(genshin_impact),6109595,16,46
acheron_(izumo)_(honkai:_star_rail),7380471,56,46
cure_rosetta,1366911,15,45
nia_(blade)_(xenoblade),8500259,169,45
zuihou_kai_ni_(kancolle),3048165,28,45
kiryu_coco_(1st_costume),4615214,148,45
cure_custard,5708734,12,45
kamen_rider_1_(shin),7682750,34,45
makaino_ririmu_(2nd_costume),3833242,58,45
hatsune_miku_(infinity),1117374,31,45
antonio_salieri_(first_ascension)_(fate),3162431,60,45
artoria_caster_(third_ascension)_(fate),4044419,79,45
kamen_rider_double_(cyclonejoker),4451340,32,45
cure_selene,3580347,19,45
oozora_subaru_(new_year),3869005,36,45
magical_mirai_miku_(2025),9905579,12,45
ange_katrina_(4th_costume),5442286,34,45
ump45_(mod3)_(girls'_frontline),3507632,74,45
minami_rena_(magical_girl),2852396,27,45
nobeta_(witch_skin),8023309,37,45
ange_katrina_(7th_costume),7295880,37,45
mars_(cookie),2553740,40,45
osawa_rurino_(summer_loungewear),8012023,7,45
shizuka_rin_(1st_costume),3057711,77,45
morte_(arknights),6807432,42,45
shishiro_botan_(new_year),4284118,67,45
titan_(shingeki_no_kyojin),1860728,170,45
plasma-chan_(kancolle),4502535,91,45
a-chan_(1st_costume)_(hololive),4390782,147,45
nice_nature_(casual)_(umamusume),5357914,48,44
sophia_(manus_vindictae)_(reverse:1999),7593297,20,44
tomati_(love_live!),7477728,16,44
shingyoku_(male),7038134,7,44
omaru_polka_(school_uniform),6303874,50,44
rumi_(small)_(blue_archive),8182315,46,44
male_robin_(grima)_(fire_emblem),3440952,29,44
march_7th_(nascent_spring)_(honkai:_star_rail),6770601,43,44
magical_mirai_miku_(2020_winter),3776901,44,44
sunny_(hospital_gown)_(omori),5650702,11,44
ushimi_ichigo_(1st_costume),3637242,17,44
joseph_joestar_(old),4919685,29,44
bardiche_(haken_form)_(nanoha),701460,72,44
kyoka_(halloween)_(princess_connect!),3674167,17,44
warrior_(final_fantasy),5268732,63,44
kaela_kovalskia_(1st_costume),5616795,78,44
furfrou,3785965,7,44
seele_vollerei_(swallowtail_phantasm),4669061,54,44
aloupeep_(enna_alouette),7178803,31,44
wis'adel_(arknights),7580715,54,44
admiral_graf_spee_(girl's_sunday)_(azur_lane),3620464,79,44
shigure_(hot_spring)_(blue_archive),6780610,63,44
makigumo_kai_ni_(kancolle),4258378,29,43
manaka_laala_(normal),2475856,17,43
kotama_(camp)_(blue_archive),7022436,45,43
momosuzu_nene_(1st_costume),4475037,37,43
deoxys_(normal),1004971,80,43
oberon_(refreshing_summer_prince)_(fate),6603796,24,43
mega_rayquaza,4855894,24,43
kiyoshimo_kai_ni_(kancolle),7276076,22,43
mishy,5397789,28,43
zundamon_(utau),5062617,27,43
irys_(casualrys)_(hololive),6802471,48,43
curren_chan_(sakutsuki_ma_cherie)_(umamusume),5580599,52,43
tearlaments_kitkallos,5808784,46,43
nishizono_chigusa_(1st_costume),4043179,53,43
gilles_de_rais_(caster)_(fate),1348675,64,43
ponto_nei_(1st_costume),6410440,31,43
kamishirasawa_keine_(hakutaku),2733262,100,43
specter_(undercurrent)_(arknights),5493477,53,43
meowstic,5648333,14,43
young_zelda,4116812,37,42
curren_chan_(casual)_(umamusume),4885921,30,42
25-ji_len,6295060,18,42
zacian_(crowned),3695653,47,42
mega_gallade,1820994,14,42
nanami:_pulse_(pgr),7721687,63,42
mechty_(girls'_frontline_2),9339766,39,42
tiki_(adult)_(fire_emblem),8644962,57,42
ralsei_(hat),3314793,28,42
isuzu_kai_ni_(kancolle),4134295,55,42
hatsune_miku_(lollipop),512223,61,42
seiun_sky_(soiree_de_chaton)_(umamusume),7317317,26,42
talulah_the_fighter_(arknights),4180820,89,42
meisho_doto_(dot-o'-lantern)_(umamusume),5704839,20,42
quattro_bajeena,3387196,216,42
more_more_jump!_miku,5553906,28,42
la+_darknesss_(casual),8290605,43,42
fallenshadow_(1st_costume),6053442,57,42
meloetta_(aria),5301401,15,42
artoria_caster_(first_ascension)_(fate),4044394,54,42
arcane_vi,8484728,35,42
ninomae_ina'nis_(party_dress),6155859,38,42
ereshkigal_(fgo_x_lawson_2018)_(fate),3347384,123,42
hanasaki_miyabi_(1st_costume),4635209,13,41
akuma_homura,8158469,239,41
leviathan_(skullgirls),5879381,32,41
yuzuki_roa_(1st_costume),3606020,30,41
cure_egret,8115461,18,41
crow_(persona_5),6315206,57,41
yahata_umiri_(moonlight_executioner),9925312,13,41
tatsugiri,6617132,14,41
eternal_sailor_moon,7449305,31,41
jigen_(cookie),3718513,45,41
hakos_baelz_(steel_rose),7899495,92,41
aerith_gainsborough_(white_floral_dress),6976555,23,41
final_form_frieza,8507083,40,41
centaureissi_(girls'_frontline_2),8920620,75,41
shirouzu_(gundam),9375585,11,41
floette,7295015,9,41
queen_(persona_5),5420588,60,41
law-chan,5770718,67,41
detective_pikachu_(character),3528274,51,40
hk416_(mod3)_(girls'_frontline),5060900,66,40
elysia_(peachy_spring)_(honkai_impact),6617821,27,40
marianne_von_edmund_(timeskip),5048874,32,40
angelina_(distinguished_visitor)_(arknights),7400381,74,40
tatsuta_kai_ni_(kancolle),3675476,75,40
mutsuki_(suit)_(blue_archive),7258812,45,40
hakase_fuyuki_(1st_costume),5913291,54,40
otomachi_una_(spicy),2924383,27,40
marie_(squid_sisters_outfit)_(splatoon),2162856,16,40
mogami_kai_ni_(kancolle),6734132,25,40
magical_mirai_miku_(2023),6716858,38,40
medic_(sekaiju),198166,18,40
son_gohan_(future),5092821,24,40
ibuki_(dress)_(blue_archive),7884186,44,40
morgana_(cat)_(persona_5),5580683,30,40
incredible_ecclesia_the_virtuous,5247921,29,40
a-chan_(2nd_costume)_(hololive),4520569,55,40
cure_melody,5955267,15,39
copano_rickey_(yin-yang_bagua_lucky_costume)_(umamusume),5686329,20,39
sakamata_chloe_(gyarumata),8742485,68,39
kirito_(sao-alo),2908354,26,39
necrozma,5976818,18,39
uzuki_kou_(4th_costume),6058264,54,39
t.m._opera_o_(o_sole_suo!)_(umamusume),5743566,25,39
susie_(dark_world)_(deltarune),3306065,38,39
cure_rhythm,8115461,18,39
lycanroc_(dusk),6933405,14,39
leonardo_da_vinci_(rider)_(first_ascension)_(fate),5389892,118,39
bushidou_(sekaiju),269462,28,39
roboco-san_(hoodie),6884332,55,39
lenna_(girls'_frontline_2),7325061,72,39
sparkle_(doll)_(honkai:_star_rail),7805820,109,39
lass_(pokemon),6079112,88,39
liv:_eclipse_(pgr),8390095,30,39
gunbreaker_(final_fantasy),4329248,27,39
girlycard,5588214,102,39
elizabeth_bathory_(second_ascension)_(fate),4213704,43,39
liv:_lux_(pgr),4554003,37,39
tartaglia_(delusion)_(genshin_impact),6676966,18,38
hatsune_miku_(append),8081957,93,38
nitocris_(swimsuit_assassin)_(fate),5649986,188,38
sasaki_haise,3166965,13,38
cheeta_(girls'_frontline_2),6487947,80,38
himekawa_yoshino_(spirit),3383267,36,38
cure_cosmo,5897116,24,38
inventory_curse_(jujutsu_kaisen),7348018,39,38
veronica_(princess_rising)_(fire_emblem),5520171,52,38
nagant_(girls'_frontline_2),8622738,45,38
saber_alter_(ver._shinjuku_1999),5829519,82,38
luna:_laurel_(pgr),5502416,49,38
white_mage_(fft),780319,43,38
fujimaru_ritsuka_(female)_(polar_chaldea_uniform),6070725,46,38
pipkin_pippa_(1st_costume),4627974,65,38
laevatein_(nanoha),193653,34,38
haru_urara_(casual)_(umamusume),9701601,66,38
yamato_(spring)_(kancolle),5611624,73,38
reu_(cookie),1898981,62,38
kfp_employee_(takanashi_kiara),7238198,38,38
sinon_(solus),4030056,68,38
yukoku_roberu_(1st_costume),4129432,16,38
female_byleth_(academy)_(fire_emblem),4749844,88,38
aventurine_(anan)_(honkai:_star_rail),7397653,12,38
cure_papaya,5089425,12,38
pero_(idolmaster_cinderella_girls),5830845,60,38
ganyu_(twilight_blossom)_(genshin_impact),7363212,67,38
kashima_(lawson)_(kancolle),2280087,178,38
kama_(teenager)_(fate),4970317,81,38
elysia_(sweet_memories)_(honkai_impact),8422348,35,38
xie_lian_(flower_crowned_martial_god),6124649,7,38
cure_twinkle,6675591,15,37
li_shuwen_(fate),3441920,39,37
lucia:_dawn_(pgr),7407651,33,37
fenomeno_(black_flames_of_the_righteous_spirit)_(umamusume),8915801,33,37
groza_(girls'_frontline_2),8579854,86,37
silence_the_paradigmatic_(arknights),7753861,34,37
millennium_science_school_student_(blue_archive),8703976,62,37
azki_(3rd_costume)_(hololive),5826570,37,37
zara_due_(kancolle),4640033,34,37
ankimo_(tokino_sora),3040950,91,37
sananana_(cookie),7481048,31,37
sylvain_jose_gautier_(timeskip),3645161,25,37
pioneer_(azki),6493008,71,37
debi_tarou,5395689,29,37
sakura_chiyono_o_(casual)_(umamusume),5403179,18,37
ocean_prince,6251958,11,37
captain_3_(splatoon),7468587,11,37
nitocris_(swimsuit_assassin)_(first_ascension)_(fate),5649986,188,37
lauren_iroas_(1st_costume),8007032,8,37
houshou_kumarine,8190324,32,37
miyako_(young)_(blue_archive),7815959,86,37
sydney_(male)_(degrees_of_lewdity),9111860,9,37
grim_reaper,5346433,85,36
non-human_admiral_(kancolle),1910739,22,36
arcane_caitlyn,5652402,58,36
magical_mirai_len,3516277,14,36
ceres_fauna_(goth),7360956,118,36
ange_katrina_(2nd_costume),3625521,27,36
fletcher_mk_ii_(kancolle),8696523,22,36
fused_zamasu,6213500,46,36
karin_(school_uniform)_(blue_archive),9386013,110,36
theresa_apocalypse_(lunar_vow:_crimson_love),6794255,84,36
baobhan_sith_(swimsuit_pretender)_(second_ascension)_(fate),6604619,77,36
selena:_capriccio_(pgr),5403449,50,36
astolfo_(sailor_paladin)_(fate),5520282,136,36
mihono_bourbon_(code:glassage)_(umamusume),5631787,21,36
gloom_(irys),7249451,54,36
nishino_flower_(tiered_petal)_(umamusume),5694378,20,36
bushidou_4_(sekaiju),269462,28,36
cure_macaron,7353690,18,36
oozora_subaru_(loungewear),8252679,32,36
tri_(zelda),8206502,96,36
bloom_(irys),7249451,54,36
salde_canarl_shellbrick_iii,6251958,11,36
utage_(disguise)_(arknights),5667523,93,36
domesticated_metal_crab_(arknights),4445604,43,36
ultraman_tiga,7782474,7,36
kagamine_len_(append),818500,21,36
achilles_(fearless_diver)_(fate),6860215,11,36
magearna,2271780,20,36
yuki_miku_(2016),2244708,74,35
shunga_youkyu,5530700,29,35
satono_diamond_(chevalier_bleu)_(umamusume),7156322,46,35
gouto,317661,21,35
nero_claudius_(bride)_(fate),3527441,122,35
wisps_(mint_fantome),8484521,43,35
cure_beat,960698,16,35
imperialdramon,6257708,16,35
mejiro_mcqueen_(end_of_the_skies)_(umamusume),4462409,30,35
vegetto_(xeno),5954171,13,35
necro_(guilty_gear),8240678,68,35
anby_demara_(silver_soldier),9094429,128,35
undine_(guilty_gear),8240678,68,35
saitou_hajime_(second_ascension)_(fate),4175626,17,35
smol_gura,6279630,57,35
saber_alter_(third_ascension),2438584,129,35
eiscue,4435765,6,35
millie_parfait_(1st_costume),6318933,37,35
hisui_(cookie),3087452,15,35
ibrahim_(1st_costume)_(nijisanji),3770440,11,35
mudrock_(elite_ii)_(arknights),5458717,116,35
fushimi_gaku_(1st_costume),3613684,5,35
epona,4172474,47,35
mejiro_dober_(vacation_safir)_(umamusume),5470840,28,35
the_yuudachi-like_creature,2433844,49,35
cure_bloom,8115499,15,35
springfield_(girls'_frontline_2),8642850,105,35
cure_ange,6518558,15,35
cure_macherie,6675630,15,35
chou-10cm-hou-chan_(suzutsuki's),4174652,58,35
sensei_(blue_archive_the_animation),7370431,58,34
p-head_producer,8495447,51,34
kamen_rider_kuuga_(ultimate_form),5198884,19,34
shigure_ui_(vtuber)_(summer_uniform),3443071,68,34
amakusa_shirou_(third_ascension)_(fate),2500317,23,34
otogibara_era_(1st_costume),3604633,28,34
kanae_(1st_costume)_(nijisanji),4591677,16,34
takanami_kai_ni_(kancolle),4565559,16,34
basculegion,5138570,9,34
kuma_kai_ni_(kancolle),4352213,24,34
crimson_lotus_moth_(genshin_impact),5508899,81,34
baobhan_sith_(swimsuit_pretender)_(first_ascension)_(fate),6635987,42,34
dogmatika_ecclesia_the_virtuous,4101525,58,34
constantine_xi_(third_ascension)_(fate),6324360,13,34
itzpapa_(genshin_impact),8651013,71,34
mona_(pact_of_stars_and_moon)_(genshin_impact),5632931,118,34
takamiya_rion_(1st_costume),4248339,78,34
dan_feng_(honkai:_star_rail),7327164,59,34
hu_wei_(zenless_zone_zero),9452417,69,34
hecatia_lapislazuli_(earth),6497812,26,34
gilles_de_rais_(saber)_(fate),3444890,50,34
astrologian_(final_fantasy),4157673,61,34
jungle_pocket_(champion's_battle_cry)_(umamusume),9253623,19,34
momoe_nagisa_(magical_girl),1699827,62,34
kiana_kaslana_(herrscher_of_the_void),3803591,110,34
t-head_trainer_(umamusume),9806538,55,34
cure_berry,1087939,21,34
hoshino_(swimsuit)_(blue_archive),6395070,45,34
lamia:_lost_lullaby_(pgr),7449243,33,34
seele_vollerei_(stygian_nymph),6287149,26,34
sena_(casual)_(blue_archive),8932166,89,34
dendro_slime_(genshin_impact),6383868,36,34
lion_king_(lancer)_(fate),4235556,111,34
urakaze_(yukata)_(kancolle),4844118,27,33
oda_nobunaga_(swimsuit_berserker)_(fate),3611853,63,33
audrey_burne,3417299,17,33
fuwawa_abyssgard_(1st_costume),6723853,102,33
kuramochi_meruto_(school_uniform),6848549,20,33
man_chai_(genshin_impact),7160818,15,33
taroumaru_(genshin_impact),5817474,74,33
mayano_top_gun_(casual)_(umamusume),7648505,38,33
primal_kyogre,8671616,15,33
archetype_earth_(third_ascension),7046774,52,33
gridman_(character),3287336,27,33
ouro_kronii_(new_year),5155258,100,33
mydei_(fig_stew)_(honkai:_star_rail),9090133,15,33
gawr_gura_(party_dress),6423235,56,33
teddy:_decryptor_(pgr),7067401,21,33
oda_nobunaga_(swimsuit_berserker)_(first_ascension)_(fate),3611853,63,33
gawr_gura_(new_year),5040159,50,33
daiwa_scarlet_(casual)_(umamusume),4568238,43,33
vera:_rozen_(pgr),5918022,41,33
yae_sakura_(goushinnso_memento),6254970,52,33
flower_(gynoid_talk),4191353,31,33
clukay_(neural_cloud),5706030,60,33
yamashiro_kai_ni_(kancolle),3251110,53,33
yuutenji_nyamu_(magician_of_passion),9925312,13,33
ch'en_the_holungday_(arknights),6459604,70,33
fujishima_megumi_(winter_loungewear),8754225,12,32
ae-3803,3262747,31,32
li_syaoran_(battle_costume),2743188,8,32
librarian_(project_moon),8811249,18,32
sailor_pluto,5403369,44,32
hinata_hajime_(awakened),2501021,10,32
vita_(lone_planetfarer)_(honkai_impact),8336752,50,32
bianca_(pgr),5567302,67,32
lucia:_pyroath_(pgr),8303549,23,32
okita_souji_(second_ascension)_(fate),6169292,65,32
mythra_(massive_melee)_(xenoblade),4401221,44,32
ars_almal_(1st_costume),3635484,38,32
purirun_(precure),9487275,11,32
luna:_oblivion_(pgr),8226509,41,32
tomoe_gozen_(second_ascension)_(fate),2890265,88,32
delta_(honkai_impact),6277037,46,32
hans_christian_andersen_(third_ascension)_(fate),3154767,39,32
traitor_magolor,1029596,13,32
taihou_kai_(kancolle),2641625,45,32
florence_nightingale_(third_ascension)_(fate),3015918,69,32
amiya_(guard)_(touch_the_stars)_(arknights),6466031,36,32
iono_(fall_2024)_(pokemon),8340669,31,32
waver_velvet_(zhuge_liang),3414618,12,32
yumkasaurus_(genshin_impact),8829591,35,32
pavolia_reine_(1st_costume),5002993,94,32
mejiro_palmer_(line_breakthrough)_(umamusume),5698941,14,32
machinist_(final_fantasy),3341857,41,32
cure_sword,2033246,14,32
brazilian_miku,8070451,66,32
elu_(1st_costume)_(nijisanji),3137949,23,32
nejima_kitsune_(shirakami_fubuki),7725836,44,32
pina_korata,3868088,103,32
cure_la_mer,6612791,21,32
model_z_(mega_man),4085993,23,31
shu_yamino_(1st_costume),5225503,17,31
yamato_takeru_(third_ascension)_(fate),7145535,30,31
zuikaku_kai_ni_(decisive_battle)_(kancolle),3028859,56,31
fuwa_minato_(1st_costume),4129518,23,31
ichinose_uruha_(4th_costume),5374515,37,31
un'you_(kancolle),6299645,46,31
metroid_(creature),354856,61,31
surtr's_golem_(arknights),4556350,74,31
cure_sunshine,7625974,25,31
lucia:_lotus_(pgr),6070437,32,31
psychic_miku_(project_voltage),7277675,25,31
murano_sayaka_(summer_loungewear),7477728,16,31
maruzensky_(formula_r)_(umamusume),8426494,50,31
annette_fantine_dominic_(timeskip),6292596,47,31
minior,7504952,20,31
mutsu_kai_ni_(kancolle),5685838,37,31
sophia_valentine_(1st_costume),6806189,34,31
bloody_wolf_(elden_ring),5208151,62,31
joker_(cookie),6891661,17,31
saber_lion,1388799,40,31
aizawa_ema_(1st_costume),4782945,86,31
basculegion_(male),5138570,9,31
ciel_phantomhive_(robin_dress),6966316,27,31
banzoin_hakka_(1st_costume),7902388,11,31
aventurine_(final_victor)_(honkai:_star_rail),7244966,15,31
ki-sikil_(yu-gi-oh!),5787488,38,31
minamoto_no_raikou_(first_ascension)_(fate),6098184,154,31
citlalin_(genshin_impact),8675375,88,31
kazuradrop_(first_ascension)_(fate),8003179,24,31
nisha_(elsword),3437780,42,31
kiyohime_(first_ascension)_(fate),2376255,47,31
okazaki_yasuha,3302096,12,31
lize_helesta_(3rd_costume),6528574,61,31
mega_banette,2021141,70,30
cu_chulainn_(casual_wear)_(fate),4937497,10,30
cyber_punked_wattson,5582346,18,30
beanstalk_(gift_uncompleted)_(arknights),4995218,46,30
mr._pizza_(girls'_frontline_2),8779644,55,30
samurai_(7th_dragon_series),686945,39,30
pictomancer_(final_fantasy),782836,26,30
fu_hua_(rustic_noir),3439789,79,30
indeedee,6815946,19,30
mash_kyrielight_(senpai_killer_outfit),3084210,108,30
peruere_(genshin_impact),7528348,51,30
abyssal_admiral_(kancolle),1596801,79,30
maya_kai_ni_(kancolle),2202593,41,30
ibaraki_douji_(first_ascension)_(fate),4634840,65,30
houshou_marine_(gothic_lolita),4192363,87,30
mejiro_mcqueen_(ripple_fairlady)_(umamusume),5577340,37,30
vermillion_akiha,6158434,51,30
saber_alter_(first_ascension),807431,94,30
sakenomi_(cookie),2579533,15,30
kingu_(fate),5959593,25,30
ms._marvel,2840286,50,30
magearna_(normal),2271780,20,30
pentomo_(petra_gurin),4645664,66,30
st_ar-15_(mod3)_(girls'_frontline),3370529,65,30
julia_(punk)_(idolmaster),8395749,13,30
saana-kun,4398752,19,30
chaos_space_marine,3562571,56,30
tanezaki_atsumi,7944534,61,30
hamakaze_(yukata)_(kancolle),2117693,80,30
durandal_(chevalier_fidele)_(umamusume),9506369,31,30
piro,4300638,55,30
inui_toko_(summer_casual),5355746,36,30
mandragora_(ange_katrina),6034686,26,30
reshiram_(overdrive),5681916,14,30
scathach_skadi_(fate),4037549,85,30
yakumo_ran_(fox),5316367,44,30
professor_niyaniya_(teacher)_(blue_archive),8804499,184,30
eagle_spirit_(touhou),7002469,26,29
shirogane_noel_(casual),6601026,59,29
waha,374968,45,29
medic_2_(sekaiju),198166,18,29
astolfo_(third_ascension)_(fate),3018298,70,29
cure_fontaine,5955271,12,29
nonowa,345406,24,29
bardiche_(device_form)_(nanoha),3398891,12,29
medusa_(lancer)_(fate),3678919,74,29
nero_alice,7336416,40,29
kokkoro_(real)_(princess_connect!),3468353,87,29
karna_(santa)_(fate),4251944,18,29
morgan_le_fay_(third_ascension)_(fate),7570517,67,29
originium_slug_(arknights),4871177,40,29
yakumo_yukari_(young),208568,91,29
sakine_meiko,779748,51,29
otomo_(cecilia_immergreen),8483707,56,29
meroron_(precure),9571932,15,29
hoshiguma_(ronin_huntress)_(arknights),6302011,85,29
tenzin_(arknights),8758489,28,29
inugami_korone_(roomwear),5339671,41,29
larva_tiamat_(first_ascension)_(fate),6308520,68,29
barbara_(summertime_sparkle)_(genshin_impact),5537934,91,29
destiny_(takt_op.),4875639,48,29
valkyrie_(fate),3194113,61,29
trailblazer_(trash_cake)_(honkai:_star_rail),7148391,165,29
izumo_no_okuni_(fate),4920496,78,29
sakura_miko_(old_design),3565082,21,29
red_pyro_(tf2),839951,88,29
blazing_cartesia_the_virtuous,5953889,45,29
shu_(bingwenyuyou)_(arknights),9463878,28,29
cool_mita_(miside),8676521,153,29
wolf_spirit_(touhou),7002468,31,29
phyllis_(little_witch_nobeta),6359979,42,29
zapfish,3536610,15,29
kachimachi_kosuzu_(summer_loungewear),8307618,12,29
model_x_(mega_man),92591,29,29
grigori_rasputin_(fate),5186985,35,29
sion_eltnam_atlasia,5797904,26,28
akuta_hinako,3339661,54,28
tomoe_gozen_(first_ascension)_(fate),3020146,128,28
kagamine_rin_(future_style),4252827,42,28
pero_(wuthering_waves),8765714,26,28
gun_fiend_(chainsaw_man),5526670,25,28
keqing_(opulent_splendor)_(genshin_impact),5836155,106,28
w_(act_ii)_(arknights),5270268,150,28
metroid_larva,354856,61,28
narita_brian_(maverick)_(umamusume),3139865,22,28
magallan_(elite_ii)_(arknights),3662502,40,28
kuro_(neural_cloud),6117976,50,28
robella_(girls'_frontline_2),9029534,31,28
big_yellow_cat_(omori),5452358,12,28
mordred_(formal_dress)_(fate),3616781,56,28
rotom_(normal),3127995,25,28
kiyohime_(third_ascension)_(fate),3397627,94,28
scarlet_witch,8817227,36,28
white_blood_cell_(hataraku_saibou),2338470,27,28
watson_amelia_(new_year),5132862,47,28
statue_of_the_seven,6475479,106,28
trotter_(honkai:_star_rail),8526762,52,28
deerling,9197423,4,28
theresa_apocalypse_(celestial_hymn),5399577,38,28
anemo_slime_(genshin_impact),4261144,50,28
magical_sapphire,7666164,80,28
pearl_(mc.princess)_(splatoon),3074138,80,28
callie_(alterna)_(splatoon),6141964,30,28
sora_(air),7291718,26,27
pomudachi_(pomu_rainpuff),4636157,32,27
tusk_(stand),6669031,26,27
florges,2311591,23,27
fubuchun,5457367,72,27
isokaze_(saury_festival)_(kancolle),3962410,78,27
uchicchii,5303075,39,27
bedivere_(third_ascension)_(fate),6844359,27,27
chou-10cm-hou-chan_(teruzuki's),2587151,39,27
bronya_zaychik_(herrscher_of_reason),5740167,28,27
abigail_williams_(santa)_(fate),8555036,46,27
zodiac_(sekaiju),662204,76,27
alcremie_(berry_sweet),5905243,17,27
guyrys,6141331,63,27
chomusuke,5390968,113,27
winged_kuriboh,4798724,17,27
sakurada_shiro_(original)_(hy_plus),4735868,28,27
mordred_(first_ascension)_(fate),3246417,95,27
kaerre,2798030,40,27
mega_lopunny,3808675,26,27
luna_(sailor_moon)_(human),5172297,18,27
saitou_hajime_(third_ascension)_(fate),4157237,11,27
jun'you_kai_ni_(kancolle),3054818,50,27
tuxedo_kamen,213061,34,27
minior_(core),7504952,20,27
gokotai's_tigers,1972476,9,27
arjuna_alter_(third_ascension)_(fate),4958720,18,27
setanta's_puppy_(fate),6537896,20,27
inukai_komugi_(dog),8187860,11,27
majin_vegeta,7305388,20,27
artoria_caster_(swimsuit_berserker)_(second_ascension)_(fate),6590129,63,27
mysterious_heroine_x_alter_(second_ascension)_(fate),5872681,47,27
kama_(assassin)_(first_ascension)_(fate),3473155,69,27
finana_ryugu_(2nd_costume),5095822,34,27
tsukumo_sana_(1st_costume),5503049,67,27
noel_(cookie),7289120,18,27
lady_noir,7776811,18,27
cacucu_(genshin_impact),9057433,15,27
shinx_(male),1176572,9,27
tsukino_mito_(jirai_kei),4457718,41,27
strange_klug,6455190,7,27
marie_antoinette_alter_(first_ascension)_(fate),7435261,37,27
web_(cookie),5665511,19,27
smol_mumei,6141331,63,27
thelema_nutriscu_(mad_pleasure:_shadowbringer),7455273,67,27
hennyano_(nachoneko),4976494,53,27
super_sailor_chibi_moon,1264922,23,26
arjuna_alter_(first_ascension)_(fate),6383788,22,26
cure_honey,6662169,12,26
tsukune_(takane_lui),6731265,83,26
sion_eltnam_sokaris,3442442,60,26
suzumiya_haruhi_(young),2779115,56,26
heartsteel_ezreal,6910801,12,26
37_(down_in_the_grotto)_(reverse:1999),8350732,12,26
gridman_(ssss),3287336,27,26
cure_sparkle,7058125,11,26
lillie_(anniversary_2021)_(pokemon),7301447,45,26
malenia_goddess_of_rot,5254905,45,26
pozyomka_(snowy_plains_in_words)_(arknights),6088545,47,26
super_sailor_saturn,5963591,21,26
tamamo_no_mae_(third_ascension)_(fate),5313480,89,26
coyopotato,5304923,13,26
god_nadeko,5968011,34,26
zero_two_(young)_(darling_in_the_franxx),3079657,80,26
p90_(the_girl_from_b.e.l)_(girls'_frontline),5084694,53,26
nidoran,5495538,10,26
pearto,9295613,29,26
floyd_leech_(eel),6469047,5,26
okinami_kai_ni_(kancolle),3829604,16,26
kako_kai_ni_(kancolle),2464904,25,26
amane_kanata_(another_world),6035518,45,26
girl_holding_a_cat_(kancolle),1586531,53,26
rosetta:_rigor_(pgr),5925965,62,26
shiranui_flare_(new_year),5964865,58,26
asuna_(stacia)_(sao),4257482,57,26
shiroko_(cycling)_(blue_archive),5790661,74,26
nian_(unfettered_freedom)_(arknights),5262082,64,26
orange_piccolo,5771756,22,26
haruna_(track)_(blue_archive),5803650,61,26
female_doctor_(arknights),5800520,100,26
jekyll_and_hyde_(fate),3090889,12,26
noroi_usagi,296288,35,26
spirit_blossom_kindred,5735589,48,26
ump45_(agent_lop_rabbit)_(girls'_frontline),3574580,63,26
bronya_zaychik_(outstanding_attitude),5231061,118,26
reines_el-melloi_archisorte_(second_ascension),6325031,66,26
tatsugiri_(curly),6617132,14,26
hatsuharu_kai_ni_(kancolle),2377063,54,25
shirogane_noel_(1st_costume),3754627,63,25
vivid_bad_squad_kaito,7344683,10,25
keropii,5283936,18,25
jinhsi_(peach_blossom)_(wuthering_waves),8883778,33,25
sherlock_holmes,3608553,65,25
jeanne_d'arc_(third_ascension)_(fate),3775377,51,25
z1_leberecht_maass_(oktoberfest)_(kancolle),2128207,36,25
aris_(winter)_(blue_archive),9291086,42,25
yatogami_tohka_(spirit),7289113,21,25
cheval_grand_(casual)_(umamusume),9168431,19,25
ace_trainer_(pokemon),5093110,72,25
gehrman_sparrow,5527900,14,25
mayano_top_gun_(rockin'_mewmeow)_(umamusume),9501152,27,25
taira_no_kagekiyo_(fate),7460358,75,25
astellar_of_the_white_forest,7436325,26,25
princess_(7th_dragon),719169,30,25
inugami_korone_(dog),5793631,33,25
majin_buu,7313756,25,25
kiss-shot_acerola-orion_heart-under-blade_(small),3663821,95,25
tsumire_(takane_lui),6731265,83,25
eiscue_(ice),4435765,6,25
teruyof,2564787,64,25
lancelot_(code_geass),552336,26,25
bronya_zaychik_(herrscher_of_truth),6200193,80,25
numby_(honkai:_star_rail),8526762,52,25
zentreya,5401860,45,25
bronya_zaychik_(wolf's_dawn),6254533,23,25
wonderlands_x_showtime_kaito,5363260,11,25
red_arcueid,5318756,97,25
tobi_(naruto),4963259,32,25
mutsuki_(dress)_(blue_archive),8879671,43,25
tololo_(girls'_frontline_2),8661480,56,25
yumeoi_kakeru_(1st_costume),3853407,4,25
admiral_suwabe,1804950,42,25
gallerian_marlon,4977934,14,25
mobius_(pre-surgery)_(honkai_impact),5317737,82,25
kronie_(ouro_kronii),6776995,78,25
okita_souji_alter_(fate),3321876,74,25
cheese-kun,3441768,32,24
deoxys_(attack),4464253,21,24
asashio_(azur_lane),3178000,44,24
kaleido_ruby,4399501,49,24
maguchi_(sakura_miko),7946460,42,24
primal_groudon,7748231,45,24
ibaraki_douji_(third_ascension)_(fate),5887520,22,24
princess_tutu_(character),3512729,20,24
luna-p,5176887,29,24
shamisen_(suzumiya_haruhi),4300638,55,24
margaretha_sorin,6155119,15,24
astolfo_(memories_at_trifas)_(fate),3242463,47,24
super_sailor_venus,6137860,33,24
ruby_rose_(mistral),2693458,100,24
ereshkigal_alter_(fate),6035449,90,24
admiral_graf_spee_(peaceful_daily_life)_(azur_lane),3452146,87,24
sv-98_(mod3)_(girls'_frontline),4312763,38,24
genpatsu_(cookie),1676444,30,24
butler_(zenless_zone_zero),8019675,58,24
hyper_blossom,6907730,100,24
upa_(steins;gate),1222405,52,24
monk_(final_fantasy),4775510,48,24
hatsune_miku_(natural),2931798,32,24
schwertkreuz_(standby_form),145508,28,24
kamen_rider_kuuga_(mighty_form),3349918,27,24
vera:_garnet_(pgr),5699948,47,24
koutei_(touhou),1006966,85,24
botan_(clannad),340310,33,24
pharaoh_(cat),573064,21,24
doll_(ib),1159803,51,24
kashima_(christmas)_(kancolle),4251790,44,24
veyle_(fell_successor)_(fire_emblem),7552358,27,24
toki_(bunny)_(blue_archive),8030910,68,24
hanae_(christmas)_(blue_archive),5931337,71,24
satono_diamond_(floral_star_prosperous_green)_(umamusume),7042845,16,24
ereshkigal_(second_ascension)_(fate),6103737,147,24
seele_vollerei_(azure_memories),4669061,54,24
raiden_mei_(apho),7714100,57,24
sawsbuck,1347913,4,24
hoopa,5400361,8,24
kumacy,1163898,34,24
binah_(blue_archive),8797871,64,24
cosplay_pikachu,4067256,14,24
zuikaku_(valentine)_(kancolle),3401067,41,24
arama_(genshin_impact),5795302,57,24
mii_brawler,3624290,12,24
meowstic_(male),5648333,14,24
blade_(sesame_cake)_(honkai:_star_rail),7447966,42,24
ookami_mio_(another_ookami_mio),7812060,44,23
miniature_ranni,5216393,111,23
nekoyashiki_yuki_(cat),8593525,10,23
mega_altaria,6699639,22,23
magical_mirai_rin,4250676,18,23
shaymin_(sky),5472120,22,23
super_sailor_mars,5452268,30,23
mystia_lorelei_(bird),1119937,73,23
sphinx_(toaru_majutsu_no_index),1832222,50,23
blue_poison_(shoal_beat)_(arknights),4551363,49,23
hyper_roll_(marvel_vs._capcom),8087308,14,23
ashiya_douman_(third_ascension)_(fate),7883950,12,23
marie_antoinette_(third_ascension)_(fate),3184094,40,23
muji-muji_daruma_(genshin_impact),6646220,30,23
amulet_heart,4422735,90,23
dark_haruka,338619,32,23
seele_vollerei_(starchasm_nyx),4491129,69,23
marnie_(champion)_(pokemon),6693426,50,23
theresa_apocalypse_(schicksal's_imperative),7932446,35,23
blubberbeast_(genshin_impact),6915391,50,23
mega_charizard_y,6017642,23,23
ibaraki_douji_(second_ascension)_(fate),3590580,63,23
cure_etoile,7545787,14,23
sazanami_(christmas)_(kancolle),3725855,18,23
kemomimi-chan_(fish)_(naga_u),3302806,15,23
femto_(berserk),5255609,38,23
hydro_slime_(genshin_impact),4355238,89,23
meiko_(vocaloid3),1838949,21,23
snow_white_(innocent_days)_(nikke),7494123,72,23
fumino_tamaki_(1st_costume),3116703,51,23
akikawa_yayoi's_cat,9677052,59,23
doctor_magus,731698,17,23
mini_nobu_(fate),5649986,188,23
cure_scarlet,7689282,14,23
momomeno_(7th_dragon),719169,30,23
toyama_daifuku,9035901,9,23
mr._c.b._(clear_bliss)_(umamusume),5503841,17,23
griseo_(cosmic_expression),6776695,34,23
kishibe_(young)_(chainsaw_man),4855025,19,23
oracle_(persona_5),5081558,38,23
matsurisu,5850456,33,22
elzette_of_the_white_forest,7506616,20,22
vf-1j,4990489,13,22
noelle_(kfc)_(genshin_impact),4391717,91,22
futo-inu,4488287,47,22
li_shuwen_(old)_(fate),3441920,39,22
cu_chulainn_(fate/prototype),4256871,17,22
yuuki_chihiro_(1st_costume),9297596,16,22
akebono_kai_(kancolle),3275461,44,22
mist_(radiant_dawn)_(fire_emblem),2832211,27,22
kawasumi_ayako,5048413,49,22
mash_kyrielight_(fgo_x_lawson_2017),3329532,47,22
thundurus,8848561,7,22
cure_soleil,7124639,13,22
utaha_(cheer_squad)_(blue_archive),9198419,33,22
arthur_pendragon_(white_rose)_(fate),3307903,92,22
mini_durin_(dragon)_(genshin_impact),7950653,36,22
poke_kid_(pokemon),5196115,50,22
rilliona_(yu-gi-oh!),3424250,44,22
transformed_ditto,9979009,12,22
urshifu,5062260,16,22
zamazenta,3695653,47,22
murasaki_shikibu_(first_ascension)_(fate),3407591,53,22
flying_miku_(project_voltage),6696725,23,22
pride_(fma),882204,41,22
lee:_hyperreal_(pgr),5982940,13,22
godzilla_(monsterverse),3844620,45,22
yugiri_tsuzuri_(summer_loungewear),8253392,17,22
evil_eye_(dandadan),8345304,26,22
koshimizu_toru_(1st_costume),5996102,20,22
medusa_(saber)_(fate),6574574,64,22
biwa_hayahide_(pf._winning_equation...)_(umamusume),3076183,36,22
super_sailor_jupiter,5452269,31,22
sabrina_(girls'_frontline_2),7597918,80,22
pina_(blue_archive),7265407,67,22
red_crown_(cult_of_the_lamb),5580780,44,22
van_gogh_(third_ascension)_(fate),6262171,41,22
mori_nagayoshi_(second_ascension)_(fate),3575945,23,22
inubashiri_momiji_(wolf),595901,58,22
ganmo_(takane_lui),5280364,47,22
queen_draco_(first_ascension)_(fate),6287373,70,22
gravel_(modeling_night)_(arknights),7614384,88,22
santa_alter,6929393,47,22
firelight_ekko,5558885,12,22
godzilla_(shin),3437007,58,22
mii_gunner,3624480,23,22
lize_helesta_(2nd_costume),3838854,37,21
d.o.c._health_drone,4553171,12,21
hakos_baelz_(new_year),5855714,47,21
magus_(zenless_zone_zero),9434922,79,21
nitocris_alter_(fate),5994242,88,21
hibiki_(cheer_squad)_(blue_archive),6785063,50,21
heavy_(tf2),433865,106,21
snowball_(overwatch),2402514,35,21
machina_x_flayon_(1st_costume),5955968,15,21
tifa_lockhart_(midgard_seventh_high_school),9079704,24,21
male_doctor_(arknights),4942489,38,21
lucina_(valentine)_(fire_emblem),5109153,54,21
annoying_dog,5767448,44,21
arthur_pendragon_alter_(fate),2670832,32,21
meowstic_(female),6836094,12,21
gastrodon,3256563,15,21
akane_(school_uniform)_(blue_archive),5594981,63,21
koyuki_(bunny)_(blue_archive),8851770,39,21
li_yuting_(mouse),8338501,4,21
ruin_guard_(genshin_impact),5729829,24,21
dragoon_(selen_tatsuki),4948366,45,21
maru_(cookie),5822174,20,21
marth_(fire_emblem_awakening),2468694,33,21
anyoji_hime_(summer_loungewear),7586663,12,21
magical_mirai_kaito,3516277,14,21
lass_(pokemon_swsh),6079112,88,21
artoria_caster_(final_ascension)_(fate),4580874,84,21
cure_flamingo,8296223,12,21
rita_rossweisse_(fallen_rosemary),6107263,36,21
chikuma_kai_ni_(kancolle),4282273,22,21
commander_shepard,1530377,45,21
miichiru_(pripara),3341489,4,21
indeedee_(female),6815946,19,21
choukai_kai_ni_(kancolle),2272036,31,21
hinoshita_kaho_(summer_loungewear),7548822,6,21
klarwind,126555,17,21
souchou,4889302,67,21
terapagos,7911605,14,21
lilith_(statue)_(machikado_mazoku),3597524,41,21
millennium_science_school_student_a_(blue_archive),8703976,62,21
abigail_williams_(third_ascension)_(fate),3482216,40,21
mega_gengar,1686411,21,21
morgan_le_fay_(first_ascension)_(fate),5683875,44,21
mega_mewtwo_y,6935450,17,21
tatl,1929174,20,21
yuunagi_tsubasa_(bird),7105310,8,21
usada_pekora_(prisoner),5006537,31,21
elizabeth_bathory_(third_ascension)_(fate),5501319,24,21
zekrom_(overdrive),6697084,20,21
nadeko_(cookie),5807374,32,21
bitey_(arknights),7234638,35,21
fujimaru_ritsuka_(female)_(mage's_association_uniform),5460445,28,21
hoshikawa_sara_(1st_costume),6752091,34,21
witchcrafter_madame_verre,3424250,44,21
cure_kiss,9571932,15,21
kaga_(lawson)_(kancolle),2557990,99,21
fate_testarossa_(sonic_form),192540,23,21
pecorine_(new_year)_(princess_connect!),5055011,76,20
shirou_(bear)_(fate),3669563,70,20
harusaki_nodoka_(1st_costume),5339673,61,20
nishizumi_family_dog,3100004,20,20
zygarde_(50%),7463359,13,20
gilgamesh_(establishment)_(fate),4660846,44,20
mila_(miside),8657345,94,20
swordsman_(sekaiju_4),1129600,25,20
kishinami_hakuno_(female)_(mooncancer),8178900,57,20
dedue_molinaro_(timeskip),3625550,9,20
yaeno_muteki_(attack_of_the_four_white_meteors)_(umamusume),5719691,23,20
paracelsus_(guilty_gear),7388652,54,20
yashiro_kizuku_(1st_costume),4707175,35,20
tusk_act1,6669031,26,20
winda_(yu-gi-oh!),4864785,30,20
male_byleth_(enlightened_one)_(fire_emblem),5865884,32,20
cure_earth,4084391,16,20
fusou_kai_ni_(kancolle),5489271,17,20
hirano_aya,5964975,38,20
repede_(tales),1583350,22,20
cu_chulainn_(aloha_shirt)_(fate),45468,11,20
the_doctor_(doctor_who),645431,44,20
demoman_(tf2),997689,60,20
haruka_(dress)_(blue_archive),7309236,50,20
commander_shepard_(female),1530377,45,20
an-94_(antje)_(girls'_frontline),4901536,73,20
cu_chulainn_alter_(third_ascension)_(fate),3324256,21,20
barghest_(first_ascension)_(fate),5148491,145,20
pina_(guide)_(blue_archive),7265407,67,20
master_artoria,1161284,282,20
lens_(arknights),4021215,36,20
doctor_magus_4,731698,17,20
furfrou_(natural),3785961,7,20
guardian_(zelda),2622196,38,20
miyamoto_musashi_(third_ascension)_(fate),6662501,60,20
kibutsuji_muzan_(female),3911908,82,20
spamton_g._spamton_(big_shot),9697753,10,20
rabirin_(precure),4322984,14,20
fox_(persona_5),3841633,23,19
archer_(summer_casual)_(fate),4663943,9,19
rosa_(masterpiece)_(arknights),5313726,44,19
wubbaboo_(honkai:_star_rail),6624448,52,19
belle_(delicate_sunlight)_(zenless_zone_zero),9426420,82,19
lunch_(dragon_ball),6803923,35,19
irys_(maid)_(hololive),9663022,45,19
fletcher_kai_(kancolle),9711655,18,19
leaf_(sygna_suit)_(pokemon),6201965,32,19
mysterious_heroine_xx_(fate),3222983,60,19
mii_swordfighter,3317507,8,19
sakura_(gentle_nekomata)_(fire_emblem),3078815,33,19
ryuuhou_kai_(kancolle),1955255,23,19
ferdinand_von_aegir_(timeskip),5426434,16,19
linhardt_von_hevring_(timeskip),7611366,10,19
tokino_sora_(old_design),3040950,91,19
minami_kotori_(bird),3251877,50,19
ingrid_brandl_galatea_(timeskip),7047659,46,19
minato_aqua_(8th_costume),7917281,32,19
gold_ship_(racehorse),9581182,75,19
k/da_all_out_evelynn,6940864,41,19
vikala_(event)_(granblue_fantasy),3880981,38,19
kawajiri_kosaku,8947450,9,19
minami_mirei_(normal),4569586,7,19
eria_(yu-gi-oh!),5177018,33,19
misaka_imouto_10032's_cat,5991270,28,19
castform,612880,107,19
bardiche_(standby_form)_(nanoha),822248,31,19
kawakami_tomoko,933081,19,19
rimuru_tempest_(slime),5843266,49,19
tosen_jordan_(pop_joker)_(umamusume),5443373,18,19
jeanne_d'arc_alter_(avenger)_(third_ascension)_(fate),5403408,62,19
archetto_(publicity_strategy)_(arknights),5418289,26,19
yorumi_rena_(1st_costume),3668054,25,19
nekomusume_(gegege_no_kitarou_5),132414,33,19
artoria_pendragon_(lancer_alter)_(fate),5959808,93,19
sapling_(ceres_fauna),7360956,118,19
cindy_moon,5835711,109,19
midna_(true),6090274,75,19
gigantamax_charizard,5174999,9,19
vivid_bad_squad_len,5122988,9,19
rydia_(young)_(ff4),891445,38,19
komori_met_(5th_costume),9130752,7,19
palanquin_d.va,2611074,41,19
theresa_apocalypse_(sakuno_rondo),4683441,18,19
phainon_(a_dream_scented_in_wheat)_(honkai:_star_rail),9544660,12,19
henry_jekyll_(fate),3090889,12,19
aerith_gainsborough_(red_dress),6948242,22,19
oricorio_(sensu),2917646,13,18
elira_pendora_(2nd_costume),5755434,24,18
ryoumen_sukuna_(true_form)_(jujutsu_kaisen),7225134,34,18
mega_blaziken,4764256,6,18
red_medic_(tf2),5156844,45,18
li_sushang_(jade_knight),5916731,27,18
sendai_hakurei_no_miko_(m.u.g.e.n),5167969,61,18
cure_fortune,2450709,14,18
ptolemy_(fate),6829481,20,18
kukulkan_(first_ascension)_(fate),5977876,72,18
cure_zukyuun,9487275,11,18
mercedes_von_martritz_(timeskip),3778698,51,18
phyllis_(cat)_(little_witch_nobeta),4105194,38,18
paladin_(sekaiju),337557,18,18
wishiwashi_(solo),2462102,17,18
emiya_kiritsugu_(assassin),5617913,36,18
alcremie_(love_sweet),8069298,17,18
cure_ace,1478162,13,18
alcremie_(ruby_swirl),8069298,17,18
mii_gunner_(smash_ultimate),3624480,23,18
mecha-fiora,4205025,25,18
violet_(persona_5),6431114,43,18
fuji_kiseki_(shooting_star_revue)_(umamusume),3076092,31,18
fujimaru_ritsuka_(female)_(halloween_royalty),4991700,54,18
alpha:_crimson_weave_(pgr),6237839,56,18
tristan_(third_ascension)_(fate),6305731,33,18
marie_antoinette_(swimsuit_caster)_(second_ascension)_(fate),4467777,38,18
elizabeth_bathory_(fate/extra),2801409,31,18
curse_maker,1089645,21,18
alcremie_(salted_cream),5905243,17,18
yuni_(real)_(princess_connect!),4874511,35,18
yunaka_(spirited_envoy)_(fire_emblem),7021935,24,18
melusine_(first_ascension)_(fate),7475728,94,18
vivid_bad_squad_meiko,5404802,22,18
oricorio_(pom-pom),4610323,5,18
great_saiyaman,872783,23,18
project_bunny,6195785,36,18
dancer_(final_fantasy),551624,32,18
phainon_(vigethos)_(honkai:_star_rail),9577535,9,18
kintsuba_(shiranui_flare),4237564,45,18
saigyouji_yuyuko_(living),501243,87,18
teepo_(tales),1007199,18,18
lilith_(second_ascension)_(fate),9357684,36,18
dimitri_alexandre_blaiddyd_(young),9458198,21,18
zamazenta_(crowned),3695653,47,18
cloud_strife_(bahamut_garb),8122219,2,18
rindou_mikoto_(1st_costume),3901999,57,17
smithee_a._haysaca,3892157,114,17
black_hanekawa,3554373,78,17
thousand_sunny,6343304,18,17
shirayuki_tomoe_(1st_costume),4661610,63,17
viktor_(arcane),8498395,28,17
hubert_von_vestra_(timeskip),3707979,13,17
raiden_shogun_(2nd_anniversary),5721449,70,17
yukikaze_(swimsuit)_(kancolle),3574777,27,17
asaboo_(zenless_zone_zero),9385046,7,17
tepetlisaurus_(genshin_impact),8620311,25,17
kirisawa_juuzou_(character),4260031,17,17
justaway,5783944,18,17
kaburamaru,3724553,45,17
lilith_(first_ascension)_(fate),9325140,36,17
morpho_knight_(butterfly),4415635,16,17
gyokuken,6505956,18,17
banica_conchita,3064417,18,17
evil_twin_ki-sikil,5787488,38,17
manaka_non_(normal),3473533,14,17
red_sniper_(tf2),2421310,57,17
morgan_le_fay_(second_ascension)_(fate),7591341,44,17
shameimaru_aya_(crow),2733262,100,17
mib_mamizou,2009753,87,17
hina_(swimsuit)_(blue_archive),9255706,35,17
matou_sakura_(fate/zero),3815128,32,17
kerykeion_(nanoha),126555,17,17
red_scout_(tf2),1274633,68,17
revolver_knuckle,149730,9,17
ayla_(pgr),5403498,46,17
blue_poison_(elite_ii)_(arknights),3564035,39,17
illyasviel_von_einzbern_(dress_of_heaven),637323,61,17
raiden_shogun_(magatsu_mitake_narukami_no_mikoto),5116229,176,17
susannah_manatt_(valkyrie_quicksand),5816715,47,17
aru_(dress)_(blue_archive),8570834,73,17
mine_(idol)_(blue_archive),8319149,46,17
kojo_anna_(1st_costume),5017745,16,17
amillion_(zenless_zone_zero),7863306,67,17
kiana_kaslana_(void_drifter),5404191,43,17
callie_(agent_1_casual)_(splatoon),6375978,19,17
bard_(final_fantasy),7461469,21,17
shirogane_noel_(school_uniform),5842666,82,17
amber_(100%_outrider)_(genshin_impact),5856449,76,17
doruji,2915918,13,17
hooman_(nanashi_mumei),9219598,57,17
jack_the_ripper_(first_ascension)_(fate),2936701,57,16
south_dakota_kai_(kancolle),5194374,34,16
serena_(palentine's_2021)_(pokemon),5132097,48,16
kallen_kaslana_(sixth_serenade),5456216,51,16
fujimaru_ritsuka_(male)_(polar_chaldea_uniform),4098206,64,16
may_(spring_2021)_(pokemon),5715948,17,16
black_cat_d.va,2991876,85,16
fate_testarossa_(true_sonic_form),4595245,14,16
kugimiya_rie,8907096,22,16
ouroboros_(granblue_fantasy),3699145,23,16
haruno_shiobana,1681219,6,16
hong_meiling_(panda),812164,173,16
takanashi_kiara_(casual),6353942,49,16
red_soldier_(tf2),987093,61,16
yae_sakura_(flame_sakitama),3438160,33,16
takkun_(flcl),6512252,55,16
hoshino_(flowery_charms)_(blue_archive),7613704,43,16
ebi_frion_(natsuiro_matsuri),6403053,28,16
sunset_shimmer,2339181,113,16
wu_zetian_(first_ascension)_(fate),7591347,24,16
hasumi_(track)_(blue_archive),6006036,60,16
millennium_science_school_student_b_(blue_archive),8750412,50,16
floette_(red_flower),3908891,5,16
kagamine_rin_(vocaloid4),7265959,19,16
cure_echo,1380539,7,16
dark_konoha,6051013,8,16
magical_mirai_meiko,5230309,27,16
meruru_(oreimo),4711292,63,16
seia_(swimsuit)_(blue_archive),9655329,26,16
oboro_kai_(kancolle),2421509,35,16
eternatus,4928514,22,16
green_lantern,668570,54,16
shinigami_(ghost)_(rain_code),6644632,21,16
tsukikawa_chili_(normal),7311729,6,16
atago_(school_traumerei)_(azur_lane),5320797,176,16
f.l.u.d.d.,5326280,24,16
amiya_(young)_(arknights),7961036,28,16
cynthia_(sygna_suit)_(renegade)_(pokemon),5004048,40,16
anyoji_hime_(winter_loungewear),8156708,5,16
durandal_(reign_solaris)_(honkai_impact),8736388,30,16
okita_souji_alter_(second_ascension)_(fate),3321876,74,16
ump9_(shiba_investigator)_(girls'_frontline),3559977,50,16
flan-maman_(goma),3848885,54,16
shenhe_(frostflower_dew)_(genshin_impact),7231561,101,16
kon_(bleach),930967,92,15
hilichurl_(genshin_impact),4871277,30,15
nekomata_okayu_(oversized_shirt),4871065,56,15
u-1146,6312424,17,15
neo_queen_serenity,7449305,31,15
tokoyami_towa_(cyberpunk),8616964,26,15
saber_lily_(third_ascension),5765075,57,15
hilda_valentine_goneril_(timeskip),3821769,27,15
medea_lily_(fate),3438607,153,15
kiana_kaslana_(ba-dum!_fiery_wishing_star),8846556,32,15
yuki-chan,144475,12,15
rydia_(adult)_(ff4),1941789,9,15
arcueid_brunestud_(mooncancer),5619024,66,15
meto_(cat),5324056,20,15
small_kyubey,4165909,26,15
mococo_abyssgard_(new_year),7137824,30,15
reimu_endou_(1st_costume),6560458,17,15
paladin_2_(sekaiju),337557,18,15
higuchi_kaede_(3rd_costume),3610169,35,15
ex_albio_(1st_costume),3516444,11,15
hippogriff_(fate),7947122,57,15
dawn_(palentine's_2021)_(pokemon),7223666,24,15
hecatia_lapislazuli_(moon),5452315,25,15
marie_(alterna)_(splatoon),7263621,15,15
securityboo_(zenless_zone_zero),8167242,121,15
hug-tan_(precure),3439080,7,15
ararycan_(genshin_impact),8390553,18,15
conte_di_cavour_nuovo_(kancolle),5335050,33,15
sovereign_(sekaiju),791155,68,15
li_shuwen_(young)_(fate),3431305,14,15
kitakami_kai_(kancolle),5954952,18,15
hans_christian_andersen_(adult)_(fate),4429450,12,15
usagi_(chiikawa),9122329,30,15
furen_e_lustario_(1st_costume),6397276,46,15
red_engineer_(tf2),706115,39,15
goat_(dungeon_meshi),7463507,21,15
red_(sygna_suit)_(pokemon),4480526,8,15
lava_the_purgatory_(arknights),4676715,39,15
mew_mint,5489762,25,15
purah_(young),2655931,79,15
ak-12_(lucia)_(girls'_frontline),6765523,53,15
ryuushen_(3rd_costume),5648537,18,15
ooyodo_kai_(kancolle),5075254,53,15
shishou_(cookie),8741269,8,15
zuihou_kai_(kancolle),2110308,23,15
ro635_(mod3)_(girls'_frontline),4156250,92,15
sunset_shimmer_(human),2339181,113,15
mash_kyrielight_(ortenaus),6987925,45,15
miyaboo_(zenless_zone_zero),9126284,81,15
yamagami_karuta_(1st_costume),5374733,24,15
schwarz_(skyline)_(arknights),5527982,55,15
archer_(third_ascension)_(fate),2789886,34,15
kazama_iroha_(street),8460510,56,15
gir_(invader_zim),564205,80,14
saniwa_(touken_ranbu),3674043,25,14
tamamo_cat_(first_ascension)_(fate),3107216,58,14
negev_(little_drifter)_(girls'_frontline),4297580,70,14
flabebe,7471149,8,14
star_guardian_soraka,6002033,25,14
xiao_dianshi,3764635,30,14
star_guardian_lux,3562705,55,14
pinkie_pie_(equestria_girls),5490014,16,14
ash-greninja,6167228,74,14
jeanne_d'arc_(girl_from_orleans)_(fate),6725906,114,14
nosh_(fate),6713692,32,14
houshou_marine_(roomwear),8475820,32,14
mayano_top_gun_(sunlight_bouquet)_(umamusume),4629395,22,14
sophia_(pgr),6765501,22,14
orca_(kemono_friends),6658916,13,14
euryale_(third_ascension)_(fate),2626986,66,14
mori_calliope_(new_year),5051755,63,14
ikurakun_(7th_dragon),858003,8,14
kaga_(white_fox's_new_year)_(azur_lane),3488128,85,14
omni-man,4510430,63,14
fuyuan_(honkai:_star_rail),7881474,67,14
peke_(to_love-ru),9263200,26,14
tifa_lockhart_(fairy_of_the_holy_flame),7015116,56,14
rolling_bubbles,6907730,100,14
diting_(honkai:_star_rail),6897612,46,14
milk_(cookie),7600618,8,14
flour_(cookie),5898443,20,14
pyroar,9976222,3,14
ib_(yu-gi-oh!),6259734,19,14
watson_amelia_(party_dress),4976050,65,14
mysterious_heroine_x_alter_(third_ascension)_(fate),3116442,92,14
heartsteel_kayn,6812727,9,14
clockie_(honkai:_star_rail),7193424,53,14
osawa_rurino_(winter_loungewear),7754105,6,14
wynn_(yu-gi-oh!),6993984,17,14
puni_(atelier),4023411,46,14
nina_(thief)_(fire_emblem),5572566,24,14
rurudo_lion_(1st_costume),5957775,51,14
magical_mirai_luka,4625139,33,14
eria_the_water_charmer,5177018,33,14
el_shaddoll_winda,4864785,30,14
princess_peach_(touring),9521829,70,14
arlecchino_(cinder_of_two_worlds'_flames)_(genshin_impact),7612816,47,14
oozora_subaru_(starlight),6058218,25,14
atago_(hallmarks_of_winter)_(azur_lane),2992561,86,14
powered_ciel,3604497,47,14
asatsuki_(cookie),1898981,62,14
mihono_bourbon_(mb-19890425)_(umamusume),7574509,23,14
mage_(7th_dragon),858003,8,14
mari_(genjitsu_no_yohane),5398380,25,14
flametail_(sport_for_all)_(arknights),5432040,58,14
blue_angel_(yu-gi-oh!),5706726,48,14
mejiro_ardan_(clinochlore_line)_(umamusume),9313248,16,14
blu_pyro_(tf2),1508617,22,14
nodoka_(hot_spring)_(blue_archive),6766644,37,14
unown_a,5622279,49,14
ooi_kai_(kancolle),6033337,18,14
yatagarasu_(tsukumo_sana),4727301,75,14
kind_mita_(miside),8596840,102,14
fandead_(uruha_rushia),5594214,33,14
vex_shadow_(league_of_legends),6477301,18,14
tsunomaki_watame_(loungewear),5381031,38,14
morpeko_(hangry),6047142,81,14
mofurun_(mahou_girls_precure!),7166418,9,14
atalanta_alter_(fate),3550867,73,14
avant_garde_(blue_archive),6281863,90,14
yoohee_(girls'_frontline_2),9456714,26,14
live_twin_ki-sikil,6060325,33,14
aerosmith_(stand),3345594,8,13
gilgamesh_(casual_wear)_(fate/zero),8544566,40,13
titania_(sao),1308946,49,13
tornadus,6341996,43,13
sex_pistols_(stand),4675313,7,13
kiki_(little_twin_stars),7678294,16,13
hyde_(fate),3090889,12,13
ironmouse_(1st_costume),5145052,75,13
ashiya_douman_(second_ascension)_(fate),6401060,10,13
k/da_evelynn,3313941,57,13
aver_(yumenokessho),9093576,18,13
selen_tatsuki_(military),5633567,35,13
ushi_gozen_(avenger)_(fate),7106639,34,13
henya_the_genius_(1st_costume),6301471,67,13
rashinban_musume,2608035,14,13
laffey_ii_(azur_lane),7031071,39,13
miyu_(swimsuit)_(blue_archive),6407879,50,13
surume_(splatoon),4951403,20,13
ranger_(sekaiju),3320664,5,13
amane_suzuha_(beta),960048,55,13
landorus,1297445,5,13
space_ishtar_(third_ascension)_(fate),3680259,60,13
cu_chulainn_(third_ascension)_(fate),5192405,13,13
arcane_jayce,8657357,7,13
hawkeye_(marvel),6076774,43,13
nato-kun,7870328,25,13
ortlinde_(fate),3194113,61,13
nidoran_(female),5477681,6,13
katsuragi_kai_(kancolle),2038595,25,13
hagane_miku,349910,110,13
frillish,5472372,8,13
lala_(little_twin_stars),7678294,16,13
aether_sage_(elsword),6148499,29,13
cool_(gundam_suisei_no_majo),6345001,38,13
rumia_(darkness),5618533,40,13
todoroki_hajime_(regloss_uniform),8667839,51,13
maria_(umineko),6018042,17,13
uboa,5552583,26,13
puui_(grandia),1207940,8,13
kiryu_coco_(dragon),4610834,33,13
noelle_rutherford,8589828,39,13
mordred_(memories_at_trifas)_(fate),3710010,122,13
eishin_flash_(meisterschaft)_(umamusume),5857382,49,13
elizabeth_bathory_(halloween_caster)_(fate),6830605,30,13
ryugasaki_rene_(3rd_costume),5652648,13,13
lisa_(a_sobriquet_under_shade)_(genshin_impact),5959620,89,13
guren_(code_geass),2165470,22,13
komano_aunn_(komainu),8851519,23,13
saori_(swimsuit)_(blue_archive),7938172,32,13
twilight_sparkle_(human),2305590,31,13
jean_(sea_breeze_dandelion)_(genshin_impact),6823254,73,13
mamahaha,5576440,35,13
florence_nightingale_(santa)_(fate),3702427,81,13
cloud_strife_(blue_dress),5946764,14,13
curly_(mouthwashing),8623038,29,13
usaslug_(tsukumo_sana),4757022,51,13
ak-15_(erwin)_(girls'_frontline),6634814,51,13
nira-chan_(obenkyou_shitoiteyo)_(zutomayo),4324102,40,13
himari_(winter)_(blue_archive),8546334,83,13
topper_(nu_carnival),5608772,13,13
ozymandias_(third_ascension)_(fate),8448944,12,13
jade_leech_(eel),4387505,3,13
fujimaru_ritsuka_(male)_(decisive_battle_chaldea_uniform),6040696,33,13
vivillon_(meadow),7091018,13,13
nidoran_(male),5495538,10,13
gastrodon_(east),3256563,15,12
taketatsu_ayana,6890711,32,12
pleiadean,2042521,16,12
phantas-moon,8768350,27,12
professor_nemo_(fate),3859104,34,12
small_lady_serenity,7449305,31,12
1st_form_frieza,1257090,31,12
kanemoto_hisako,3523596,22,12
zentreya_(dragon),7118091,38,12
galaktika,1616290,13,12
ragnarok_(soul_eater),6260721,50,12
stelle_(world_tour_2023)_(honkai:_star_rail),6387348,88,12
florence_(girls'_frontline_2),9343184,32,12
unown_s,5622279,49,12
cloud_strife_(maritime_sailor),6953747,8,12
gareth_(first_ascension)_(fate),3595959,78,12
barghest_(swimsuit_archer)_(second_ascension)_(fate),6595503,73,12
s:p_little_knight,7667455,27,12
temari_(nekomata_okayu),4242852,98,12
kaniko_(tsukumo_sana),5512822,41,12
sleep_kirby,5438231,11,12
cross_mirage,393019,18,12
enemy_naval_mine_(kancolle),3980239,21,12
demon_pillar_(fate),3404912,64,12
skadi_(waverider)_(arknights),4759214,33,12
nuts_(yes!_precure_5),7119812,5,12
shiranui_flare_(old_design),4102054,38,12
yuubari_(anime)_(kancolle),5091221,53,12
kotomine_kirei_(fate/zero),5117288,24,12
nikketa_(girls'_frontline_2),9202884,37,12
toxtricity_(low_key),7131995,6,12
homei_(honkai_impact),5966202,19,12
skull_(persona_5),2691442,33,12
red_heavy_(tf2),433865,106,12
gentildonna_(regina_dei_fiori)_(umamusume),9834446,52,12
tatsugiri_(droopy),7105082,8,12
fluttershy_(equestria_girls),8171459,19,12
awakened_miki,2136264,23,12
momose_ginko_(summer_loungewear),7588392,3,12
kirara_(phantom_in_boots)_(genshin_impact),7880687,45,12
raiden_mei_(herrscher_of_origin),6341646,49,12
lee:_entropy_(pgr),7757783,12,12
female_saniwa_(touken_ranbu),3674043,25,12
fate_testarossa_(lightning_form)_(2nd),1453024,16,12
kris_(sygna_suit)_(pokemon),5442271,37,12
namuna_(7th_dragon),399758,7,12
kimeemaru,564934,53,12
cirno-nee,637988,64,12
professor_(neural_cloud),6222127,61,12
unown_o,5622279,49,12
dan_heng_(rice_dumpling)_(honkai:_star_rail),7029920,41,12
miyamoto_musashi_(second_ascension)_(fate),2973239,72,12
miyamoto_musashi_(woman_of_niten_ichiryuu)_(fate),7350594,94,12
scathach_skadi_(first_ascension)_(fate),8466559,57,12
nolan_grayson,4510430,63,12
minato_aqua_(aqua_iro_super_dream),8064640,30,12
cham-p,1535895,13,11
medb_(first_ascension)_(fate),4320955,53,11
hummy_(suite_precure),912881,28,11
sailor_v,5852998,17,11
k/da_akali,4640195,70,11
ezlo,8163619,13,11
kama_(assassin)_(second_ascension)_(fate),6540336,52,11
paseri_(cookie),4594802,14,11
mao_(darker_than_black),319212,34,11
void_termina,3663882,11,11
miyamoto_musashi_(first_ascension)_(fate),3401359,83,11
steel_miku_(project_voltage),6728211,22,11
izayoi_miku_(spirit),8251148,16,11
saren_(real)_(princess_connect!),5111921,59,11
cherrim,5695632,15,11
lilith_(true_form)_(machikado_mazoku),6991375,10,11
monk_(sekaiju),9362335,17,11
kuchiku_i-kyuu,1757839,24,11
cloud_strife_(midgard_seventh_high_school),9079718,6,11
mococo_abyssgard_(casual),8928012,38,11
moby_(elsword),1043267,22,11
sakuranbou_(cookie),6030316,15,11
yukihana_lamy_(roomwear),7471314,50,11
urshifu_(single),5062260,16,11
miyu_edelfelt_(magical_girl),4337053,58,11
bear_tsukasa,496905,28,11
bubbles_(honkai:_star_rail),9446563,21,11
hoshiguma_yuugi_(kimono),1796334,68,11
theresa_apocalypse_(twilight_paladin),6143573,32,11
dorothy_(hand_of_destiny)_(arknights),6750280,40,11
tap_dance_city_(glitter!)_(umamusume),6934512,17,11
saitou_chiwa,953802,45,11
fencer_(sekaiju),2480627,27,11
atsuko_(swimsuit)_(blue_archive),8737462,53,11
baobhan_sith_(swimsuit_pretender)_(third_ascension)_(fate),8539420,17,11
curly_(pre-crash)_(mouthwashing),9011133,12,11
inari_one_(inari_yukari_edomurasaki)_(umamusume),5424021,28,11
evil_twin_lil-la,5787490,38,11
aozaki_touko_(mahou_tsukai_no_yoru),1140891,83,11
chypre_(heartcatch_precure!),7397573,42,11
hamo_(dog),766673,43,11
mudrock_(obsidian)_(arknights),5332523,36,11
hamuzou,2265045,41,11
amane_kanata_(summer),7600523,30,11
jue_(wuthering_waves),7780473,65,11
unown_r,5622279,49,11
producer_(idolmaster_cinderella_girls_anime),2090212,16,11
soyjak,6731749,57,11
ace_trainer_(female)_(pokemon_xy),5093110,72,11
minior_(red_core),9862835,9,11
utsumi_erice_(mission_start),3948609,79,11
megurine_luka_(vocaloid4),2003101,35,11
marine_nemo_(fate),6040696,33,11
fujimaru_ritsuka_(female)_(royal_brand),2928571,121,11
sessyoin_kiara_(heaven's_hole),3473155,69,11
tobiichi_origami_(spirit),7421437,14,11
sakata_kintoki_(rider)_(fate),3279192,33,11
harley_quinn_(classic),7118591,63,11
assassin_(fate/zero),8217280,38,11
w_(wanted)_(arknights),6219654,90,11
konpaku_youki_(ghost),1194754,87,11
gimmighoul,9033920,29,11
jellicent_(male),2894700,6,11
mysterious_heroine_x_(second_ascension)_(fate),3398224,23,11
magia_azure,7075643,42,11
morgan_le_fay_(chaldea_satellite_station)_(fate),7896606,75,11
kiana_kaslana_(knight_moonbeam),5388145,24,11
panda_meiling_(seki_(red_shine)),878053,89,10
rakeru_(dokidoki!_precure),5892299,8,10
durandal_(valkyrie_gloria)_(honkai_impact),4763291,33,10
prussia_(female)_(hetalia),1318403,55,10
frankenstein's_monster_(swimsuit_saber)_(fate),2860733,14,10
unown_n,5622279,49,10
boota_(ttgl),444429,47,10
akari_(new_year)_(blue_archive),8130285,64,10
loftwing,4932015,47,10
sacred_heart,1084193,19,10
cure_amour,7087555,9,10
ishtar_(swimsuit_rider)_(fate),3512359,43,10
dusty_(gravity_daze),1298611,49,10
javelin_(retrofit)_(azur_lane),3678625,48,10
female_sensei_(blue_archive),6281151,54,10
dark_matter_blade,8551741,9,10
oosanshouuo-san,4517622,9,10
nyantan,3959999,19,10
princess_peach_(wedding),5759197,44,10
azusa_(swimsuit)_(blue_archive),7647409,41,10
maga-g,7035523,7,10
senadina_(deepspace_anchor:_first_light),7157305,22,10
scarlet_(black_shadow)_(nikke),7059902,82,10
core_fighter,8159983,16,10
sakata_kintoki_(heian_warrior_attire)_(fate),7718067,16,10
deerling_(spring),9197423,4,10
ryou-ouki,794649,23,10
applejack_(equestria_girls),5489949,29,10
hanabatake_chaika_(1st_costume),8715927,12,10
mecha_eli-chan_(fate),5649986,188,10
cassandra_cain,6838575,62,10
amagi_(cv)_(azur_lane),8166053,122,10
grimm_(rwby),3307794,43,10
shiromanta_(character),5016913,58,10
tamamo_cat_(third_ascension)_(fate),7598570,14,10
player_character_(degrees_of_lewdity),7968203,16,10
daiwa_scarlet_(scarlet_nuit_etoile)_(umamusume),7010325,32,10
psylocke_(vengeance),8876578,43,10
goldenglow_(summer_flowers)_(arknights),6741075,36,10
con_(fate),6410561,47,10
star_guardian_jinx,6206970,19,10
marina_(off_the_hook_outfit)_(splatoon),5700851,24,10
lancelot_(third_ascension)_(fate/grand_order),3037561,37,10
classic_amy,2548970,51,10
hoopa_(confined),5400361,8,10
wynn_the_wind_charmer,6993984,17,10
scheherazade_(brown_dust),7043982,96,10
lord_knight_(elsword),2967919,8,10
fake_hisui_(cookie),8817793,8,10
thrud_(fate),3465045,46,10
patrick_star,5725408,41,10
ryougi_shiki_(mirai_fukuin),4315375,35,10
remy_(elsword),1043267,22,10
yae_kasumi,4044444,47,10
hyou-kun,3830973,11,10
samson_(skullgirls),6920276,70,10
le_malin_(sleepy_sunday)_(azur_lane),3550987,83,10
lunch_(good)_(dragon_ball),6803923,35,10
lambda_(arknights),3775073,72,10
projekt_red_(light_breeze)_(arknights),5071741,65,10
cure_miracle_(ruby_style),2894324,16,10
k/da_all_out_ahri,4097016,125,10
super_buu,2148888,20,10
kijo_kouyou_(fate),3928256,35,10
minakami_sayo,7075643,42,10
sun-d,8969319,12,10
warlock_(granblue_fantasy),3573295,68,10
archer_(casual_wear)_(fate),356318,5,10
hakui_koyori_(summer),6507597,40,10
kos-mos_re:,6225342,38,10
flonne_(fallen_angel),8414685,32,10
alchemist_(sekaiju),367264,25,10
pan-chan_(blue_archive),8754393,25,10
octotrooper,3534480,13,10
nurse_nemo_(fate),7029584,20,9
morgan_le_fay_(fate/apocrypha),3362116,80,9
nyatoran_(precure),5738223,9,9
yagokoro,685252,16,9
meltryllis_(third_ascension)_(fate),5431902,48,9
jum-p,7035523,7,9
luthar_(fate),6713692,32,9
guren_mk-ii,371567,16,9
rin_(honkai_impact),3617711,33,9
kiryu_coco_(loungewear),4576424,35,9
beeswax_(weisser_sand)_(arknights),5373278,50,9
shiromiya_rei,5247977,3,9
lunch_(bad)_(dragon_ball),3462586,27,9
female_alear_(divine_attire)_(fire_emblem),6077383,19,9
yui_(sao-alo),5765805,35,9
unsinkable_sam,3432671,53,9
egnigem_cenia,6268879,14,9
magia_baiser,7846464,51,9
sharuru_(dokidoki!_precure),5915213,15,9
wolf_(league_of_legends),4078721,28,9
officer_d.va,2711270,39,9
davi_(dokidoki!_precure),1400929,12,9
sword_kirby,4051371,18,9
superboy,4679345,9,9
eltnum_(under_night_in-birth),3287788,29,9
mejiro_ryan_(down_the_line)_(umamusume),3076129,20,9
tamamo_no_mae_(swimsuit_lancer)_(fate),5623360,72,9
daiyan_(girls'_frontline_2),7363206,62,9
robin_(batrobin_k),7719755,20,9
kid_buu,6166444,15,9
chloe_(school_festival)_(princess_connect!),4640208,19,9
ines_fujin_(all-time_fever)_(umamusume),5428550,17,9
tamamo_no_mae_(swimsuit_lancer)_(first_ascension)_(fate),5623360,72,9
china_(female)_(hetalia),6917419,14,9
g36_(mod3)_(girls'_frontline),5054746,48,9
ho'olheyak_(carriage_of_the_winds_of_time)_(arknights),7441672,50,9
oinomori_may_(1st_costume),6587958,4,9
elemental_master_(elsword),2250125,29,9
oricorio_(baile),2442922,8,9
colossal_titan,1860728,170,9
rotom_(wash),9728581,5,9
unown_e,5622279,49,9
gastrodon_(west),8113756,6,9
female_trainer_(umamusume),5764290,17,9
echoes_(stand),3436620,4,9
matou_sakura_(fate/extra),3116548,35,9
kiana_kaslana_(divine_prayer),6111053,19,9
optimus_prime_(kotobukiya_bishoujo),7437581,54,9
vf-1a,6571863,19,9
apollo_(fate),7233610,15,9
tifa_lockhart_(cowgirl),7202202,41,9
izuna_(swimsuit)_(blue_archive),6307354,32,9
pearl_drone_(splatoon),7356562,9,9
sleepy_mita_(miside),8582768,63,9
hohojiro-san_(lain_paterson),4657227,17,9
lakitu,7073211,47,9
shiroko_(swimsuit)_(blue_archive),5484240,137,9
rarity_(equestria_girls),8591665,11,9
atalanta_alter_(first_ascension)_(fate),3167291,57,9
mochizuki_chiyome_(second_ascension)_(fate),3014387,23,9
pyro_jack,6106188,56,9
fubuki_(swimsuit)_(blue_archive),7757174,29,9
furisode_girl_(pokemon),5953403,43,9
lucy's_crew_(zenless_zone_zero),8511036,77,9
lain_paterson_(1st_costume),4657227,17,9
irisviel_von_einzbern_(angel's_song),2132777,32,9
len_(cat)_(tsukihime),6083072,13,9
dan'in-san_(shirogane_noel),5842666,82,9
charlotte_corday_(third_ascension)_(fate),3600067,35,9
emiya_shirou_(prisma_illya),2495105,40,9
prunce_(precure),4335075,12,9
bebe-tan,6439411,19,9
toyama_daifuku_(rabbit),8373584,3,9
coco_(yes!_precure_5),6758919,15,9
higokumaru,3617711,33,9
female_dreamseeker_(honkai_impact),8594262,32,9
grimoire_weiss,7140171,22,9
martha_(swimsuit_ruler)_(fate),9466955,30,9
futatsuiwa_mamizou_(tanuki),1005027,40,9
powder_(arcane),4970051,51,9
miyako_(swimsuit)_(blue_archive),6628418,52,9
ereshkigal_(swimsuit_beast)_(fate),7957046,30,9
ayanami_(rock_'n'_demon)_(azur_lane),3112542,23,9
black_battler,673778,23,9
florence_(neural_cloud),5957162,77,9
met_(mega_man),1077152,39,9
captain_amari,2633220,59,9
flabebe_(red_flower),7471149,8,9
italia_(kancolle),3410002,40,9
toramaru_shou_(tiger),593336,25,8
matsuda_chiyohiko,1745570,2,8
red_toad_(mario),3338481,57,8
murata_himeko_(vermillion_knight),6204080,60,8
majin_android_21,6360704,31,8
nemu_(ceres_fauna),5544363,40,8
lucifero_(guilty_gear),2791651,59,8
gran_alegria_(smile_my_way!)_(umamusume),8902604,15,8
rotom_(heat),9728581,5,8
scathach_skadi_(third_ascension)_(fate),4018307,53,8
m4_sopmod_ii_(mod3)_(girls'_frontline),3479408,103,8
tibbers,2025397,33,8
fei_fakkuma,3139423,1,8
curse_maker_2,157219,18,8
berserker_(granblue_fantasy),7713062,43,8
iron_fist_(marvel),8561264,16,8
rainbow_dash_(equestria_girls),2609261,20,8
zaku_ii_f/j,957547,38,8
laura_la_mer_(mermaid),5835377,16,8
hots_(gundam_suisei_no_majo),5892720,24,8
densuke_(dennou_coil),182189,11,8
sawashiro_miyuki,7347058,33,8
bb_cosmo_(fate),9032613,41,8
shuten_douji_(festival_outfit)_(fate),4024313,63,8
unlovely_(happinesscharge_precure!),7179374,13,8
shadow_naoto,7509126,16,8
an-94_(silent_rouge)_(girls'_frontline),7435007,114,8
gimmighoul_(roaming),9033920,29,8
powered_buttercup,6907730,100,8
abigail_williams_(second_ascension)_(fate),3530033,40,8
moon_(zelda),1932237,31,8
meloetta_(pirouette),3857337,11,8
hammann_(retrofit)_(azur_lane),2898825,21,8
fujioka-kuma_(minami-ke),384612,40,8
sovereign_2_(sekaiju),791155,68,8
tokai_teio_(beyond_the_horizon)_(umamusume),6152716,16,8
eos_(ff14),4863573,51,8
darmanitan,5964051,30,8
frillish_(male),5472372,8,8
uesugi_kenshin_(second_ascension)_(fate),7935250,43,8
toki_(abi-eshuh)_(blue_archive),6128118,52,8
black_wyrm_(last_origin),4588710,12,8
lyna_(yu-gi-oh!),5901230,22,8
marija_(muse_dash),4195770,34,8
dream_journey_(reminder_of_dreamland)_(umamusume),9963564,24,8
amemiya_nazuna_(1st_costume),5705639,36,8
hansel_(sinoalice),4988881,21,8
r2-d2,5758756,189,8
angelina_(summer_flower)_(arknights),5429782,17,8
unown_u,5622279,49,8
mega_raichu_y,9951731,7,8
gold_city_(authentic/1928)_(umamusume),8013428,12,8
mysterious_heroine_xx_alter_(fate),8023305,36,8
misaka_imouto_10032,2521556,36,8
midare_toushirou_(kiwame),6709885,25,8
baobhan_sith_(exhibition_attire)_(fate),8539420,17,8
tatsugiri_(stretchy),7105082,8,8
sonic_the_werehog,674042,42,8
rotom_dex,6011526,3,8
cupa_(at2.),1951818,64,8
wishiwashi_(school),2462102,17,8
summoner_(dungeon_and_fighter),6537547,22,8
tamamo_no_mae_(spring_casual)_(fate),3036339,59,8
unown_m,7114954,37,8
takanashi_kiara_(party_dress),5040283,41,8
shishio_chris_(1st_costume),5146852,5,8
itsuka_kotori_(spirit),8485315,18,8
mipple,6907716,132,8
novelites_(shiori_novella),7932796,48,8
meloco_kyoran_(1st_costume),6602436,20,8
leonie_pinelli_(timeskip),6854655,26,8
tomoe_gozen_(third_ascension)_(fate),3103946,41,8
unown_c,5622279,49,8
oda_kippoushi_(fate),3560825,45,8
kirara_(cat)_(genshin_impact),6365675,93,8
maki_(pajamas)_(blue_archive),8604434,48,8
ahiru_(duck)_(princess_tutu),1316132,8,8
exs-tia_magica,9654306,3,8
baker_nemo_(fate),3968350,31,8
shishio_chris_(2nd_costume),5073096,7,8
cat_(nyanko_daisensou),9124118,86,8
cynthia_(summer_2025)_(pokemon),9607570,39,8
mettaton_(box),2591051,13,8
kagamine_rin_(append),849169,37,8
poppi_qt_(xenoblade),6087460,21,8
captain_pikachu,6764962,6,8
uniguri_(zutomayo),7628280,7,8
laura_rolla,6941384,34,8
unfezant,2917685,5,8
dead_spike,2046486,38,7
tatara_kogasa_(umbrella),1875690,38,7
kaga_(battleship)_(azur_lane),5949789,70,7
harley_quinn_(suicide_squad),5884952,73,7
miyako_yoshika_(living),5883030,13,7
magia_magenta,9098340,30,7
terapagos_(normal),6984338,6,7
bronya_zaychik_(valkyrie_chariot),7264094,20,7
lyn_(brave_lady)_(fire_emblem),5344454,32,7
zentreya_(cyborg),6770539,33,7
manticore_(under_a_veil)_(arknights),6179270,45,7
suzuya_(christmas)_(kancolle),6899135,32,7
prinz_eugen_kai_(kancolle),2472766,21,7
cavall_ii_(fate),2648031,51,7
combat_medic_ziegler,2692423,35,7
okita_souji_alter_(first_ascension)_(fate),3166421,64,7
the_baddest_evelynn,9381916,9,7
unown_l,455697,7,7
cherrim_(sunshine),5695632,15,7
daikokuten_(fate),5386398,31,7
sessyoin_kiara_(lily),6016757,54,7
ishikawa_yui,8518513,73,7
makoto_(minami-ke),156318,13,7
craft_lawrence,505151,50,7
ningguang_(orchid's_evening_gown)_(genshin_impact),5514707,55,7
ace_trainer_(female)_(pokemon_bw),6134709,68,7
bomb_(final_fantasy),7538377,22,7
baby_mario,4867683,12,7
rita_rossweisse_(umbral_rose),3375478,32,7
mysterious_idol_x_alter_(fate),4493245,20,7
platinum_(shimmering_dew)_(arknights),5325234,32,7
chat_noir,2267628,23,7
katsushika_hokusai_(festival_outfit)_(fate),3591512,53,7
nitocris_alter_(second_ascension)_(fate),5994242,88,7
pix_(league_of_legends),1642647,19,7
guvava,3548847,6,7
asriel_dreemurr_(god_of_hyperdeath),2300642,13,7
nowi_(eternal_witch)_(fire_emblem),2919722,42,7
mako-chan_(minami-ke),156318,13,7
kotomine_shirou_(fanfic),154023,13,7
player_character_(female)_(degrees_of_lewdity),7968203,16,7
potpourri_(heartcatch_precure!),7625974,25,7
candeloro,1152136,20,7
joseph_joestar_(tequila),4965132,5,7
orion_(bear)_(fate),5649986,188,7
gundou_mirei_(1st_costume),3469942,40,7
basculin,9974950,2,7
cnoc_na_riabh_(fate),4681927,61,7
kumamon,9336687,13,7
swire_the_elegant_wit_(arknights),8872884,23,7
strada,429978,18,7
bismarck_drei_(kancolle),2293339,44,7
zapstring_(wuthering_waves),7692788,101,7
serika_(swimsuit)_(blue_archive),6544598,44,7
yomako,3051127,45,7
tanaka_rie,1190532,38,7
lennon_(little_busters!),2915918,13,7
kama_(adult)_(fate),4921714,55,7
shinobi_(sekaiju),7131757,18,7
ander_(at2.),6447762,60,7
kurama_(naruto),8118165,32,7
tael,5074857,42,7
chloe_von_einzbern_(archer_install),5195095,63,7
adeline_(girls'_frontline),6313461,86,7
cheese_(sonic),5726333,26,7
book_of_the_azure_sky,126555,17,7
airi_(the_infernal_temptress),5857146,52,7
gorgon_(fate),7340751,103,7
ophelia_(madoka_magica),5647820,10,7
castform_(normal),9973216,2,7
chinatsu_(hot_spring)_(blue_archive),4978944,46,7
valkyrie_(jojo),7694686,20,7
tifa_lockhart_(refined_dress),5599291,54,7
bugs_bunny,4358592,66,7
safety_(zenless_zone_zero),8826431,47,7
usada_pekora_(furi_furi_bunny_dress),6411843,34,7
male_kiran_(fire_emblem),5366592,7,7
dobrynya_nikitich_(fate),7026220,46,7
phantom_(happinesscharge_precure!),7179374,13,7
carol_danvers,3480122,38,7
chise_(swimsuit)_(blue_archive),6747035,22,7
chieru_(school_festival)_(princess_connect!),5950592,25,7
cheep_cheep,5685289,22,7
cu_chulainn_(second_ascension)_(fate),9520021,5,7
ironmouse_(demon_form),9090471,14,7
thomson's_gazelle_(kemono_friends),2979198,15,7
unown_h,6113957,10,7
unown_i,7114954,37,7
panther_(persona_5),8408941,30,7
dark_hunter_(sekaiju),130996,18,7
pardofelis_(reverist_calico),5632719,29,7
satan_(idolmaster),2403858,8,7
rogue_titan,1427652,54,7
matou_kariya_(original_appearance),1198247,6,7
yamanin_zephyr_(fluttertail_spirit)_(umamusume),5913466,18,7
wolf_link,5643853,23,7
winning_ticket_(get_to_winning!)_(umamusume),5443542,15,7
unown_y,5622279,49,7
spirit_blossom_ahri,5503689,47,7
taurus_mask,5244703,6,7
nero_claudius_(olympian_bloomers)_(fate),3674619,42,6
dokuro-kun_(houshou_marine),5178498,34,6
kumai_natsu,2409333,25,6
ayanami_(niconico)_(azur_lane),5936127,22,6
vritra_(second_ascension)_(fate),5888080,37,6
ryugasaki_rene_(1st_costume),5475794,7,6
minamoto_no_raikou_(swimsuit_lancer)_(fate),9576889,11,6
hildr_(fate),3463924,45,6
super_aoko,7540705,57,6
mog,9463622,9,6
darmanitan_(standard),5964051,30,6
space_ishtar_(first_ascension)_(fate),4306209,85,6
llamrei_(fate),5959808,93,6
sugita_tomokazu,269239,10,6
inumi,1113237,14,6
biker_peach,5863890,41,6
tomoe_(qipao)_(blue_archive),8929613,40,6
valerie_(cyberpunk),3517592,96,6
unown_t,7114954,37,6
hata-tan_(rui_(hershe)),4063665,48,6
katou_emiri,1161521,47,6
trainer_(idolmaster),5894755,18,6
female_byleth_(sothis_regalia)_(fire_emblem),5605122,56,6
erdos_helia_(valkyrie_boltstorm),8425908,17,6
gumi_(v3_megpoid),6098557,9,6
astaroth_(p&d),2286513,8,6
martha_(swimsuit_ruler)_(second_ascension)_(fate),9466955,30,6
sakamata_chloe_(jirai_kei),6678994,27,6
sakura_miko_(work),5726200,20,6
poppi_qtpi_(xenoblade),5423806,26,6
kiana_kaslana_(selenic_ripples),6418868,31,6
bakebake_(touhou),899238,50,6
fairy_(jintai),1252890,25,6
elizabeth_(gintama),3053298,29,6
shirazumi_lio,1685919,7,6
katheryne_(genshin_impact),7392036,29,6
laura_kinney,8029409,31,6
koshimizu_ami,3254712,46,6
rance_(dokidoki!_precure),7260181,7,6
aussa_(yu-gi-oh!),5177017,30,6
zwei_(rwby),2569481,86,6
taihou_(sweet_time_after_school)_(azur_lane),5565452,85,6
kitt_(yu-gi-oh!),5438756,29,6
helena_blavatsky_(third_ascension)_(fate),2319894,23,6
artoria_caster_(swimsuit_berserker)_(first_ascension)_(fate),6608181,29,6
caspar_von_bergliez_(timeskip),3632952,12,6
magia_sulfur,8387888,75,6
canyne,5464058,80,6
jakuzure_nonon_(symphony_regalia),5164826,42,6
kazamaki_matsuri,4868471,46,6
red_(warioware),4182097,18,6
racing_miku_(2013),2839070,55,6
k/da_all_out_akali,7610451,25,6
tomimi_(summer)_(arknights),5580536,61,6
kiana_kaslana_(valkyrie_ranger),5860313,25,6
scathach_(loungewear_mode)_(fate),7399927,120,6
lagann,4285451,14,6
minior_(blue_core),2626748,8,6
gilgamesh_(casual_wear)_(fate/stay_night),69089,19,6
tohsaka_rin_(fate/zero),3010533,42,6
kiss-shot_acerola-orion_heart-under-blade_(young),7041748,62,6
baobhan_sith_(third_ascension)_(fate),5882812,33,6
kurumi_noah_(6th_costume),9082951,18,6
aoki_kei,5894755,18,6
astra_yao_(chandelier),8765639,42,6
howard_alt-eisen,5079155,0,6
female_titan,6151958,31,6
laimu_(vtuber)_(cozy),7559596,40,6
bronya_zaychik_(black_nucleus),6628767,18,6
edelgard_von_hresvelg_(young),9563564,12,6
jimihen,8495549,28,6
katsushika_hokusai_(second_ascension)_(fate),6624675,65,6
healslime,441426,24,6
female_corrin_(nohr_noble)_(fire_emblem),9098516,26,6
kawakami_princess_(princess_of_pink)_(umamusume),5582195,27,6
kizuna_ai_(a.i._games),3513437,64,6
ikezoe_ken'ichi,5882375,22,6
dorothea_arnault_(timeskip),5850514,45,6
savanna_striped_giant_slug_(kemono_friends),3476148,30,6
stheno_(third_ascension)_(fate),3223048,30,6
super_creek_(murmuring_stream)_(umamusume),9784860,25,6
leafa_(terraria)_(sao),3841321,63,6
ground_miku_(project_voltage),7227017,22,6
rita_rossweisse_(artemis),5445860,21,6
koyanskaya_(assassin)_(third_ascension)_(fate),5014727,50,6
ump9_(mod3)_(girls'_frontline),4851320,33,6
pink_mercy,3456399,41,6
team_spica's_trainer,5990112,23,6
ganesha_(fate),4889639,50,6
abigail_williams_(swimsuit_foreigner)_(third_ascension)_(fate),4685652,22,5
iskandar_(casual_wear)_(fate),4412060,35,5
winda_priestess_of_gusto,5417885,16,5
prisoner_(elden_ring),6099295,35,5
data_(mega_man),3280774,24,5
tenochtitlan_(first_ascension)_(fate),6043689,45,5
momosuzu_nene_(cheerleader),8535261,6,5
jagi,808334,35,5
the_king_of_red_lions,5533308,13,5
coffret_(heartcatch_precure!),1405763,18,5
cheval_grand_(summer_calm_navy_drop)_(umamusume),9979939,17,5
yang_guifei_(first_ascension)_(fate),5260807,36,5
puff_(go!_princess_precure),1930460,6,5
dogoo,5269553,39,5
koyanskaya_(assassin)_(first_ascension)_(fate),4996868,38,5
angel_(drag-on_dragoon),5452075,18,5
rapunzel_(pure_grace)_(nikke),7494116,93,5
kurumi_noah_(7th_costume),9719911,8,5
taiki_shuttle_(wild_frontier)_(umamusume),9860118,20,5
bardiche_(riot_zanber_stinger)_(nanoha),945111,8,5
gii,7950624,36,5
houshou_marine_(summer),5545689,21,5
koyanskaya_(lostbelt_beast:iv)_(fate),5020532,60,5
glorybringer_(granblue_fantasy),3543600,19,5
himemori_luna_(streetwear),6778127,29,5
time_mage,5833121,12,5
inner_moka,284495,45,5
mutsu_(snail),2545675,41,5
yozora_mel_(2nd_costume),7109325,22,5
warabeda_meiji_(1st_costume),3472624,47,5
akamaru_(naruto),64536,16,5
filir_(ragnarok_online),429333,17,5
herbalist_(sekaiju),2774404,16,5
frillish_(female),4517042,3,5
sophie_neuenmuller_(new_self),5877828,15,5
mach_caliber,126555,17,5
hie_(hiememiko),3587543,50,5
dr._mario,7592873,41,5
kukulkan_(second_ascension)_(fate),6103841,33,5
woodstock,3931254,52,5
mori_calliope_(rock_bunny),8139847,33,5
white_base,1291990,19,5
type_95_(narcissus)_(girls'_frontline),9131531,34,5
chum_(splatoon),8029923,7,5
houshou_marine_(marching_band),8567817,26,5
houshou_marine_(businesswoman),7458263,28,5
friedrich_(nanoha),159953,4,5
bicute_bunnies_miku,8158469,239,5
female_corrin_(adrift)_(fire_emblem),5450158,38,5
code:_empress_(elsword),5464735,21,5
nicola_(granblue_fantasy),8322947,51,5
kos-mos_ver._4,265761,20,5
kazamaki_matsuri_(female),4868471,46,5
nekota_tsuna_(1st_costume),5500264,19,5
wa2000_(ballroom_interlude)_(girls'_frontline),9605351,50,5
bismarck_kai_(kancolle),1641066,36,5
exs-tia_flora,7345333,8,5
saki_(swimsuit)_(blue_archive),7739011,37,5
mega_hawlucha,9870066,5,5
nerissa_ravencroft_(casual),8898798,37,5
classic_tails,2836820,11,5
durandal_(palatinus_equinox)_(honkai_impact),5418477,39,5
jellicent_(female),9975323,3,5
hound_(sekaiju),3328377,31,5
pollux_(honkai:_star_rail),8924560,33,5
mew_lettuce,7762642,3,5
kii-kun_(agnes_tachyon)_(umamusume),7574338,23,5
unown_f,3329822,6,5
fat_buu,7313756,25,5
unown_k,5622279,49,5
mosin-nagant_(mod3)_(girls'_frontline),3506760,104,5
hakos_baelz_(casual),6862993,16,5
venalita,7149701,104,5
armored_titan,7769979,7,5
tri-brigade_kitt,5438756,29,5
inu_(sakamata_chloe),7114973,28,5
water_miku_(project_voltage),6816319,22,5
tsumugi_(halloween)_(princess_connect!),5388575,10,5
ceobe_(summer_flowers)_(arknights),6003621,38,5
shellos,9461332,3,5
edward_teach_(final_ascension)_(fate),3065437,17,5
dumuzid_(fate),3635167,49,5
ro-class_destroyer,3027430,26,5
moira_(1st_costume)_(nijisanji),9297596,16,5
kotoka_torahime_(1st_costume),6302136,9,5
raiden_mei_(valkyrie_bladestrike),7798526,16,5
koyanskaya_(assassin)_(second_ascension)_(fate),7717039,59,5
mori_calliope_(party_dress),5608521,47,5
reppuu_(kancolle),1876107,19,5
engineer_nemo_(fate),7000681,20,5
yuzuki_choco_(1st_costume),7901649,32,5
cloud_retainer_(genshin_impact),6012544,42,5
gavial_the_invincible_(arknights),5581760,40,5
cure_honey_(popcorn_cheer),2922191,7,5
mordred_(third_ascension)_(fate),9174628,23,5
problem_solver_sensei_(blue_archive),6004948,42,5
zygarde_core,7309575,6,5
koopa_clown_car,7301527,31,5
player_character_(lineage_2),256169,19,4
slow_dancer_(jojo),7694686,20,4
i-504_(kancolle),3614080,22,4
roboco-san_(1st_costume),4378822,38,4
hiita_the_fire_charmer,4368430,43,4
nago,7950624,36,4
yotarou_(aoki_hagane_no_arpeggio),1753523,11,4
tamamo_no_mae_(sable_mage)_(fate),3309235,15,4
shishiou_no_mofumofu,2029806,5,4
suou_patra_(1st_costume),3467302,88,4
shisui_kiki_(1st_costume),7623340,15,4
morgan_le_fay_(water_princess)_(fate),7839657,30,4
hanazawa_kana,733291,15,4
urobuchi_gen,846322,56,4
fujiwara_no_mokou_(young),3897011,36,4
phalanx_(sekaiju),794611,43,4
kracko,869159,82,4
fuuma_kotarou_(second_ascension)_(fate),3301275,18,4
poporu_(kemono_friends),7472415,19,4
kodama,7119657,33,4
hanying_(pgr),6029829,59,4
silence_suzuka_(emerald_on_the_waves)_(umamusume),9581458,31,4
formidable_(the_lover's_heart_flutters_on_duty)_(azur_lane),7495101,261,4
nekomata_okayu_(personya_respect),9054867,30,4
sanallite_(tsukumo_sana),5553182,29,4
shin-chan_(evangelion),1348904,29,4
rune_slayer_(elsword),1688748,3,4
unicorn_(the_gift_of_spring)_(azur_lane),3990918,36,4
racing_miku_(2014),2839070,55,4
pavolia_reine_(indonesian_casual),8911891,74,4
admiral_shiro_(shino),3075248,7,4
borongo,574353,12,4
sorcerer_(fantasy_earth_zero),326437,15,4
swordsman_(sekaiju),7170172,16,4
helen_parr,8830249,63,4
zaveid_(tales),2163637,7,4
turbo_byakuren,2042899,37,4
hifumi_(swimsuit)_(blue_archive),7526752,42,4
monk_2_(sekaiju),9362335,17,4
raiden_mei_(lightning_empress),7924572,11,4
suomi_(korvatunturi_pixie)_(girls'_frontline),3414748,31,4
mia_(halloween)_(fire_emblem),3281633,26,4
hk416_(midnight_evangelion)_(girls'_frontline),7177427,86,4
mojo_(dennou_coil),279898,15,4
exeggcute,651214,93,4
u-556_(azur_lane),3515608,47,4
star_guardian_ahri,5476132,13,4
dorpos,8241958,33,4
hanabishi_haruka,7067852,28,4
agnes_tachyon_(lunatic_lab)_(umamusume),6701126,20,4
blade_master_(elsword),1290628,5,4
time_mage_(fft),2279410,10,4
biker_rosalina,6120610,41,4
nameko_(osawari_tantei),1207006,27,4
fallen_of_albaz,5163393,25,4
elysia_(summer_miss_elf)_(honkai_impact),8960770,9,4
rudolph_the_red_nosed_reindeer,5926059,27,4
rpk-16_(renate)_(girls'_frontline),5084694,53,4
fujimaru_ritsuka_(male)_(true_ether_chaldea_uniform),8881646,42,4
pienna_(akane_lize),7261393,18,4
songque_(astralop),7107840,21,4
sakamata_chloe_(new_year),7052812,39,4
fujimaru_ritsuka_(female)_(tropical_summer),3576580,73,4
eddie_brock,4515261,19,4
moblin,3195434,26,4
honolulu_(umbrella_girl)_(azur_lane),5439807,36,4
ch'en_(ageless_afterglow)_(arknights),7057012,27,4
leoparde_(mahou_shoujo_ni_akogarete),7336416,40,4
super_sailor_uranus,6366668,7,4
bb_dubai_(fate),9102069,20,4
pixiv_red,462629,86,4
luluko,1446859,13,4
chica,6297355,66,4
wise_(soaring_crane)_(zenless_zone_zero),9435804,9,4
monotaro_(danganronpa),4199458,18,4
mannosuke,820633,43,4
ui_(swimsuit)_(blue_archive),8478584,40,4
female_assassin_(fate/zero),8217280,38,4
scavenger_(arknights),6270920,20,4
fujimaru_ritsuka_(male)_(mage's_association_uniform),9001435,23,4
potato_(air),6552204,7,4
gold_ship_(run_revolt_launcher)_(umamusume),5941387,26,4
nekomata_okayu_(wonderland),7247992,26,4
stray_cat_(jojo),1216479,10,4
tohsaka_sakura,4179442,41,4
freddy_krueger,16890,45,4
meltryllis_(swimsuit_lancer)_(third_ascension)_(fate),6566860,63,4
majin_gappa,1334667,10,4
unryuu_kai_(kancolle),5296070,18,4
shampoo_(cat),5073416,28,4
little_girl_admiral_(kancolle),6150547,23,4
minamoto_no_raikou_(swimsuit_lancer)_(second_ascension)_(fate),2972147,6,4
makkachin,6642026,2,4
space_ishtar_(second_ascension)_(fate),4286611,94,4
sheldon_(splatoon),5060055,12,4
ein_(cowboy_bebop),9483664,31,4
moona_hoshinova_(casual),5611147,69,4
waver_velvet_(sensha_otoko),1027830,13,4
winged_victory_mercy,2818813,60,4
reaper_(tera_online),3443704,16,4
stephanie_brown,5078657,106,4
felicia_hardy,5843370,64,4
aussa_the_earth_charmer,5177017,30,4
guts_(kill_la_kill),3706749,26,4
astolfo_(saber)_(first_ascension)_(fate),5511428,61,4
hootie_the_owl_(hooters),5735794,40,4
esper_nyanko,2261151,3,4
curse_maker_1,9534336,2,4
warlock_(sekaiju),8481336,48,4
neuroi,1844688,12,4
shirogane_noel_(dirndl),6932051,25,4
murata_himeko_(battle_storm),8209486,16,4
black_cellien_(kemono_friends),2667309,21,4
jacques_de_molay_(foreigner)_(second_ascension)_(fate),4857855,17,4
shuten_douji_(first_ascension)_(fate),8332890,25,4
houshou_marine_(nun),4954613,30,4
lady_avalon_(second_ascension)_(fate),7224446,36,4
raiden_mei_(danzai_spectramancer),5631383,35,4
kyukkyu-kun,5141864,17,4
paper_mario_(character),4908401,44,4
arthur_(code_geass),5646616,30,3
sessyoin_kiara_(third_ascension),3472809,24,3
zeta_(dark)_(granblue_fantasy),3931821,45,3
bronya_zaychik_(yamabuki_armor),4565537,13,3
raiden_mei_(striker_fulminata),4738410,21,3
saren_(christmas)_(princess_connect!),5452813,24,3
texas_(ambience_synesthesia)_(arknights),8061527,34,3
loen_(brown_dust_2),7568188,43,3
belle_(summer_skies)_(zenless_zone_zero),9611702,31,3
old_man_(guin_guin),8009460,18,3
angel_(kof),8511958,13,3
priapus_a._tarou,7132001,6,3
next_purple,3547129,44,3
neptune_(4go)_(neptunia),5269553,39,3
shining_(silent_night)_(arknights),6484567,31,3
tiamat_(third_ascension)_(fate/grand_order),6571408,51,3
yuuki_rito,314309,51,3
colonel_olcott_(fate),2319894,23,3
secco,5243689,4,3
zyra,5802684,12,3
bard_(sekaiju),7658022,7,3
xochitonal_(fate),8179015,54,3
cryo_cicin_mage_(genshin_impact),8188344,35,3
st._louis_(azur_lane),5186789,119,3
utsumi_erice_(lancer),4837811,31,3
hiyori_(princess_connect!),5177395,19,3
black_delmo,9454940,15,3
sage_(granblue_fantasy),2801356,20,3
douki-kun_(douki-chan),6120019,104,3
kirin_r_yato_(arknights),6678938,6,3
mepple,6907716,132,3
france_(female)_(hetalia),1446932,13,3
angelise_reiter,5822456,104,3
hatsune_miku_(honey_whip),2340062,37,3
arnold_(jojo),5040909,19,3
they_(kiman),4900176,14,3
ako_(dress)_(blue_archive),9596615,37,3
hiyoko_(kancolle),2608035,14,3
fujimaru_ritsuka_(female)_(anniversary_blonde),5091743,26,3
tomimi_(silent_night)_(arknights),4723561,16,3
chibi_totoro,4562877,11,3
amagi_kai_(kancolle),2922664,22,3
lucina_(spring_exalt)_(fire_emblem),2806180,13,3
salome_(one_piece),6913706,12,3
ayane_(swimsuit)_(blue_archive),6544598,44,3
hera_(p&d),1763284,11,3
scarle_yonaguni_(1st_costume),5527435,17,3
chevalier_d'eon_(maid_knight)_(fate),5604369,18,3
junior_clown_car,1827194,8,3
kamoi_kai_bo_(kancolle),8851327,17,3
moro_no_ichizoku,8496596,27,3
unown_d,455697,7,3
hk416_(starry_cocoon)_(girls'_frontline),7393945,22,3
yukihana_lamy_(cyber),9053471,37,3
a-q_(madoka_magica),9079895,6,3
ring_(ring_fit_adventure),4414155,14,3
yuudachi_kai_ni_(swimsuit)_(kancolle),3005815,7,3
yorktown_ii_(azur_lane),6552925,35,3
makoto_(dress)_(blue_archive),8340634,39,3
blitzen,1194206,23,3
nakamura_yuuichi,9691351,10,3
thief_(final_fantasy),5271916,26,3
cow_girl_(goblin_slayer!),3542013,65,3
tamama,6873804,12,3
shima_(pepekekeko),4092938,18,3
bushidou_2_(sekaiju),4499070,17,3
durandal_(bright_knight:_excelsis)_(honkai_impact),5425611,23,3
bullet_bill,3437007,58,3
nago_(kirby),2782924,8,3
cappy_(mario),2599869,14,3
painwheel_(skullgirls),1835279,18,3
kanna_(swimsuit)_(blue_archive),7755749,76,3
irisviel_von_einzbern_(caster),9439777,26,3
matsuda_takato,4139356,15,3
deadbeat_(mori_calliope),8535397,13,3
mash_kyrielight_(formal_dress),4409531,62,3
mori_calliope_(sheriff),6198898,46,3
taida_(lazyartlazy12),6966665,8,3
kuremi_kyouko,9454673,8,3
duster_(mother),8785139,7,3
tamamo_no_mae_(tailmaid_strike)_(fate),3575589,35,3
lady_labrynth_of_the_silver_castle,7827153,22,3
fujimaru_ritsuka_(male)_(summer_street),7512256,12,3
ajax_(retrofit)_(azur_lane),3019060,22,3
eunectes_(forgemaster)_(arknights),6310116,53,3
special_week_(hopping_vitamin_heart)_(umamusume),7531966,14,3
blue_luma,8475560,17,3
newcastle_(azur_lane),3272705,37,3
chase_(pokemon),5391573,9,3
nonomi_(swimsuit)_(blue_archive),6544598,44,3
kama_(swimsuit_avenger)_(third_ascension)_(fate),4921714,55,3
raiden_mei_(crimson_impulse),6157532,24,3
saber_alter_(swimsuit_rider),7269953,23,3
artoria_pendragon_(lancer)_(third_ascension)_(fate),6746059,61,3
marina_(dj_hyperfresh)_(splatoon),3074138,80,3
karyl_(summer)_(princess_connect!),5893088,46,3
springfield_(queen_in_radiance)_(girls'_frontline),8549221,51,3
producer_(idolmaster_anime),4017153,5,3
natsukawa_kuina,2827020,23,3
nekomata_okayu_(membership),7225712,41,3
america_(female)_(hetalia),1259519,12,3
seraphina_(disgaea),6143229,34,3
nero_claudius_(bride)_(third_ascension)_(fate),3390486,33,3
k/da_ahri,7632923,43,3
hirasawa_shizuku,5476397,31,3
chibi_miku_(mayo_riyo),3435624,9,3
usada_pekora_(summer),8935601,12,3
gordo,6713075,13,3
frankenstein's_monster_(swimsuit_saber)_(first_ascension)_(fate),3179574,2,3
noblesse_(elsword),6191934,13,3
medb_(alluring_chief_warden_look)_(fate),3564971,34,3
paul_bunyan_(third_ascension)_(fate),7049175,18,3
helmet_gangster_(blue_archive),6718840,28,3
kirino_(swimsuit)_(blue_archive),8335096,50,3
trieste_(azur_lane),5264542,84,3
belfast_(shopping_with_the_head_maid)_(azur_lane),6958007,111,3
nicholas_(azur_lane),4960891,23,3
rush_(mega_man),8095639,19,3
kuroki_tomoki,5476397,31,3
leblanc_(legacy),2025397,33,3
electro_cicin_mage_(genshin_impact),5333727,105,3
mini_cu-chan_(fate),3365379,85,3
la_pluma_(summer_flowers)_(arknights),6328860,22,3
fugee_(granblue_fantasy),8322947,51,3
yixuan_(trails_of_ink)_(zenless_zone_zero),9438053,74,3
takanashi_kotori,729713,69,3
fairy_(dungeon_meshi),8232612,23,3
rapi_(red_hood)_(nikke),9874918,47,3
yanning,8469380,30,3
fujimaru_ritsuka_(female)_(summer_street),6584311,33,3
melusine_(swimsuit_ruler)_(fate),7936503,59,3
ichijouji_ken,6950948,3,3
abigail_williams_(swimsuit_foreigner)_(first_ascension)_(fate),7253264,13,3
scarfy,3238099,5,3
bonta-kun,7174116,16,2
kurukuru_(sekai_seifuku),1616290,13,2
tama_(aquarion),1126643,7,2
skeleton_(helltaker),3979805,29,2
bb_(swimsuit_mooncancer)_(third_ascension)_(fate),5052217,41,2
nanashi_mumei_(owl),4709510,32,2
tomoe_(queen's_blade),5732584,26,2
mew_zakuro,5630646,17,2
witch_mercy,2527310,60,2
minior_(yellow_core),2449673,3,2
jennifer_walters,9607396,36,2
hibiki_(azur_lane),6925861,17,2
lilith_(ayanami_rei),198634,25,2
neil_dylandy,433759,12,2
ai-kun,536761,8,2
matsumi_yuu,1937209,12,2
yu_mei-ren_(swimsuit_lancer)_(fate),8013419,18,2
grand_master_(elsword),5612175,31,2
hector_rivera_(alive),3121142,0,2
belfast_(iridescent_rosa)_(azur_lane),3395033,59,2
ymir_(queen's_blade),3266604,12,2
gager_(girls'_frontline),7484795,58,2
raiden_mei_(aeterna_purum),7944195,8,2
high_priest_(arknights),9025483,23,2
callie_(octo_idol_outfit)_(splatoon),8027773,8,2
dark_hunter_4,130996,18,2
ushio_(swimsuit)_(kancolle),2794946,7,2
baltimore_(after-school_ace)_(azur_lane),3999409,38,2
little_blue_(guin_guin),2327049,14,2
edelgard_von_hresvelg_(summer),5444631,17,2
carnelian_(shimmering_dew)_(arknights),6085260,59,2
mugman,3409486,24,2
facehugger,8540814,35,2
ring_fit_trainee_(female),8935335,22,2
antispiral_nia,7353220,36,2
chuchu_(kirby),2782924,8,2
vulcanus_(disgaea_4),7961862,3,2
super_sailor_neptune,6370526,7,2
ibaraki_douji_(swimsuit_lancer)_(third_ascension)_(fate),5887314,17,2
surtr_(colorful_wonderland)_(arknights),5810675,21,2
k/da_all_out_kai'sa,4894003,24,2
commander_(last_origin),5544984,21,2
ots-14_(sangria_succulent)_(girls'_frontline),3410988,34,2
banjo_(banjo-kazooie),7026498,12,2
night_strait_princess_(black),6089512,35,2
mika_(swimsuit)_(blue_archive),9812615,20,2
escort_fortress_(kancolle),1686773,17,2
rasis,3877966,19,2
gotland_(2020_race_queen)_(kancolle),4794985,27,2
mudrock_(silent_night)_(arknights),8997864,18,2
puck_(berserk),7458951,21,2
dog_(duck_hunt),9014014,11,2
tenochtitlan_(swimsuit_mooncancer)_(third_ascension)_(fate),8019829,14,2
player_character_(miside),8615654,103,2
coo_(kirby),2782924,8,2
sharena_(spring_princess)_(fire_emblem),7129129,15,2
yozora_mel_(1st_costume),7108311,68,2
female_fighter_(dungeon_and_fighter),5878528,124,2
mordred_(swimsuit_rider)_(fate),6569643,20,2
carlotta_(splashing_summer)_(wuthering_waves),9865824,6,2
kazusa_(halloween)_(blue_archive),8697382,25,2
narmaya_(valentine)_(granblue_fantasy),8852600,11,2
dominura_(simoun),56768,3,2
prinz_eugen_(profusion_of_flowers)_(azur_lane),4287542,30,2
miyamoto_musashi_(swimsuit_berserker)_(fate),5249583,40,2
blooregard_q_kazoo,8492724,64,2
u-1196,3194289,13,2
noise_(symphogear),2880252,12,2
lucina_(cipher_swimsuit)_(fire_emblem),3517535,38,2
asuna_(bunny)_(blue_archive),7595887,44,2
trance_terra_branford,7676358,11,2
raiden_mei_(orochi_cuirass),7967168,18,2
happy_(fairy_tail),6297293,46,2
ludmilla_(nikke),6523317,73,2
kokkoro_(summer)_(princess_connect!),6493013,18,2
yuri_lowell_(reliable_senior),550892,8,2
durandal_(dea_anchora)_(honkai_impact),6803819,25,2
marina_(damp_socks_feat._off_the_hook)_(splatoon),7468646,7,2
boudica_(third_ascension)_(fate),7408684,23,2
dark_magical_circle,8676315,7,2
hanako_(swimsuit)_(blue_archive),7633120,21,2
melusine_(swimsuit_ruler)_(second_ascension)_(fate),7936503,59,2
vikala_(blooming_summer_wallflower)_(granblue_fantasy),8519354,13,2
yuzuki_choco_(maid),5176885,35,2
houshou_marine_(new_year),7303815,21,2
unabara_mitsuki,6478220,4,2
etopen,4359920,17,2
vf-31,6602617,7,2
bicute_bunnies_miku_(white_bunny),8158469,239,2
lee_jianliang,7442594,1,2
female_alear_(seaside_dragon)_(fire_emblem),7838453,12,2
modernia_(first_affection)_(nikke),6610426,65,2
helm_(aqua_marine)_(nikke),6658455,57,2
saber_alter_(final_ascension),9012193,42,2
koyanskaya_(foreigner)_(first_ascension)_(fate),8262195,28,2
kiana_kaslana_(apho),8529915,17,2
valentine_(skullgirls),1748169,12,2
assassin_(learning_with_manga!_fgo),5343090,30,2
arjuna_(versus)_(fate),3099869,7,2
enya_geil,5707386,6,2
bremerton_(scorching-hot_training)_(azur_lane),5163429,28,2
tanaka_(chainsaw_man),5503992,62,2
coco_jumbo,5455848,22,2
bad_haro,4766971,3,2
fuwawa_abyssgard_(new_year),7068775,29,2
yamashiro_(retrofit)_(azur_lane),6582812,29,2
yuel_(water)_(granblue_fantasy),8292549,27,2
curly_(post-crash)_(mouthwashing),8623038,29,2
sergei_smirnov,265063,16,2
pt_imp_group,8017398,36,2
pitch_(kirby),2782924,8,2
nero_claudius_(bride)_(second_ascension)_(fate),5889115,21,2
mihara_(nikke),6145331,26,2
laharl-chan,9113923,21,2
female_robin_(grima)_(fell_tactician)_(fire_emblem),5753099,53,2
meltryllis_(swimsuit_lancer)_(second_ascension)_(fate),7138397,37,2
lancelot_(first_ascension)_(fate/grand_order),4975093,25,2
blue_cat_(precure),3585668,7,2
lilith_(third_ascension)_(fate),9756139,44,2
queen_draco_(second_ascension)_(fate),7598502,23,2
fujimaru_ritsuka_(female)_(chaldea_combat_uniform),6179344,70,2
hound_2_(sekaiju),3328377,31,2
wu_zetian_(swimsuit_caster)_(fate),9850200,3,2
saori_(dress)_(blue_archive),7281844,62,2
bokoblin,1777998,8,2
seidr_(fire_emblem),7077644,10,2
shylily_(1st_costume),6366850,55,2
jeanne_d'arc_(swimsuit_archer)_(second_ascension)_(fate),7703987,45,2
i-26_(azur_lane),3612513,30,2
kohaku_hearts,885416,11,2
yunoha_thrul,1126643,7,2
elise_(league_of_legends),8682134,18,2
caenis_(second_ascension)_(fate),6313528,24,2
nitocris_(first_ascension)_(fate),7647030,31,2
kama_(assassin)_(third_ascension)_(fate),7945923,31,2
yama_raja_(elsword),8595483,18,2
cygnet_(retrofit)_(azur_lane),6430471,5,2
valkyrie_(p&d),1743332,3,2
natsuiro_matsuri_(matsuri's_day_off),7808903,16,2
zuikaku_kai_(kancolle),6781211,18,2
king_(nadia),5362842,10,2
ewen_egeburg,6884838,15,2
petra_macneary_(timeskip),5915243,16,2
yu_mei-ren_(third_ascension)_(fate),8776525,34,2
ifrit_(sunburn)_(arknights),8438118,9,2
shimakaze-kun,7362064,36,2
bismarck_zwei_(azur_lane),7223241,51,2
marilyn_monroe,329452,3,2
cecil_damon,5698562,1,2
shen_(league_of_legends),5136306,5,2
geegee_(granblue_fantasy),3478972,30,2
august_von_parseval_(the_conquered_unhulde)_(azur_lane),8568095,23,2
female_kiran_(fire_emblem),7606934,14,2
producer_(idolmaster_side-m_anime),3279662,6,2
beast_(disney),2540447,40,2
emile_elman,6884838,15,2
garjana,5484586,22,2
boudica_(first_ascension)_(fate),7808560,15,2
iron_princess_ymir,3266604,12,2
ako_(track)_(blue_archive),7712194,25,2
ilsa_(granblue_fantasy),6189188,25,2
nishikata,4300381,32,2
yang_guifei_(second_ascension)_(fate),4024868,42,2
fuwawa_abyssgard_(casual),9132194,33,2
kagamine_len_(vocaloid4),3549968,5,2
mast_(nikke),8460901,49,2
eyjafjalla_(summer_flower)_(arknights),6889535,28,2
ch'en_(summer)_(arknights),8077609,21,2
duck_(duck_hunt),1937676,42,2
jeanne_d'arc_alter_(swimsuit_berserker)_(fate),6663625,42,2
rider_(learning_with_manga!_fgo),5343090,30,2
ranger_(azur_lane),3188831,20,2
nekomata_okayu_(8th_costume),7537701,16,2
kikyou_(swimsuit)_(blue_archive),9524323,24,2
valis,4583844,4,2
penguin_3-gou,1045969,10,2
yelan_(tranquil_banquet)_(genshin_impact),9768538,12,2
tomoe_gozen_(traveling_outfit)_(fate),3390136,7,2
princess_daisy_(toadstool_tour),5519979,20,2
lakshmibai_(first_ascension)_(fate),3641772,37,2
saber_alter_(swimsuit_rider)_(second_ascension),7269953,23,2
hammann_(rebellious_summer)_(azur_lane),2989006,11,2
inazuma_(azur_lane),3032392,13,2
narmaya_(holiday)_(granblue_fantasy),8135083,22,2
mordred_(swimsuit_rider)_(second_ascension)_(fate),6569643,20,2
rick_(kirby),2782924,8,2
chen_hai_(azur_lane),7663293,56,2
spyke_(splatoon),6777807,5,2
emma_august_(1st_costume),3675959,17,2
female_corrin_(halloween)_(fire_emblem),10002237,13,2
mash_kyrielight_(dangerous_beast),2874175,10,2
popstar_ahri,1631065,19,2
wraith_(madoka_magica),8038118,14,2
kotori_(cheer_squad)_(blue_archive),7303075,27,2
miyamoto_musashi_(fgo_x_pasela_resorts)_(fate),3310786,42,2
type_97_(peony)_(girls'_frontline),3194555,8,2
bb_(swimsuit_mooncancer)_(second_ascension)_(fate),3410421,39,2
code:_nemesis_(elsword),3282149,14,2
hallelujah_haptism,363286,5,2
etzali,6478220,4,2
bronto_burt,8398264,3,2
ishtar_(first_ascension)_(fate),9740619,30,2
boingo,6790547,3,2
laffey_(retrofit)_(azur_lane),3083400,11,2
zoey_(left_4_dead),960838,42,1
popo_(ice_climber),1510411,16,1
ryuusei_(kancolle),1648472,27,1
belfast_(piping-hot_perfection)_(azur_lane),3928574,29,1
shimakaze_(seal),1481664,7,1
yuubari_kai_ni_(swimsuit)_(kancolle),4728586,6,1
thief_(dungeon_and_fighter),5481968,44,1
musha_miko_tomoe,5732584,26,1
kog'maw,2025397,33,1
code:_battle_seraph_(elsword),2373923,7,1
spring_man_(arms),2742431,6,1
fujimaru_ritsuka_(male)_(tropical_summer),3221691,10,1
arjuna_(rokkotsu),3435398,38,1
fediel_(granblue_fantasy),7119026,24,1
marlene_wallace,7010204,4,1
saki_(the_atko),7492514,200,1
chilly_(kirby),6738481,3,1
ring_fit_trainee,6688715,8,1
saruei_(vtuber),9768118,42,1
hoshiguma_(summer)_(arknights),9738702,10,1
andira_(summer)_(granblue_fantasy),8091140,12,1
satan_(umineko),8251104,14,1
pika_(pokemon),8292663,6,1
raora_panthera_(new_year),8902054,12,1
natsume_maya,110638,5,1
minamoto_no_raikou_(third_ascension)_(fate),3882278,41,1
brynhild_(cheer_for_master)_(fate),4329862,12,1
trung_nhi_(fate),5229500,4,1
takanashi_kiara_(dirndl),5453371,15,1
akebono_(swimsuit)_(kancolle),2053286,7,1
musashi_kai_(kancolle),2400120,9,1
akari_(princess_connect!),3045144,7,1
uchino_kazuhisa,3298508,1,1
female_sensei_(blue_archive)_(vivo_(vivo_sun_0222)),6880511,43,1
springfield_(stirring_mermaid)_(girls'_frontline),7323718,28,1
ai-chan_(dokidoki!_precure),5915220,12,1
nero_claudius_(swimsuit_caster)_(third_ascension)_(fate),6476603,40,1
klukai_(speed_star)_(girls'_frontline_2),9159594,48,1
unzen_(sojourn_through_clear_seas)_(azur_lane),10058566,18,1
fujimaru_ritsuka_(male)_(brilliant_summer),8075954,5,1
melona_(queen's_blade),485344,5,1
bb_(swimsuit_mooncancer)_(first_ascension)_(fate),4009968,16,1
xia_you_qing,4835113,12,1
miya_utsutsu,2308620,96,1
kuzuryuu_yaichi,3386654,16,1
k/da_kai'sa,3313939,36,1
victorious_(azur_lane),7054379,17,1
kana_(bunny_garden),7588840,17,1
ivy_(summer)_(fire_emblem),6515434,5,1
leo_(senran_kagura),6988861,12,1
atago_(summer_march)_(azur_lane),6982931,83,1
huttslayer_leia,9511015,54,1
barghest_(swimsuit_archer)_(first_ascension)_(fate),8051546,9,1
koharu_(swimsuit)_(blue_archive),8157083,45,1
fancy_(azur_lane),8310580,31,1
st._louis_(luxurious_wheels)_(azur_lane),4280003,67,1
formidable_(timeless_classics)_(azur_lane),4567164,52,1
dark_jeanne_(granblue_fantasy),5030891,8,1
trung_nhi_(second_ascension)_(fate),5229500,4,1
vei_(vtuber)_(4th_costume),5572833,38,1
aurora_(elite_ii)_(arknights),5547861,21,1
scathach_(third_ascension)_(fate),5786844,67,1
banba_mahiru,1891156,30,1
watabe_koharu,2365167,13,1
yasuri_nanami,2308620,96,1
void_princess_(elsword),2289317,4,1
enemy_vessel_(warship_girls_r),2533263,7,1
wu_zetian_(third_ascension)_(fate),7088856,13,1
shirogane_noel_(battle_nun),7794728,14,1
tate_(pokemon),6448692,26,1
sanger_zonvolt,185122,20,1
antispiral,489017,16,1
akaooni,1381841,3,1
artoria_pendragon_(swimsuit_ruler)_(fate),3604080,39,1
bremerton_(day-off_date)_(azur_lane),5085419,40,1
trung_trac_(second_ascension)_(fate),5230179,6,1
minamoto_no_raikou_(swimsuit_lancer)_(third_ascension)_(fate),3234959,4,1
ushiwakamaru_(swimsuit_assassin)_(first_ascension)_(fate),6874203,19,1
saber_alter_(swimsuit_rider)_(first_ascension),7402738,10,1
spas-12_(midsummer_fruit)_(girls'_frontline),7643532,22,1
cutie_honey_(character),6554402,8,1
himiko_(first_ascension)_(fate),9046981,2,1
sessyoin_kiara_(swimsuit_mooncancer)_(first_ascension),9045984,5,1
nagisa_(swimsuit)_(blue_archive),9659499,43,1
lahmu_(fate),9836855,19,1
mashiro_(swimsuit)_(blue_archive),8049748,16,1
witch_(left_4_dead),8557952,53,1
athena_(saint_seiya),8635136,5,1
houshou_marine_(ahoy!!_you're_all_pirates),8714918,14,1
noire_(ultra_dimension)_(neptunia),1410374,11,1
lin_(summer)_(arknights),4830198,28,1
southern_ocean_war_princess,5061320,10,1
itou_makoto_(school_days),5435334,8,1
executioner_(girls'_frontline),5469689,22,1
hunter_(girls'_frontline),5469689,22,1
ushiwakamaru_(second_ascension)_(fate),7060472,16,1
ade_(agent_bunny)_(nikke),9938878,15,1
belphegor_(umineko),8251104,14,1
takamori_haruka,8851523,20,1
garlock_simon,124322,9,1
birdy_cephon_altera,400630,25,1
sawai_natsuha,2126637,19,1
moe_(swimsuit)_(blue_archive),7881468,28,1
rupee_(nikke),6329128,9,1
team_aqua_grunt,9472662,10,1
sailor_star_healer,9974527,1,1
steven_quartz_universe,9948675,1,1
shimanto_(azur_lane),9901370,14,1
protagonist_(devil_survivor),456749,12,1
beowulf_(skullgirls),1389421,21,1
taigei_(swimsuit)_(kancolle),4523111,9,1
neru_(bunny)_(blue_archive),5781313,25,1
61cm_quadruple_torpedo_mount,1887725,5,1
tifa_lockhart_(lifeguard),7222938,13,1
ibuki_douji_(fate),7741511,47,1
kamen_america,6422487,13,1
exs-tia,9545780,1,1
alfimi,583030,12,1
amano_yukiteru,1048998,4,1
yonezawa_natsumi,1317873,6,1
kaname_tatsuya,3725034,10,1
aina_ardebit,5149659,13,1
bache_(showy_sports_star)_(azur_lane),7338910,36,1
white_delmo,7404848,14,1
exs-tia_spica,9545784,0,1
musashi_(the_purple_rabbit's_marksmanship)_(azur_lane),9652796,14,1
danny_(jojo),8452071,0,1
risky_boots,8620900,14,1
cloud_of_darkness,8981266,5,1
kotora_(toranoana),800501,3,1
akagi_(plum_and_snow)_(azur_lane),3228995,13,1
vittorio_veneto_(the_flower_of_la_spezia)_(azur_lane),7135412,23,1
illustrious_(maiden_lily's_radiance)_(azur_lane),6800549,44,1
mogador_(locker_room_lechery)_(azur_lane),7596227,24,1
calamity_jane_(first_ascension)_(fate),7482574,18,1
moro_(mononoke_hime),7618764,6,1
wolf_tengu_extra_(touhou),984992,33,1
raven_(stellar_blade),7489313,14,1
matara_kan_(1st_costume),7719324,19,1
green_heart_(neptunia),7705472,16,1
crown_(naked_king)_(nikke),7641032,53,1
misaki_(swimsuit)_(blue_archive),7900850,38,1
maushold_(family_of_four),6148225,20,1
hebiyoi_tier_(1st_costume),6413996,4,1
nitocris_(second_ascension)_(fate),8083393,8,1
jacques_de_molay_(foreigner)_(third_ascension)_(fate),8454612,16,1
rio_(bodysuit)_(blue_archive),8743072,75,1
rottytops,8620900,14,1
astraea_(fate),9199387,6,1
mikhail_buran,1032902,2,1
sideroca_(light_breeze)_(arknights),5443103,11,1
air_defense_princess,2774589,11,1
illustrious_(never-ending_tea_party)_(azur_lane),3052837,35,1
nemesis_(resident_evil),8818867,7,1
perseus_(unfamiliar_duties)_(azur_lane),4116199,21,1
frankie_foster,5537575,54,1
indomitable_(ms._motivationless_maid)_(azur_lane),5708311,45,1
izayoi_(blazblue),2453522,26,1
katsura_kokoro,156376,7,1
lao_jiu,971576,2,1
litchi_faye_ling,971576,2,1
asteion,1023349,13,1
yui_(ceremonial)_(princess_connect!),7066148,7,1
privaty_(unkind_maid)_(nikke),7202304,59,1
maxwell_(nikke),6145331,26,1
tien_(granblue_fantasy),6221890,26,1
nero_claudius_(swimsuit_caster)_(fate),6476603,40,1
ichika_(swimsuit)_(blue_archive),9654267,21,1
mobius_(daughter_of_corals)_(honkai_impact),10059957,1,1
souler_(fresh_precure!),9893983,41,1
koyanskaya_(chinese_lostbelt_outfit)_(fate),9813812,21,1
eishin_flash_(reines_plaetschern)_(umamusume),10050870,4,1
marina_(qipao)_(blue_archive),8067501,48,1
melusine_(third_ascension)_(fate),8911336,30,1
dovakini-chan_(nisetanaka),8845213,6,1
academy_ahri,2768788,18,1
beast_boy_(dc),7173844,31,1
maushold,6148225,20,1
azurda_(xenoblade),8575585,10,1
hk416_(herbal-flavored_hard_candy)_(girls'_frontline),7487828,27,1
alheitrakzoth,8789669,9,1
implacable_(azur_lane),8825176,64,1
shiny_heart_(alice_girls),3298508,1,1
hindenburg_(azur_lane),9461915,39,1
ak-12_(quiet_azure)_(girls'_frontline),3509166,28,1
frankenstein's_monster_(swimsuit_saber)_(third_ascension)_(fate),3372414,5,1
type_99_dive_bomber_fairy,3361783,5,1
king_slime_(dragon_quest),6744872,5,1
rukino_saki,5454187,7,1
jean_roque_lartigue,9144693,9,1
nitocris_(swimsuit_assassin)_(second_ascension)_(fate),7955608,24,1
reed_the_flame_shadow_(summer_flower)_(arknights),9200835,5,1
mori_calliope_(sleepwear),8546387,15,1
ira_(dokidoki!_precure),1891585,1,1
z46_(her_first_summer)_(azur_lane),3221481,10,1
rapi_(red_hood)_(red_flavor)_(nikke),9650673,46,1
azura_(lady_of_ballads)_(fire_emblem),6459590,30,1
mutou_hana,1654665,47,1
kamekichi,3241883,1,1
caren_hortensia_(amor_caren)_(third_ascension),9719159,9,1
scottie_(pokemon),3674228,5,1
bubble_head_nurse,5110700,28,1
magical_ruby_(hose),4055283,36,1
bb_(bb_shot!)_(fate),8029099,13,1
sailor_star_fighter,7997571,0,1
nuernberg_(azur_lane),4286252,42,1
sussurro_(summer_flower)_(arknights),7929581,15,1
mari_(swimsuit)_(blue_archive),6572976,43,1
kannagi_itsuki,413966,9,1
nise_maou_kanizeru,910051,11,1
achakura,459289,6,1
barghest_(second_ascension)_(fate),5426152,28,1
yang_guifei_(third_ascension)_(fate),3736189,17,1
misawa_maho,949982,10,1
kashino_(hot_springs_relaxation)_(azur_lane),4189525,21,1
mutsura_yuuto,9075105,1,1
daicon_bunny_girl,7478305,12,1
aphrodite_(hades),8854491,11,1
enterprise_(wind_catcher)_(azur_lane),6742656,30,1
hongryeon_(last_origin),5329043,25,1
lucia_fex,5149659,13,1
"implacable_(shepherd_of_the_""lost"")_(azur_lane)",8825176,64,1
corona_timir,1187339,3,1
elementalist_lux,6250867,9,1
typhon_(temperature_difference)_(arknights),9832142,11,1
cinderella_(glass_princess)_(nikke),9823843,12,1
melusine_(swimsuit_ruler)_(first_ascension)_(fate),8051557,7,1
yoshimi_(halloween)_(blue_archive),8362538,22,1
sylpheed,69623,3,1
santana_(jojo),2728077,6,1
bremerton_(relaxation_consultation)_(azur_lane),6648998,21,1
archer_(cool_and_wild)_(fate),6635984,6,1
hanasaki_momoko,8928703,3,1
sazanami_(swimsuit)_(kancolle),3392616,3,1
anastasia_(swimsuit_archer)_(second_ascension)_(fate),5123130,12,1
metallica_(majo_to_hyakkihei),6143229,34,1
frankenstein's_monster_(swimsuit_saber)_(second_ascension)_(fate),3331422,7,1
golden_delmo,3443234,4,1
wakamo_(swimsuit)_(blue_archive),9638114,22,1
rita_rossweisse_(phantom_iron),9852076,6,1
izumi_masamune,8250069,19,1
rengoku_(fate),7674308,30,1
vice-versa_(skullgirls),7513123,7,1
voroshilov_(azur_lane),9029857,14,1
mihara_(bonding_chain)_(nikke),9305922,17,1
sei_shounagon_(swimsuit_berserker)_(first_ascension)_(fate),5574933,20,1
maya_(azur_lane),3869155,7,1
ryugasaki_rene_(2nd_costume),4998483,4,1
debi_(black_survival),9297702,6,1
ikazuchi_(azur_lane),3013991,20,1
ukinami_yuzuha_(tanuki_in_broad_daylight),9725706,63,1
iris_amicitia,3492038,33,1
maiden_(ice_rose)_(nikke),8562217,23,1
scathach_(piercing_bunny)_(fate),4130951,18,1
hinata_(swimsuit)_(blue_archive),9638086,9,1
asmodeus_(umineko),8251104,14,1
sato_rikido,6016319,10,1
zuiun_(kancolle),5867386,11,1
himiko_(fate),9046981,2,1
elizabeth_bathory_(brave)_(fate),6830605,30,1
kasumi_kai_ni_(swimsuit)_(kancolle),7570369,10,1
shiomi_kaoru,1891897,11,1
ninian_(bright-eyed_bride)_(fire_emblem),7916016,13,1
hilling_care,420640,4,1
watanuki_banri,1283791,8,1
eun_(elsword),2771711,20,1
jeanne_d'arc_(swimsuit_archer)_(first_ascension)_(fate),3220390,6,1
manhattan_cafe_(the_bubbles_that_i_see_with_you)_(umamusume),6622271,24,1
devil_mercy,2523130,10,1
blue_toad_(mario),7327407,6,1
norba_shino,4082532,4,1
goinkyo,6307382,3,1
kokkoro_(ceremonial)_(princess_connect!),6493003,59,1
atalanta_alter_(second_ascension)_(fate),7425399,23,1
little_boy_admiral_(kancolle),2138128,1,1
warrior_(dq3),9689443,0,1
myrtle_(summer_flowers)_(arknights),7148388,18,1
skyla_(summer_2025)_(pokemon),9715349,13,1
swire_(summer)_(arknights),5541104,9,1
fyu-neru,8368935,6,1
sansei_muramasa,5676421,39,1
taihou_(fun_on_the_baize)_(azur_lane),9538278,35,1
juri_(part-time)_(blue_archive),8890322,8,1
nagato_(great_fox's_respite)_(azur_lane),7266668,54,1
pikario_(precure),7449391,4,1
mash_kyrielight_(swimsuit_of_perpetual_summer),3236508,7,1
raiden_mei_(rainy_springtide),8209483,17,1
passionlip_(third_ascension)_(fate),9281094,6,1
caenis_(swimsuit_rider)_(fate),6698960,47,1
tenochtitlan_(swimsuit_mooncancer)_(first_ascension)_(fate),9899805,0,1
oogami_marina,5430957,8,1
taihou_(forbidden_fruit)_(azur_lane),7708532,61,1
gloria_(summer_2021)_(pokemon),8699599,11,1
protean_assassin_melona,485344,5,1
shuten_douji_(halloween_caster)_(fate),9805359,4,1
marnie_(summer_2021)_(pokemon),8882762,13,1
northern_little_sister,3662194,15,1
loco_musica,7267063,17,1
tiamat_(femme_fatale)_(fate),3797532,62,1
sessyoin_kiara_(swimsuit_mooncancer)_(second_ascension),7142798,20,1
nakajou_tatsuya,3298508,1,1
yuuki_terumi,1151988,12,1
exs-tia_(exs-tia_3),9545780,1,1
luchador_(granblue_fantasy),3303916,10,1
bakugou_mitsuki,4908570,26,1
gunner_(final_fantasy),8595143,7,1
