character,id
hatsune_miku,9107026
hakurei_reimu,2113051
kirisame_marisa,3187076
remilia_scarlet,3499386
flandre_scarlet,2904680
izayoi_sakuya,3511005
artoria_pendragon_(fate),9606504
admiral_(kancolle),2748111
kochiya_sanae,7278543
cirno,3187080
alice_margatroid,8547429
komeiji_koishi,7499255
konpaku_youmu,4176754
patchouli_knowledge,8178498
yakumo_yukari,1625927
shameimaru_aya,4705385
reisen_udongein_inaba,7885194
fujiwara_no_mokou,5737753
akemi_homura,8192877
komeiji_satori,5814897
kaname_madoka,7642779
hong_meiling,7488519
sensei_(blue_archive),9362307
saigyouji_yuyuko,3342948
inubashiri_momiji,8817311
kaga_(kancolle),5750409
kagamine_rin,4829662
yakumo_ran,8272032
shimakaze_(kancolle),6905469
rumia,3187078
kaenbyou_rin,6437772
moriya_suwako,2027611
mash_kyrielight,3357047
chen,4286599
kazami_yuuka,597838
reiuji_utsuho,6524083
warrior_of_light_(ff14),6584684
miki_sayaka,2662508
hibiki_(kancolle),3318938
kawashiro_nitori,9522446
ganyu_(genshin_impact),5550693
shigure_(kancolle),3019669
tatara_kogasa,6186401
hinanawi_tenshi,2056939
link,4479383
kamishirasawa_keine,2963140
lumine_(genshin_impact),5310275
scaramouche_(genshin_impact),5455589
houraisan_kaguya,6394282
fujimaru_ritsuka_(male),9729050
raiden_shogun,8433120
sakura_kyoko,2662507
souryuu_asuka_langley,7348172
tomoe_mami,9624247
koakuma,4723269
mystia_lorelei,4920938
inaba_tewi,3187083
fujimaru_ritsuka_(female),3510915
ibuki_suika,4580463
kagamine_len,9025740
kongou_(kancolle),4032489
inazuma_(kancolle),3082582
houshou_marine,7762765
yuuka_(blue_archive),7802992
inkling_player_character,8268880
gawr_gura,6260662
nazrin,6923224
akagi_(kancolle),2928877
pikachu,3933436
gotoh_hitori,5954053
gardevoir,5100576
hijiri_byakuren,3196813
hina_(blue_archive),5808923
princess_zelda,6472208
asuna_(blue_archive),9327791
jeanne_d'arc_alter_(fate),2997205
houjuu_nue,4433633
tenryuu_(kancolle),9460178
tifa_lockhart,6599616
abigail_williams_(fate),3261905
fubuki_(kancolle),4504844
mizuhashi_parsee,3543198
yasaka_kanako,4690296
megurine_luka,4402803
firefly_(honkai:_star_rail),7606334
yagokoro_eirin,2599063
yuudachi_(kancolle),3668397
hu_tao_(genshin_impact),4854924
shirakami_fubuki,4305673
ikazuchi_(kancolle),2428400
nero_claudius_(fate),9489678
hoshimachi_suisei,7815975
cloud_strife,5505662
kasane_teto,9037171
mika_(blue_archive),6225360
akatsuki_(kancolle),3334123
kagiyama_hina,2281352
zuikaku_(kancolle),2999355
nanami_chiaki,4942856
2b_(nier:automata),7991949
toyosatomimi_no_miko,4469673
hamakaze_(kancolle),7668852
haruna_(kancolle),9016122
furina_(genshin_impact),9470423
suzumiya_haruhi,5188067
aether_(genshin_impact),7812661
nagato_(kancolle),5032178
hoshino_(blue_archive),7347067
frieren,6854721
hoshiguma_yuugi,5806247
fate_testarossa,8254631
usami_renko,7500729
yae_miko,7257465
daiyousei,5136849
nahida_(genshin_impact),6073670
illyasviel_von_einzbern,2647502
nishizumi_miho,2528152
producer_(idolmaster),4442758
morichika_rinnosuke,5469703
wriggle_nightbug,7977764
maribel_hearn,7500730
kashima_(kancolle),7393555
shiki_eiki,8461425
mori_calliope,7313897
shanghai_doll,5414618
ouro_kronii,5625456
tohsaka_rin,3395399
mononobe_no_futo,3172247
onozuka_komachi,4167367
akiyama_mio,9410916
imaizumi_kagerou,3656121
trainer_(umamusume),5500061
usada_pekora,7815971
rem_(re:zero),4590017
doctor_(arknights),3836739
tamamo_no_mae_(fate),690686
misaka_mikoto,4353850
scathach_(fate),4841929
rio_(blue_archive),6948060
ayanami_rei,8375293
suzuya_(kancolle),2495701
ryuujou_(kancolle),6192727
nagato_yuki,3692784
ninomae_ina'nis,6101069
jeanne_d'arc_(fate),5503456
toki_(blue_archive),6080733
megumin,6260989
shiroko_(blue_archive),5046833
serval_(kemono_friends),2628381
yor_briar,8052747
agnes_tachyon_(umamusume),8851166
aerith_gainsborough,7189462
houshou_(kancolle),5926279
zhongli_(genshin_impact),5281543
amiya_(arknights),6074281
matoi_ryuuko,5164843
kyubey,1337589
nekomata_okayu,8619689
lillie_(pokemon),4051800
takamachi_nanoha,8254621
amatsukaze_(kancolle),3963344
nakano_azusa,6149367
yuzuki_yukari,7773828
dawn_(pokemon),6492418
mari_(blue_archive),8490012
nanashi_mumei,6148311
nishikino_maki,9718115
sakura_miko,7587614
oma_kokichi,5026854
minato_aqua,7827424
toramaru_shou,5965841
kinomoto_sakura,6218240
okita_souji_(fate),9418390
kisaki_(blue_archive),6666787
sonoda_umi,3051877
takanashi_kiara,7452494
mona_(genshin_impact),5381043
hirasawa_yui,3780087
tojo_nozomi,2772096
tokoyami_towa,6760993
makima_(chainsaw_man),8334381
kafuu_chino,5071400
kazusa_(blue_archive),6407202
kaito_(vocaloid),9064394
kirby,4129076
pyra_(xenoblade),4392197
murakumo_(kancolle),3112578
manhattan_cafe_(umamusume),7917011
chun-li,5595845
astolfo_(fate),3077828
himekaidou_hatate,2811391
koharu_(blue_archive),7362799
kaku_seiga,4449924
nami_(one_piece),4248444
joseph_joestar,8528323
murasa_minamitsu,4705852
yukikaze_(kancolle),3873558
yazawa_nico,4036195
aris_(blue_archive),8184706
kayoko_(blue_archive),6715022
may_(pokemon),1713873
elysia_(honkai_impact),5397190
ayase_eli,6819952
ushio_(kancolle),3086798
hata_no_kokoro,3587851
yamato_(kancolle),5297557
atago_(kancolle),3340008
shoukaku_(kancolle),6016721
nagae_iku,10012976
shuten_douji_(fate),7378849
chihaya_anon,7983023
shibuya_rin,2365267
kujo_jotaro,5063426
northern_ocean_princess,2252956
gilgamesh_(fate),8334630
princess_peach,6332978
keqing_(genshin_impact),6903342
togawa_sakiko,8744701
rosa_(pokemon),5636941
kita_ikuyo,9224364
ibaraki_kasen,6472708
kitakami_(kancolle),3505625
mythra_(xenoblade),5815158
akebono_(kancolle),3437956
venti_(genshin_impact),5377241
tainaka_ritsu,3962942
texas_(arknights),6940386
samus_aran,6838495
miyako_yoshika,4163733
marnie_(pokemon),3590200
gold_ship_(umamusume),8867411
emiya_shirou,33804
hilda_(pokemon),8933304
hiiragi_kagami,3373433
mordred_(fate),9810251
saihara_shuichi,9247363
kurodani_yamame,4468730
kijin_seija,5171817
ooyodo_(kancolle),7627455
nishikigi_chisato,7364786
soga_no_tojiko,5954973
kumoi_ichirin,5662647
rice_shower_(umamusume),3076200
rensouhou-chan,4636438
clownpiece,2096789
oyama_mahiro,7731137
paimon_(genshin_impact),6103299
watanabe_you,3156444
darjeeling_(girls_und_panzer),3237210
kasodani_kyouko,2082914
fern_(sousou_no_frieren),7669722
march_7th_(honkai:_star_rail),9672917
matou_sakura,9606510
minamoto_no_raikou_(fate),3549904
kaban_(kemono_friends),3163017
izumi_konata,9224979
suletta_mercury,6447507
kafka_(honkai:_star_rail),6571316
hoshii_miki,3364354
nagasaki_soyo,7238579
archer_(fate),3854528
cu_chulainn_(fate),6401446
sekibanki,8321795
nishizumi_maho,3185619
karin_(blue_archive),7073791
ellen_joe,7809762
watson_amelia,5933877
female_admiral_(kancolle),2333170
komaeda_nagito,4663116
cynthia_(pokemon),3915430
kamisato_ayaka,6186526
c.c.,6261946
meiko_(vocaloid),8539834
tsukino_usagi,5065963
mejiro_mcqueen_(umamusume),4572485
morrigan_aensland,6882606
hieda_no_akyuu,5452653
aki_minoriko,4870833
daiwa_scarlet_(umamusume),3076077
ookami_mio,4285276
tatsuta_(kancolle),3136544
seia_(blue_archive),6865041
mutsu_(kancolle),3321100
asashio_(kancolle),3693306
minami_kotori,7300321
oozora_subaru,5724983
hinoshita_kaho,8467017
son_goku,9034537
tartaglia_(genshin_impact),5847537
junko_(touhou),7392129
amane_kanata,7587615
itsumi_erika,2843889
klee_(genshin_impact),4406473
ijichi_nijika,5769193
prinz_eugen_(kancolle),4938453
plana_(blue_archive),6611091
bb_(fate),4188746
sakamata_chloe,7587604
shiranui_(kancolle),3974963
hk416_(girls'_frontline),3396388
arona_(blue_archive),8965504
dio_brando,3854387
female_byleth_(fire_emblem),3750988
zero_two_(darling_in_the_franxx),3638206
shirogane_noel,6751419
ooi_(kancolle),3014979
inugami_korone,5683143
aru_(blue_archive),7115510
bismarck_(kancolle),4360136
sendai_(kancolle),2907444
miorine_rembran,5910859
monkey_d._luffy,6763519
momoi_(blue_archive),8946216
hanako_(blue_archive),6222102
musashi_(kancolle),3308958
fujishima_megumi,9034284
takao_(kancolle),8292191
aqua_(konosuba),6155276
anchovy_(girls_und_panzer),3834382
skadi_(arknights),7211352
adachi_rei,7158071
gloria_(pokemon),3527931
kisaragi_chihaya,7019200
medusa_(fate),8545034
sukuna_shinmyoumaru,4416520
midoriya_izuku,5491628
shenhe_(genshin_impact),5633641
yukihana_lamy,7223576
noa_(blue_archive),6373090
kiana_kaslana,5251873
baobhan_sith_(fate),6904766
ash_ketchum,5444890
hinata_hajime,7650385
yoko_littner,8929331
amami_haruka,6214694
futatsuiwa_mamizou,6690081
akashi_(kancolle),3295120
kosaka_honoka,3447034
eula_(genshin_impact),6808511
souryuu_(kancolle),3256526
sazanami_(kancolle),1937934
otomune_kozue,9061334
eevee,3899047
inoue_takina,7364789
asuna_(sao),2899038
anya_(spy_x_family),5452873
ako_(blue_archive),8954817
iseri_nina,9747259
kotobuki_tsumugi,9410914
lappland_(arknights),3563916
acheron_(honkai:_star_rail),7393764
oshino_shinobu,8994812
aki_shizuha,6946068
kikuchi_makoto,8297096
taihou_(azur_lane),7232034
hakos_baelz,6103888
nico_robin,2883196
mario,7923046
xiao_(genshin_impact),5036384
shiina_taki,7238584
hecatia_lapislazuli,2119143
red_(pokemon),2526565
yamashiro_(kancolle),6619601
suzuran_(arknights),3991922
d.va_(overwatch),2955948
senketsu,1693822
hasumi_(blue_archive),8948409
atago_(azur_lane),8263716
phainon_(honkai:_star_rail),9268068
akiyama_yukari,5953473
ereshkigal_(fate),8325427
samidare_(kancolle),6263474
hiei_(kancolle),3284082
letty_whiterock,9682072
shijou_takane,8471245
hoshizora_rin,4028580
shishiro_botan,7917517
hoshimi_miyabi,8457135
kiryuuin_satsuki,6218045
wo-class_aircraft_carrier,1472903
caesar_anthonio_zeppeli,1512450
cammy_white,8929362
shiori_novella,7946304
yamada_ryo,8961741
wakaba_mutsumi,8776537
tokai_teio_(umamusume),9716766
nilou_(genshin_impact),5903667
serena_(pokemon),7752700
shirasaka_koume,3062448
kasumi_(kancolle),6514693
kirishima_(kancolle),4750822
higuchi_madoka,5140789
power_(chainsaw_man),4469514
suigintou,7129777
mirko,6903201
shiranui_mai,8645327
iowa_(kancolle),9122963
yumemi_riamu,5149387
kieran_(pokemon),8709024
gumi,5263323
nerissa_ravencroft,6586310
prinz_eugen_(azur_lane),9939331
midori_(blue_archive),9750751
kanna_(blue_archive),7021081
meltryllis_(fate),7413520
minase_iori,9530525
ro-500_(kancolle),6878835
miyamoto_musashi_(fate),3486103
kitagawa_marin,9693154
octoling_player_character,7901825
lucina_(fire_emblem),5664975
selene_(pokemon),3692646
murano_sayaka,7452193
denji_(chainsaw_man),9776413
belle_(zenless_zone_zero),9426379
ikari_shinji,7386548
saori_(blue_archive),5803731
kiso_(kancolle),2844014
wakasagihime,3187089
roronoa_zoro,9383231
shimamura_uzuki,6846784
sagisawa_fumika,6317168
bakugou_katsuki,9862871
ceres_fauna,6162202
marcille_donato,6172525
bremerton_(azur_lane),3884081
kawaragi_momoka,7427657
la+_darknesss,6924927
sunny_(omori),7318673
uraraka_ochaco,6077321
morgan_le_fay_(fate),8432636
tsushima_yoshiko,3113026
ishtar_(fate),8815245
yahata_umiri,8506666
narukami_yu,9679781
silence_suzuka_(umamusume),5749057
yuubari_(kancolle),3904676
hiryuu_(kancolle),3257276
commander_(azur_lane),5871926
kishin_sagume,4922771
kuroki_tomoko,8693030
sparkle_(honkai:_star_rail),7233573
misumi_uika,9910466
takagaki_kaede,5149358
sonic_the_hedgehog,4523069
momose_ginko,7459702
mutsuki_(blue_archive),7140256
murasaki_shion,7587606
osawa_rurino,9129548
djeeta_(granblue_fantasy),8889230
iono_(pokemon),7068465
black_rock_shooter_(character),7369072
lily_white,6545494
edelgard_von_hresvelg,5121098
ganaha_hibiki,6540223
belfast_(azur_lane),3148142
furude_rika,7434510
formidable_(azur_lane),4484021
yugiri_tsuzuri,8067674
stocking_(psg),9102033
yuuki_makoto_(persona_3),8131320
sailor_moon,5626061
asahina_mikuru,5236866
miyu_(blue_archive),7603118
haruno_sakura,5528254
kal'tsit_(arknights),5516791
tachibana_arisu,6955263
amamiya_ren,9612250
sakurauchi_riko,9272568
ahri_(league_of_legends),3357609
sephiroth,4243823
nakiri_ayame,4906325
raiden_mei,4645306
graf_zeppelin_(kancolle),8536116
koizumi_hanayo,5857548
hatsutori_hajime,5495136
misty_(pokemon),5059421
gojou_satoru,6530986
chloe_von_einzbern,5929884
irys_(hololive),8148615
takatsuki_yayoi,6326564
shiranui_flare,6608371
fuwawa_abyssgard,9534486
unicorn_(azur_lane),2901376
mococo_abyssgard,9534485
arlecchino_(genshin_impact),7520287
seaport_princess,2190780
florence_nightingale_(fate),2693894
arcueid_brunestud,8200055
uzumaki_naruto,4102237
naganami_(kancolle),3062476
jougasaki_mika,3305136
yelan_(genshin_impact),6069018
naka_(kancolle),3456651
uruha_rushia,4078795
hikari_(blue_archive),7492292
doremy_sweet,2882284
yorigami_shion,2980820
monster_hunter_(character),3392939
nozomi_(blue_archive),7519437
karyl_(princess_connect!),4256543
exusiai_(arknights),3563838
female_corrin_(fire_emblem),5768415
zuihou_(kancolle),3050898
akamatsu_kaede,4353750
oda_nobunaga_(fate),5763883
takami_chika,9474379
fairy_(kancolle),6109695
wise_(zenless_zone_zero),7892657
futaba_anzu,3759839
tatsumaki,5943143
takebe_saori,3339188
ishmael_(project_moon),9343249
ichinose_shiki,3452985
kyon,4349458
bronya_zaychik,5712559
ryuuguu_rena,7701803
medicine_melancholy,4380077
jack_the_ripper_(fate/apocrypha),3497755
kisume,3023038
neru_(blue_archive),5809943
hiiragi_tsukasa,5907677
kujo_jolyne,5492778
holo,3510083
motoori_kosuzu,5450841
ump45_(girls'_frontline),8965657
nitocris_(fate),8730223
takarada_rikka,6905443
ui_(blue_archive),7000685
i-19_(kancolle),3077385
giorno_giovanna,9663073
satono_diamond_(umamusume),6024284
fu_hua,4569644
sanji_(one_piece),8934197
nakano_nino,4884154
emilia_(re:zero),4589105
jane_doe_(zenless_zone_zero),8665078
anyoji_hime,7544103
murasame_(kancolle),2476844
kanzaki_ranko,4221076
super_sonico,8217876
amate_yuzuriha,9239322
sanya_v._litvyak,283019
nice_nature_(umamusume),5747519
reze_(chainsaw_man),6892221
sirius_(azur_lane),5706181
kakyoin_noriaki,2240061
reisalin_stout,5895601
tsukino_mito,8027628
callie_(splatoon),9279829
kay_(girls_und_panzer),3116935
hestia_(danmachi),9923433
sheryl_nome,4079902
miyako_(blue_archive),7190898
kirigiri_kyoko,6499554
robin_(honkai:_star_rail),7615373
kizuna_akari,9037163
lunasa_prismriver,1189363
mikasa_ackerman,2948593
hakui_koyori,5736436
common_raccoon_(kemono_friends),3009958
sangonomiya_kokomi,6086217
kaedehara_kazuha,4963400
hyuuga_hinata,9454498
aisaka_taiga,5929093
silver_wolf_(honkai:_star_rail),6521031
nonomi_(blue_archive),6509742
don_quixote_(project_moon),8945750
eila_ilmatar_juutilainen,4591841
kiryu_coco,5451742
hifumi_(blue_archive),6359375
ruby_rose,9408087
shirogane_naoto,5425404
usami_sumireko,8671626
oguri_cap_(umamusume),9328609
surtr_(arknights),7637557
star_sapphire,1273851
yamakaze_(kancolle),3415484
ch'en_(arknights),4180821
nitta_minami,7610272
special_week_(umamusume),3076018
fischl_(genshin_impact),6344655
bowsette,3534759
shinosawa_hiro,9957130
han_juri,10001980
bridget_(guilty_gear),7760964
maya_(kancolle),3371306
w_(arknights),9862491
natsuiro_matsuri,6649983
dark_magician_girl,9101864
enoshima_junko,8006493
i-58_(kancolle),3699857
kitasan_black_(umamusume),6024286
weiss_schnee,5545127
kachimachi_kosuzu,7556275
touhoku_kiritan,9024045
shimada_arisu,3531753
hex_maniac_(pokemon),7135763
arch_bishop_(ragnarok_online),9984907
yagami_hayate,7178668
barbara_(genshin_impact),4117035
hoto_cocoa,4329605
mercy_(overwatch),4413653
twilight_(spy_x_family),5460035
aventurine_(honkai:_star_rail),7521970
kama_(fate),6941167
narmaya_(granblue_fantasy),7302467
shu_(arknights),7466929
nakano_miku,7491768
elizabeth_bathory_(fate),5387992
lelouch_vi_britannia,7454878
kouzuki_kallen,6261964
katyusha_(girls_und_panzer),5966786
akigumo_(kancolle),3173995
alice_(alice_in_wonderland),5703701
nia_teppelin,5403886
makise_kurisu,3535395
zani_(wuthering_waves),9288954
shirai_kuroko,3933382
marie_(splatoon),2633609
z1_leberecht_maass_(kancolle),3413735
fennec_(kemono_friends),2839011
aubrey_(omori),9396157
kirito,3649980
kokkoro_(princess_connect!),8919507
koshimizu_sachiko,3239162
mudrock_(arknights),7373503
symboli_rudolf_(umamusume),9826079
shokuhou_misaki,2899031
jonathan_joestar,6343100
taihou_(kancolle),7670556
gokou_ruri,3378665
jean_(genshin_impact),7644278
satonaka_chie,1365168
rosalina,7952729
kiyohime_(fate),8789122
luna_child,8675509
dan_heng_(honkai:_star_rail),7041435
utsugi_noriyuki,8479978
takamatsu_tomori,7238566
illustrious_(azur_lane),3618206
ayanami_(azur_lane),3238123
miura_azusa,6657722
higashikata_josuke,8113415
don-chan_(usada_pekora),10040152
mydei_(honkai:_star_rail),9231030
ibuki_(blue_archive),7141347
z3_max_schultz_(kancolle),5378215
leon_(pokemon),3528174
sunny_milk,5879498
warspite_(kancolle),5852262
kuma_(kancolle),4301648
raihan_(pokemon),4757334
yorigami_jo'on,8904378
kazama_iroha,9827947
jougasaki_rika,7527275
tokitsukaze_(kancolle),5320583
aoba_(kancolle),2964380
anastasia_(idolmaster),2933303
oboro_(kancolle),3656328
mayuzumi_fuyuko,7026080
chouzetsusaikawa_tenshi-chan,7366253
fusou_(kancolle),9860273
izuna_(blue_archive),7853821
i-401_(kancolle),10016192
kotomine_kirei,2091202
akari_(pokemon),4381919
shiroko_terror_(blue_archive),8482515
yoimiya_(genshin_impact),7399888
kumano_(kancolle),9571762
houjou_satoko,7434505
miyu_edelfelt,4560590
iori_(blue_archive),5380113
nagisa_kaworu,3979774
hagiwara_yukiho,6545150
hiroi_kikuri,7035473
reizei_mako,8360337
nessa_(pokemon),8976932
ichika_(blue_archive),6748662
diluc_(genshin_impact),7537005
mogami_(kancolle),9860294
mankanshoku_mako,5580881
eren_yeager,6841850
pecorine_(princess_connect!),4568708
izumi_sagiri,3195984
nicole_demara,7874645
toga_himiko,4398774
uchiha_sasuke,1755735
barnaby_brooks_jr.,964534
herta_(honkai:_star_rail),9943109
iskandar_(fate),3739573
ethan_(pokemon),5451735
uzuki_(kancolle),3401758
akizuki_ritsuko,6511053
kirima_syaro,1843409
matsuura_kanan,3150261
maekawa_miku,6454217
wa2000_(girls'_frontline),3948725
ashigara_(kancolle),3404225
kagerou_(kancolle),2272990
kikyou_(blue_archive),6894354
kurosawa_dia,3306202
nakano_yotsuba,9224235
nia_(xenoblade),6901744
hyuuga_(kancolle),3088455
rowlet,2356650
dizzy_(guilty_gear),7017141
waver_velvet,7223983
tomoe_gozen_(fate),3436780
takodachi_(ninomae_ina'nis),4140794
shiratsuyu_(kancolle),2388284
alhaitham_(genshin_impact),6995030
itadori_yuuji,5779107
matara_okina,5144010
ange_katrina,5706656
urakaze_(kancolle),5265888
falin_touden,8791423
yuzu_(blue_archive),5593196
lana_(pokemon),4659626
kaburagi_t._kotetsu,962981
harukawa_maki,3012408
satsuki_(kancolle),2257526
juliana_(pokemon),5159442
mika_(girls_und_panzer),3379646
takao_(azur_lane),3470878
dusk_(arknights),8300588
yoshida_yuuko,6932818
jinx_(league_of_legends),8520791
kiyoshimo_(kancolle),2993286
hatsuyuki_(kancolle),6346962
katsushika_hokusai_(fate),3446207
ram_(re:zero),4556526
sakurai_momoka,6291371
bea_(pokemon),3560176
beatrice_(umineko),6575793
saratoga_(kancolle),3094270
ranka_lee,4415244
miyafuji_yoshika,3256081
ayase_momo,9957924
darkness_(konosuba),8883515
lum,8687127
kaga_(azur_lane),7118366
kanna_kamui,5554475
rika_(pokemon),7368822
lize_helesta,5760517
jintsuu_(kancolle),1921385
arima_kana,7200876
charizard,9203740
omori_(omori),5569511
taigei_(kancolle),3403015
amber_(genshin_impact),7508654
yang_xiao_long,2992170
yukine_chris,4378040
dimitri_alexandre_blaiddyd,3574122
hayami_kanade,7144089
satou_kazuma,7536143
serika_(blue_archive),8497178
isokaze_(kancolle),3215713
castorice_(honkai:_star_rail),9128438
blue_oak,4641422
atlanta_(kancolle),3967914
tsukishiro_yanagi,9175018
lucario,8669923
piplup,3960025
haru_urara_(umamusume),5931258
kamado_nezuko,4099654
laffey_(azur_lane),9939261
koseki_bijou,8718689
sylveon,3260184
cyrene_(honkai:_star_rail),9742178
sua_(alien_stage),7764481
michishio_(kancolle),5819687
kurosawa_ruby,3150256
yuki_setsuna,4407617
omaru_polka,6416342
unryuu_(kancolle),2406250
enterprise_(azur_lane),3351845
changli_(wuthering_waves),7684032
senjougahara_hitagi,6354004
tsunomaki_watame,9303457
akitsu_maru_(kancolle),3106420
wei_wuxian,9447753
uehara_ayumu,8017217
iroha_(blue_archive),7181932
phosphophyllite,5475726
raora_panthera,8550136
kunikida_hanamaru,2681339
trafalgar_law,7506821
merlin_prismriver,5442551
harusame_(kancolle),4988123
tippy_(gochiusa),3585490
charlotte_(madoka_magica),887746
unzan,9675604
erica_hartmann,3475390
nagisa_(blue_archive),9793171
hatsuzuki_(kancolle),3770845
laios_touden,7318809
admire_vega_(umamusume),3076203
akagi_(azur_lane),5653413
mostima_(arknights),7073247
kagari_atsuko,5936857
yahagi_(kancolle),6718203
tamamo_cat_(fate),8503895
louise_francoise_le_blanc_de_la_valliere,5020372
asakura_toru,6201695
kicchou_yachie,7936054
mari_(omori),9570513
qiqi_(genshin_impact),5502776
angelina_(arknights),9609455
lyn_(fire_emblem),6400003
lyrica_prismriver,2981714
nian_(arknights),8331368
shana,3159571
hiro_(darling_in_the_franxx),2886957
mizi_(alien_stage),8322385
azusa_(blue_archive),6050988
lilith_(darkstalkers),6561762
hilbert_(pokemon),3297268
midorikawa_nao,6647080
simon_(ttgl),8729985
android_18,8176544
kise_yayoi,1244339
kamijou_touma,5568938
fou_(fate),8893870
futami_mami,7486295
fushiguro_megumi,6240461
kochou_shinobu,3632921
emiya_kiritsugu,3739589
fujita_kotone,8556577
vegeta,7217884
luigi,7952712
evelyn_chevalier,9441322
umbreon,3515426
kujikawa_rise,9668944
yura_(kancolle),2763349
chitanda_eru,4172274
wakamo_(blue_archive),5445705
ranma-chan,6133992
hong_lu_(project_moon),8082839
zhu_yuan,7887159
female_robin_(fire_emblem),3289542
kousaka_kirino,3318901
citlali_(genshin_impact),8799529
mizuno_ami,9944586
seele_vollerei,6253564
mihono_bourbon_(umamusume),3076169
melusine_(fate),9403105
ohtsuki_yui,5051517
gengar,3055660
asakura_ryoko,106430
panty_(psg),5491310
oberon_(fate),5888663
gertrud_barkhorn,8626360
accelerator_(toaru_majutsu_no_index),1405626
gran_(granblue_fantasy),4753567
leaf_(pokemon),3964835
twin_turbo_(umamusume),6612891
aigis_(persona),3811523
haguro_(kancolle),1921379
king_halo_(umamusume),3076243
ryougi_shiki,3110346
hishikawa_rikka,6379291
kudamaki_tsukasa,5473530
kokona_(blue_archive),9280091
makaino_ririmu,9870753
natsu_(blue_archive),9000990
hanekawa_tsubasa,3979631
momosuzu_nene,7536568
nikki_(nikki),8319215
ump9_(girls'_frontline),5016180
sessyoin_kiara,6144482
faust_(project_moon),9484998
ohara_mari,3150258
tone_(kancolle),1921424
kris_(deltarune),10042828
vodka_(umamusume),8506350
mutsuki_(kancolle),4195511
asahina_mafuyu,8374634
akagi_miria,6238738
curren_chan_(umamusume),3076207
kaeya_(genshin_impact),5497032
peroro_(blue_archive),5807112
t-head_admiral,9965305
mayano_top_gun_(umamusume),4964846
shinku,31938
hibiki_(blue_archive),7676014
junketsu,1627006
lyra_(pokemon),4114280
re-class_battleship,2269302
theresa_apocalypse,9834650
natori_sana,3241122
glaceon,6520821
gambier_bay_(kancolle),3775736
ibaraki_douji_(fate),6214000
shikinami_(kancolle),3299752
shadow_the_hedgehog,8327882
princess_daisy,3583325
makinami_mari_illustrious,7607930
anastasia_(fate),5503453
black_swan_(honkai:_star_rail),7020754
isuzu_hana,3154620
amy_rose,9026931
akai_haato,4694180
i-8_(kancolle),4845450
hilda_valentine_goneril,3770569
mallow_(pokemon),2570222
gangut_(kancolle),3508257
amagi_yukiko,7688834
miyuki_(kancolle),3172096
male_byleth_(fire_emblem),3574126
sinclair_(project_moon),6343102
monokuma,9039442
higuchi_kaede,8192094
springfield_(girls'_frontline),8841669
takane_lui,6818979
abukuma_(kancolle),9566193
kyonko,5188076
adventurer_(ff11),4919621
n_(pokemon),6754933
sonia_(pokemon),4021772
saki_(blue_archive),7622572
skyla_(pokemon),8263798
yoru_(chainsaw_man),5636995
camilla_(fire_emblem),2320264
9s_(nier:automata),8709393
saten_ruiko,1842255
aoki_reika,4728673
toshinou_kyouko,7543401
aino_minako,6803908
tsumiki_mikan,6644713
blake_belladonna,2594027
hachimiya_meguru,9808880
specter_(arknights),7099541
tachibana_kanade,8038186
ia_(vocaloid),2984363
sonozaki_mion,73062
neuvillette_(genshin_impact),6896223
futami_ami,9917716
akizuki_(kancolle),7173779
kuchiki_rukia,8640121
brendan_(pokemon),4647134
tighnari_(genshin_impact),5802549
higashiyama_kobeni,5912616
yi_sang_(project_moon),9482862
pola_(kancolle),7343379
komano_aunn,8447541
i-168_(kancolle),1771321
marina_(splatoon),7748416
high_priest_(ragnarok_online),8716869
kamikaze_(kancolle),3901438
nonna_(girls_und_panzer),4103927
lusamine_(pokemon),2570321
kisaragi_(kancolle),6695839
lynette_bishop,4456419
ise_(kancolle),8785020
kirlia,4753563
perrine_h._clostermann,5536808
yuffie_kisaragi,6946801
aotsuki_eito,8780300
clorinde_(genshin_impact),7795730
tamaki_iroha,3306140
kotonoha_akane,5214432
shiomi_kotone,7361868
morikubo_nono,2864449
shoebill_(kemono_friends),6584595
cheval_grand_(umamusume),8771262
kashiwazaki_sena,6539612
frisk_(undertale),9317318
azki_(hololive),9314010
u-511_(kancolle),2749743
albedo_(genshin_impact),6309259
sakura_futaba,3381012
tamamo_cross_(umamusume),9848876
takamaki_anne,4257701
carmine_(pokemon),8976568
ushiromiya_battler,7077234
asui_tsuyu,6788437
sumino_takumi,9782458
ujimatsu_chiya,3386129
akiyama_mizuki,8277394
charlotte_e._yeager,4902651
zero_(mega_man),9464346
johnny_joestar,1485770
makigumo_(kancolle),4792069
shirase_sakuya,6300660
sora_harewataru,9879679
shigure_ui_(vtuber),9823488
lysithea_von_ordelia,3603976
todoroki_shoto,5835543
seiran_(touhou),8563515
oumae_kumiko,5458539
shinonome_ena,8761443
florian_(pokemon),6103066
bulbasaur,3789921
ningguang_(genshin_impact),4529845
seiun_sky_(umamusume),3076099
takeba_yukari,8131321
inui_toko,10055929
tachibana_hibiki_(symphogear),9041699
fukumaru_koito,4080966
palutena,6796758
suiseiseki,7873741
burnice_white,8309557
hanamura_yousuke,1213158
ike_(fire_emblem),9112222
blade_(honkai:_star_rail),6509020
vivian_banshee,9479915
chando_(ado),8240412
awa_subaru,7427656
jun'you_(kancolle),2439096
hassan_of_serenity_(fate),3883516
jeanne_d'arc_alter_santa_lily_(fate),2849103
lucky_beast_(kemono_friends),6504044
suzutsuki_(kancolle),3081615
vertin_(reverse:1999),7310916
mimikyu,8055270
battleship_princess,6382796
hino_akane_(smile_precure!),1326927
kinugasa_(kancolle),7096300
zack_fair,7178275
takasaki_yu,7411549
sakata_gintoki,1703933
navia_(genshin_impact),8786558
shihouin_yoruichi,7682789
ushiwakamaru_(fate),7559926
shinki_(touhou),2738565
miyamoto_frederica,2944070
himemori_luna,7587611
shima_rin,3568278
takakura_ken_(dandadan),8557853
houjou_hibiki,1501939
tokisaki_kurumi,3237219
tedeza_rize,5091880
bulma,5489189
sinon,3439491
yae_sakura,5527458
kanroji_mitsuri,10052598
shinomiya_kaguya,9766942
shinjou_akane,7232802
kaveh_(genshin_impact),5804520
shampoo_(ranma_1/2),4902007
grass_wonder_(umamusume),10020123
eishin_flash_(umamusume),7346645
honda_mio,8330857
neptune_(neptunia),5127758
sirius_symboli_(umamusume),9689924
matikanetannhauser_(umamusume),5600380
ryu_(street_fighter),7685988
takanashi_rikka,1340064
napoleon_bonaparte_(fate),3739653
nachi_(kancolle),1921437
haruna_(blue_archive),6343486
osaka_shizuku,8895098
yuugumo_(kancolle),2208811
akaza_akari,7084766
kousaka_tamaki,7727775
vaporeon,5227285
nishizumi_shiho,3305746
maru-yu_(kancolle),1769231
barghest_(fate),7319649
yuzuki_choco,6308659
akatsuki_kirika,5267007
takara_miyuki,3470924
inoue_orihime,7628004
madotsuki,7618321
little_red_riding_hood_(fairy_tale_character),4697439
orange_pekoe_(girls_und_panzer),3562589
anis_(nikke),8941856
kotonoha_aoi,6973175
lio_fotia,5866172
kero_(cardcaptor_sakura),3825000
ak-12_(girls'_frontline),3316738
kurumi_erika,9122518
vita_(nanoha),79172
marie_antoinette_(fate),3854480
haruka_(blue_archive),7529235
koyanskaya_(fate),8779195
monika_(doki_doki_literature_club),8099455
hino_rei,9829470
endeavor_(boku_no_hero_academia),5230230
dante_(devil_may_cry),7776252
horikawa_raiko,6322177
kaname_raana,9354316
aida_mana,9252565
gentildonna_(umamusume),7248922
midna,6066055
espeon,8900131
naegi_makoto,2652927
professor_niyaniya_(blue_archive),7954516
commander_(girls'_frontline),3308807
shun_(blue_archive),8202553
sasaki_chie,3822886
javelin_(azur_lane),9939213
oyama_mihari,9808727
mima_(touhou),2982509
jessie_(pokemon),4214428
noshiro_(kancolle),3032427
jakuzure_nonon,5337352
katsuki_yuuri,3426181
ame-chan_(needy_girl_overdose),7084310
agnes_digital_(umamusume),3076209
senshi_(dungeon_meshi),7546436
kurokoma_saki,3595175
mr._c.b._(umamusume),9826072
toutetsu_yuuma,5041148
yuzuriha_inori,9008831
shirayuki_(kancolle),3749260
momota_kaito,4362417
choukai_(kancolle),7422946
noumi_kudryavka,3744751
silver_(pokemon),3572024
ikamusume,6586938
shiomi_syuko,2734969
felicia_(darkstalkers),558422
viktor_nikiforov,4270050
till_(alien_stage),8641433
etna_(disgaea),6231921
hoshikawa_sara,6804665
gotland_(kancolle),3389622
elira_pendora,5496173
yu_mei-ren_(fate),4481236
vivio,387461
goldenglow_(arknights),7521492
roll_(mega_man),1786765
cyno_(genshin_impact),5855932
kino_makoto,5065943
yaoyorozu_momo,5837723
tama_(kancolle),2848628
tennoji_rina,7411611
rensouhou-kun,3074836
ivan_(alien_stage),9262734
irisviel_von_einzbern,1051060
index_(toaru_majutsu_no_index),6179522
kuroshio_(kancolle),1601224
komi_shouko,3618592
nagatsuki_(kancolle),4274490
levi_(shingeki_no_kyojin),8224177
lisa_(genshin_impact),5720103
hoshizora_miyuki,3498108
shiina_yuika,10055926
tiki_(fire_emblem),9996972
son_gohan,6443450
pepperoni_(girls_und_panzer),6744940
isekaijoucho,5916296
hoshino_ai,6672581
kurosaki_ichigo,6917148
kirijou_mitsuru,8131322
hikawa_sayo,6118564
ryoshu_(project_moon),9354279
atou_haruki,7807780
ringo_(touhou),8616982
andou_(girls_und_panzer),8943359
zundamon,8071159
hoshi_syoko,3302935
edward_elric,6850769
daidouji_tomoyo,3018333
mithrun,9053120
chiyoda_momo,6154843
hanyuu,699895
chibi_usa,4607180
osaki_amana,8141165
t.m._opera_o_(umamusume),7021859
yanfei_(genshin_impact),7124483
yayoi_(kancolle),3500552
ramlethal_valentine,6496668
lynette_(genshin_impact),7349905
teruzuki_(kancolle),9352910
irene_(arknights),5589839
sunday_(honkai:_star_rail),7443271
northern_white-faced_owl_(kemono_friends),3232418
nakasu_kasumi,7411564
terra_branford,6291561
shibuya_kanon,7367102
hatoba_tsugu,5626279
narita_brian_(umamusume),5151171
male_robin_(fire_emblem),2788144
iizunamaru_megumu,6034010
sprigatito,5172936
fubuki_(one-punch_man),2231910
ayanami_(kancolle),2917401
kuwayama_chiyuki,9951313
tohru_(maidragon),4639896
hayakawa_aki,9776427
getou_suguru,8270848
hojo_karen,6806560
astra_yao,8974626
sussurro_(arknights),9753974
g11_(girls'_frontline),3319819
osakabehime_(fate),3648302
kizuna_ai,2964635
saria_(arknights),4608085
kujou_sara,4654481
natsuki_subaru,9634390
sakamoto_mio,9860613
silver_fox_(kemono_friends),3233414
misumi_nagisa,3563309
japanese_crested_ibis_(kemono_friends),2685311
eternity_larva,6456040
fujiwara_chika,6702176
krista_lenz,4626245
hozuki_momiji,9977683
kasugano_sakura,559462
kamiya_nao,3607825
ranni_the_witch,5185393
morino_rinze,5360522
tsukioka_kogane,3270032
pearl_(splatoon),6117566
lopunny,3651950
mitaka_asa,5793938
nagatoro_hayase,3980779
ashiya_douman_(fate),8211127
priest_(ragnarok_online),8699440
arashio_(kancolle),6147374
matsuno_osomatsu,2653113
jigglypuff,9161431
souseiseki,172334
asashimo_(kancolle),3169894
yamato_(one_piece),5791877
suzukaze_(kancolle),2387706
myoukou_(kancolle),7233458
mavuika_(genshin_impact),8667133
phoebe_(wuthering_waves),8841636
yoisaki_kanade,5986105
ubel_(sousou_no_frieren),9230634
sonozaki_shion,8545491
katsuragi_(kancolle),3873120
moroboshi_kirari,8799000
nakano_ichika,9724076
helena_blavatsky_(fate),2538940
kamado_tanjirou,7091188
kirigaya_suguha,3083110
nekomusume,3525655
kureiji_ollie,9814993
yowane_haku,4511217
matsuno_karamatsu,9838905
serizawa_asahi,4462378
roxy_migurdia,7109300
ootori_emu,9814115
nagi_(kannagi),8330064
james_(pokemon),7365140
nakano_itsuki,9724063
hanami_ume,8830321
himari_(blue_archive),7156435
dr._ratio_(honkai:_star_rail),8036731
agano_(kancolle),3708364
kasumi_(doa),134654
yuutenji_nyamu,8163396
kugisaki_nobara,5661030
enkidu_(fate),7985065
matsuno_ichimatsu,2261093
air_groove_(umamusume),3077440
rosehip_(girls_und_panzer),3550736
nanasaki_ai,5166280
watatsuki_no_yorihime,7039456
tokino_sora,8483680
honolulu_(azur_lane),3012174
chara_(undertale),8486542
kenzaki_makoto,1548923
isuzu_(kancolle),2321000
emma_verde,2843380
mei_(overwatch),3653074
selen_tatsuki,5879236
beidou_(genshin_impact),5129448
elesa_(pokemon),1964112
haniyasushin_keiki,3607175
grey_wolf_(kemono_friends),3410332
yoshimi_(blue_archive),9092402
raphtalia,3628078
koizumi_itsuki,8087298
gigi_murin,8137792
sieg_(fate),9688908
sakuma_mayu,8342386
irida_(pokemon),9100788
otonashi_kotori,3307215
leafeon,6520820
wolverine_(x-men),9732542
bowser,7952718
reisa_(blue_archive),6284552
ciel_(tsukihime),8201004
scorbunny,3429802
fujibayashi_kyou,4781621
ezo_red_fox_(kemono_friends),2898619
liko_(pokemon),8405986
an-94_(girls'_frontline),8789036
eous_(zenless_zone_zero),7954324
konjiki_no_yami,8996585
rebecca_(cyberpunk),7977070
niwatari_kutaka,3601281
stark_(sousou_no_frieren),7222654
matsuno_jyushimatsu,2233556
tony_tony_chopper,2106538
android_21,5746196
moogle,3640378
ark_royal_(kancolle),2846240
elphelt_valentine,8189862
tracer_(overwatch),2697527
oshawott,2990666
shantae,8088908
sunazuka_akira,6235331
pit_(kid_icarus),6799800
tsunade_(naruto),2950083
furukawa_nagisa,6710155
martha_(fate),3854478
tateyama_ayano,6406220
elsa_(frozen),2540442
char_aznable,8997661
shiver_(splatoon),8360711
rapi_(nikke),8652325
kitazawa_shiho,7358709
nishida_satono,6490556
noelle_(genshin_impact),5866240
justice_task_force_member_(blue_archive),6934873
squirtle,8834180
sora_(kingdom_hearts),8576018
saren_(princess_connect!),8873947
marianne_von_edmund,5845699
tenma_tsukasa,6848799
signum,654660
tsukumo_benben,9542697
igarashi_futaba,5029360
wriothesley_(genshin_impact),6645318
akane_(blue_archive),6112550
oshida_(girls_und_panzer),3382849
niijima_makoto,9189098
widowmaker_(overwatch),8945661
heathcliff_(project_moon),9225456
kamoi_(kancolle),2728704
hoshiguma_(arknights),9862303
ryoumen_sukuna_(jujutsu_kaisen),5922081
kamisato_ayato,5237033
kris_(pokemon),9182610
gladion_(pokemon),5798284
daitaku_helios_(umamusume),9049141
kaguya_luna,3540598
yukinoshita_yukino,7775179
nemona_(pokemon),5920397
francesca_lucchini,9200249
pekomama,7413368
furutaka_(kancolle),2515005
ichihara_nina,6035128
hanasaki_tsubomi,9365373
teireida_mai,5501340
blaze_the_cat,5494538
elio_(pokemon),5777401
last_order_(toaru_majutsu_no_index),6089235
komiya_kaho,7982816
z23_(azur_lane),9939262
jungle_pocket_(umamusume),6186990
ruan_mei_(honkai:_star_rail),7639341
tashkent_(kancolle),3502697
makoto_nanaya,4257289
kemomimi-chan_(naga_u),3344413
gamagoori_ira,8286897
miyashita_ai,6375462
diana_cavendish,2587430
katsuragi_misato,4472657
yuki_judai,4552392
jervis_(kancolle),3886085
hikawa_hina,3166294
shorekeeper_(wuthering_waves),9885590
chi-chi_(dragon_ball),6113270
backbeako_(torotei),9431893
elegg_(nikke),7266917
snivy,4018374
sonoda_chiyoko,6246341
purple_heart_(neptunia),9996139
leafa_(sao),2702527
lucifer_(helltaker),5016201
kagura_(gintama),4888350
rex_(xenoblade),6237345
atalanta_(fate),4680904
sans_(undertale),9758273
kamio_misuzu,7899703
shuji_ito,9525699
kishibe_rohan,1485780
america_(hetalia),9763660
ao_isami,9841969
camellya_(wuthering_waves),8671387
mimura_kanako,7202545
bibi_(tokoyami_towa),7626062
noire_(neptunia),5470615
fletcher_(kancolle),4501354
i-class_destroyer,2272621
united_kingdom_(hetalia),309582
mamiya_(kancolle),3170231
tamura_yuri,4307887
squall_leonhart,5596614
von_lycaon,9731691
asaka_karin,7411551
herrscher_of_sentience,4560130
bianca_(pokemon),4575994
atsuko_(blue_archive),7097555
takagi-san,2664228
popuko,9116910
m16a1_(girls'_frontline),8965894
meisho_doto_(umamusume),3076196
nishi_kinuyo,3219127
libeccio_(kancolle),3406361
kirino_ranmaru,1678632
matikanefukukitaru_(umamusume),8232979
matsuno_choromatsu,2653127
tharja_(fire_emblem),5889616
eris_greyrat,4370205
nanami_kento,5922580
deadpool,713107
female_alear_(fire_emblem),7155774
m4a1_(girls'_frontline),9903647
noel_vermillion,6571750
wattson_(apex_legends),7818101
cecilia_immergreen,8492819
nanachi_(made_in_abyss),6018278
funami_yui,3097600
harada_minoru,7709538
suou_momoko,7479279
moona_hoshinova,8418737
ashido_mina,3494775
natsume_rin,8246369
narita_taishin_(umamusume),3076138
katsuragi_ace_(umamusume),9683122
sakuragi_mano,9808817
etorofu_(kancolle),7704680
tsurugi_(blue_archive),5975802
konoe_kanata,6714618
dante_(limbus_company),6473078
spider-man,9412645
slime_(dragon_quest),3626919
ho'olheyak_(arknights),6256608
boa_hancock,5652910
tomioka_giyuu,3781216
x_(mega_man),5248705
cyndaquil,3064981
xingqiu_(genshin_impact),5407479
shinano_(azur_lane),5799946
isonami_(kancolle),3471391
kuzuha_(nijisanji),8963101
ushiromiya_ange,4727554
tsurumaki_maki,9938972
hawks_(boku_no_hero_academia),5783097
pochita_(chainsaw_man),5778394
charmander,4641132
frankenstein's_monster_(fate),7812973
backbeard,103975
yukishiro_honoka,1785891
saitama_(one-punch_man),8651809
kousaka_reina,2606262
sabrina_(pokemon),3632316
flareon,5227294
hisakawa_hayate,6367331
iruma_miu,10013627
eimi_(blue_archive),6497956
kamui_gakupo,8151733
aile_(mega_man_zx),8208478
lan_wangji,9327339
jill_valentine,9492912
richelieu_(kancolle),3390451
cinnamoroll,7697330
hoshino_ruby,7750915
tsubaki_(blue_archive),9377794
blue_poison_(arknights),3564033
passionlip_(fate),7565027
yuigahama_yui,3395940
jean_pierre_polnareff,6194620
minamino_kanade,6014667
eyjafjalla_(arknights),5136354
kawakaze_(kancolle),2134048
meowscarada,5876500
hanami_saki,9946334
sengoku_nadeko,7810831
himeno_(chainsaw_man),9776491
super_creek_(umamusume),3076146
dantsu_flame_(umamusume),7249070
bruno_bucciarati,4424512
jirachi,1180858
sonya_(kill_me_baby),3491500
tanaka_mamimi,9808986
sendai_hakurei_no_miko,2254947
ninomiya_asuka,4158848
gyro_zeppeli,10055804
joutouguu_mayumi,4387650
still_in_love_(umamusume),7367280
hayashimo_(kancolle),7689645
baltimore_(azur_lane),8495623
rouge_the_bat,8724591
medjed_(fate),4585953
yumeno_himiko,9156655
altera_(fate),2603171
sonetto_(reverse:1999),6818050
piers_(pokemon),8758354
celestia_ludenberg,4521904
mejiro_ardan_(umamusume),8532821
kusanagi_motoko,8519557
mifune_shioriko,7411619
portgas_d._ace,10068349
bayonetta,5795638
yuuki_haru,3570116
tendou_akane,9886446
ling_(arknights),9087368
rosmontis_(arknights),9862210
meowth,3766641
rydia_(ff4),9657049
princess_king_boo,3269220
hoshino_aquamarine,6630620
matou_kariya,1124943
calem_(pokemon),5196539
eurasian_eagle_owl_(kemono_friends),3232420
kabru,9129378
matoba_risa,6188189
karna_(fate),8378786
rita_rossweisse,8335592
smart_falcon_(umamusume),3076136
chongyun_(genshin_impact),5563664
tohno_akiha,13751
m4_sopmod_ii_(girls'_frontline),3309115
kagamihara_nadeshiko,3083626
leon_s._kennedy,6213709
katori_(kancolle),3248586
killua_zoldyck,6019831
isoi_reiji,7692316
st_ar-15_(girls'_frontline),3469049
matsuno_todomatsu,2653186
yuno_(hidamari_sketch),1694636
toto-sama_(fate),3177996
luciana_de_montefio,8232657
chilchuck_tims,7056520
mountain_(arknights),4253264
airi_(blue_archive),6970044
lyney_(genshin_impact),6517501
caenis_(fate),4680910
dehya_(genshin_impact),7544113
topaz_(honkai:_star_rail),8152875
merlin_(fate),5715343
frederica_bernkastel,7033266
maebara_keiichi,1575065
anby_demara,7893816
fubuki_(blue_archive),6207756
tsukimura_temari,9663771
godzilla,7409628
mikazuki_munechika,2849596
osaki_tenka,9951348
araragi_koyomi,7158229
yang_guifei_(fate),7134406
iris_(pokemon),9429277
yixuan_(zenless_zone_zero),9218449
yoshikawa_chinatsu,5349992
kururugi_suzaku,6261956
boudica_(fate),5796574
oreki_houtarou,4610556
matsumoto_rangiku,3337262
tatsumi_kanji,7352973
arjuna_(fate),9666255
rabbit_yukine,3000148
leona_heidern,8719259
kashuu_kiyomitsu,1934069
hachikuji_mayoi,9973617
akita_neru,8758486
amami_rantaro,7535300
uiharu_kazari,6244404
ichikawa_hinana,8486722
oomuro_sakurako,3692702
yuri_lowell,9764996
kuma_(persona_4),9715549
aozaki_aoko,9682688
hoshimiya_ichigo,3898007
muelsyse_(arknights),7884607
maka_albarn,6187685
elizabeth_rose_bloodflame,7750182
kusanagi_nene,9476554
alpaca_suri_(kemono_friends),3090943
chongyue_(arknights),7586280
moe_(blue_archive),7552685
mega_man_(character),8110483
aranara_(genshin_impact),7700096
jaguar_(kemono_friends),6353709
maizono_sayaka,5488089
tsukumo_sana,5397541
himmel_(sousou_no_frieren),9566822
kadotani_anzu,7850798
schwarz_(arknights),9015360
umikaze_(kancolle),3385436
japan_(hetalia),5902357
shouhou_(kancolle),7969450
kazano_hiori,6571356
torchic,4311865
wraith_(apex_legends),5895289
totoki_airi,3298745
monomi_(danganronpa),4747420
abe_nana,6359328
koyuki_(blue_archive),6150217
carlotta_(wuthering_waves),8931071
kishinami_hakuno_(female),8065794
rias_gremory,8857819
yamada_anna,7183985
garchomp,9370830
hisakawa_nagi,3516554
siege_(arknights),3563812
tokiko_(touhou),8440688
oyashio_(kancolle),6203965
mizunashi_akari,9611948
lovely_labrynth_of_the_silver_castle,7498988
marie_(girls_und_panzer),3541493
higashi_setsuna,5892140
ymir_(shingeki_no_kyojin),1491637
biwa_hayahide_(umamusume),3076182
sukoya_kana,5941063
virtuosa_(arknights),6805943
kamina_(ttgl),7867363
modeus_(helltaker),8772017
sobble,9371590
mioda_ibuki,6014300
cipher_(honkai:_star_rail),9503658
jiro_kyoka,5837736
outis_(project_moon),6332918
mejiro_dober_(umamusume),3076238
blanc_(neptunia),5315217
katou_asuka,4671951
cagliostro_(granblue_fantasy),2410093
hagikaze_(kancolle),9491767
aglaea_(honkai:_star_rail),8468814
a2_(nier:automata),6322844
yamashiro_(azur_lane),3366451
le_malin_(azur_lane),3899485
natsuki_(doki_doki_literature_club),6931309
kozakura_marry,6181490
zidane_tribal,5531814
cure_peace,10034291
fine_motion_(umamusume),7784185
vivlos_(umamusume),7053515
kurapika,8502835
azura_(fire_emblem),6202529
pipimi,7472965
anaxa_(honkai:_star_rail),9598897
white_mage_(final_fantasy),717357
columbina_(genshin_impact),9820142
elin,4793918
theodore_riddle,7852263
kageyama_shigeo,6246521
garnet_til_alexandros_xvii,5467369
grusha_(pokemon),7493210
emperor_penguin_(kemono_friends),6954809
watatsuki_no_toyohime,4466112
tsukikage_yuri,3938706
nursery_rhyme_(fate),7646125
yumi_(senran_kagura),6469356
braixen,6232396
dido_(azur_lane),7054389
commander_(nikke),7917195
lewis_smith,9841977
pavolia_reine,9814996
hirasawa_ui,3414889
vi_(league_of_legends),7087693
nepgear,5051635
verxina_(umamusume),7071546
asagumo_(kancolle),3470484
medb_(fate),3854475
sakurako_(blue_archive),6353847
assam_(girls_und_panzer),4250841
raven_(dc),7898029
lucy_(cyberpunk),6052789
yamato-no-kami_yasusada,1915807
tang_keke,7367103
manaka_laala,7877036
ju_fufu,9848447
oribe_yasuna,6203133
chris_redfield,5062894
minna-dietlinde_wilcke,5776474
hop_(pokemon),3528183
arashi_(kancolle),7488714
kamukura_izuru,7547419
mitake_ran,3442188
himeko_(honkai:_star_rail),7689866
heanna_sumire,7367105
riesz,6245159
akali,4705128
kohaku_(tsukihime),3025970
claude_von_riegan,3574118
konno_junko,9826965
tenkyuu_chimata,4504409
boo_(mario),6619342
anila_(granblue_fantasy),6332825
zeta_(granblue_fantasy),4905537
maikaze_(kancolle),3561175
malenia_blade_of_miquella,5349468
nijigaoka_mashiro,7333716
chikorita,3759327
mikuma_(kancolle),4436792
cartethyia_(wuthering_waves),8981793
m200_(girls'_frontline),8513169
nemoto_hina,5465507
meta_knight,6070817
yunyun_(konosuba),9769197
popplio,3862084
pichu,4317863
may_(guilty_gear),3644299
tepig,671554
colorado_(kancolle),9061988
tsukuyomi_shirabe,7034281
trunks_(dragon_ball),5963664
air_shakur_(umamusume),9659016
marth_(fire_emblem),2703077
ooshio_(kancolle),3956359
oikawa_shizuku,8108831
tohno_shiki,8200527
narita_top_road_(umamusume),5762244
pomu_rainpuff,6761863
gallade,4595778
micaiah_(fire_emblem),6201907
sasaki_saku,10055924
tarnished_(elden_ring),9485575
enemy_lifebuoy_(kancolle),3412727
kashino_(azur_lane),4281837
chitose_(kancolle),3805284
qingyi_(zenless_zone_zero),8283379
okumura_haru,3593022
lucoa_(maidragon),3838121
sona_(league_of_legends),7297528
hello_kitty_(character),3402068
hatsukaze_(kancolle),9897010
caren_hortensia,15221
phoenix_wright,5042433
reiner_braun,7258596
russia_(hetalia),9363555
suomi_(girls'_frontline),3311403
poring,9313213
angela_(project_moon),7949423
johnston_(kancolle),3457655
albedo_(overlord),7424884
zara_(kancolle),2388718
kirara_(genshin_impact),6215236
takeda_harumi,5009705
isabelle_(animal_crossing),4217783
victor_(pokemon),3528172
momo_(nikki),10058456
okabe_rintarou,2637409
mualani_(genshin_impact),7893955
arisugawa_natsuha,3719575
ragna_the_bloodedge,331598
frye_(splatoon),7005496
maki_(blue_archive),9373418
xuangzang_sanzang_(fate),2849100
alisa_ilinichina_amiella,2243166
fujisaki_chihiro,4517510
uzaki_hana,6361253
kamishiro_rui,9361895
momoe_nagisa,7700870
dragonite,8377802
hyakumantenbara_salome,7340267
haramura_nodoka,9826382
sweep_tosho_(umamusume),3076174
green_(pokemon),8788883
usopp,8662696
furutani_himawari,9431604
alice_thymefield,9749899
murasaki_shikibu_(fate),6910301
tsurumaru_kuninaga,2867356
baiken,3858525
mudkip,3862097
kisaragi_shintarou,7769618
xiangling_(genshin_impact),6443587
soukaku_(zenless_zone_zero),9118616
kirara_(blue_archive),7556415
armin_arlert,9281447
kaneki_ken,9002336
nakamura_yuri,3385605
jinhsi_(wuthering_waves),8353558
kazanari_tsubasa,7480420
hourai_doll,1102593
jingliu_(honkai:_star_rail),6990890
nagato_(azur_lane),9940070
lucas_(pokemon),4381910
chikuma_(kancolle),1921430
spider-gwen,6187295
tsukumo_yatsuhashi,5574116
hatsushimo_(kancolle),2517253
kawashima_momo,6763825
agent_8_(splatoon),8832333
hokko_tarumae_(umamusume),5969012
mejiro_palmer_(umamusume),6403525
ayane_(blue_archive),6840868
ukinami_yuzuha,9660349
shinonome_akito,7365958
collei_(genshin_impact),5717185
ceras_yanagida_lilienfeld,9129552
nate_(pokemon),5422681
sajo_yukimi,5886233
inuyama_aoi,3043592
caitlyn_(league_of_legends),5201415
yuuki_mikan,6655265
guido_mista,5988195
hishi_miracle_(umamusume),6088320
gwen_(league_of_legends),6703158
mio_(xenoblade),7726437
blaze_(arknights),9861420
charlotte_dunois,2631485
fumizuki_(kancolle),4364685
kaf_(kamitsubaki_studio),8786792
tomoe_hotaru,2187558
utage_(arknights),8056540
kazagumo_(kancolle),2705160
tails_(sonic),6127071
myoudouin_itsuki,5663847
yoroizuka_mizore,5470829
mew_(pokemon),8788012
male_corrin_(fire_emblem),2626975
momozono_love,5892128
kuki_shinobu,5229590
himesaki_rinami,8073376
otomachi_una,7136262
cantarella_(wuthering_waves),9868805
tsushima_(kancolle),3277944
penny_(pokemon),5954524
ichigo_(darling_in_the_franxx),6797105
vash_the_stampede,6635091
ryuzaki_kaoru,8135094
chrom_(fire_emblem),3546046
suzuhara_lulu,3922329
latias,3290218
yamamura_sadako,7403765
olimar,9052334
asaba_harumasa,8562705
ingo_(pokemon),5196414
mobius_(honkai_impact),5568320
cure_marine,8980998
steven_stone,5312039
yuri_(doki_doki_literature_club),6515339
damian_desmond,5262796
cinderella_(nikke),9902513
shigure_(blue_archive),8154599
hyacine_(honkai:_star_rail),9383365
ta-class_battleship,1769152
ru-class_battleship,1927753
arven_(pokemon),8625277
ceobe_(arknights),3798811
jolteon,8981251
feixiao_(honkai:_star_rail),8123232
magnemite,3769721
tenjouin_asuka,3991867
hiyori_(blue_archive),8329328
red_pikmin,6471214
kos-mos,5497910
floyd_leech,8515577
silica,3375117
hoshino_fumina,1820773
captain_(kemono_friends),7507773
enna_alouette,5492048
sucy_manbavaran,4155827
kasumi_(blue_archive),8408214
fuuka_(blue_archive),7741221
bede_(pokemon),6652000
absol,4387341
eunie_(xenoblade),5700334
edmond_dantes_(fate),3854508
elaina_(majo_no_tabitabi),3035441
new_jersey_(azur_lane),7616764
carpaccio_(girls_und_panzer),5522166
waddle_dee,7124235
maria_cadenzavna_eve,5715455
oshino_ougi,5547698
y'shtola_rhul,3208532
fuji_kiseki_(umamusume),6044041
amanogawa_kirara,3343100
sylphiette_(mushoku_tensei),9714058
perona,8791196
akizuki_ryo,9763912
cure_sky,9225141
kamikita_komari,6902778
zara_(azur_lane),8220705
lux_(league_of_legends),7550875
kako_(kancolle),7668866
shiraishi_an,6413920
la_pluma_(arknights),7774115
sameko_saba,9550663
ro635_(girls'_frontline),3460439
arataki_itto,5814101
izumi_mei,6290032
i-26_(kancolle),2539465
hayasui_(kancolle),2999499
gon_freecss,8633001
arle_nadja,3943905
hau_(pokemon),2379993
raichu,8878587
dorothea_arnault,8293370
vikala_(granblue_fantasy),8358792
mochizuki_(kancolle),3526069
type_95_(girls'_frontline),7544053
arthur_pendragon_(fate),7567205
violet_evergarden,5365022
tenochtitlan_(fate),7331224
makabe_mizuki,6854259
rx-78-2_gundam,4627653
yuuri_(shoujo_shuumatsu_ryokou),4781888
grookey,3528259
euryale_(fate),6704588
shidare_hotaru,6563249
kiran_(fire_emblem),3871698
yusa_kozue,2724546
nanao_yuriko,8342388
kyoka_(princess_connect!),6495835
kanou_aogu,7853197
intrepid_(kancolle),3648513
cheren_(pokemon),8296553
alolan_vulpix,6566140
rosaria_(genshin_impact),5538788
chito_(shoujo_shuumatsu_ryokou),4454527
bernadetta_von_varley,9479779
aki_rosenthal,7972872
silence_(arknights),3847154
tsuruya,5206767
sakura_chiyono_o_(umamusume),9991375
eve_(elsword),9172843
caesar_king_(zenless_zone_zero),8225880
serina_(blue_archive),9678747
kim_dokja,5646152
corin_wickes,7887571
vincent_valentine,9968964
namazuo_toushirou,1966522
fukawa_toko,8382726
assassin_cross_(ragnarok_online),6237728
king_hassan_(fate),4408065
aoyagi_touya,6997955
katsuragi_lilja,9372396
guts_(berserk),7293655
kiriya_aoi,5210958
faruzan_(genshin_impact),5887339
saotome_alto,776709
yukoku_kiriko,4971681
sugimoto_saichi,7634075
high_wizard_(ragnarok_online),9338708
sigewinne_(genshin_impact),7990493
purah,8038305
lucy_heartfilia,9019188
acerola_(pokemon),2551015
sento_isuzu,5329788
tieria_erde,4312010
aisha_landar,3600290
katou_megumi,3379381
hammann_(azur_lane),3651158
ness_(mother_2),7476750
vergil_(devil_may_cry),7925360
alphonse_elric,8137649
midare_toushirou,3490956
ilulu_(maidragon),7044716
kino_(kino_no_tabi),4074795
ganondorf,8190586
crystalfly_(genshin_impact),8289538
rodion_(project_moon),5026015
amamiya_kokoro,5935688
kinich_(genshin_impact),8519282
crewmate_(among_us),5831077
seliph_(fire_emblem),2715988
yuuki_(sao),3619283
honma_meiko,2737970
suzukaze_aoba,2605790
len_(tsukihime),8621877
bianca_(dq5),6379225
diona_(genshin_impact),5212511
shirayuki_hime,1837709
littorio_(kancolle),9937321
mogami_shizuka,6179683
iwakura_lain,4230743
nakayama_festa_(umamusume),8752591
dhole_(kemono_friends),7155835
gwen_stacy,3628838
grace_howard,7932986
satsuki_(blue_archive),6171387
miyamizu_mitsuha,6477098
cheshire_(azur_lane),5400416
merlin_(fate/prototype),6223121
yumehara_nozomi,8582188
honebami_toushirou,2867421
winning_ticket_(umamusume),7230122
litwick,3494462
reines_el-melloi_archisorte,3491022
azusawa_kohane,4555453
hayasaka_ai,9766931
hinata_(blue_archive),6751924
sucrose_(genshin_impact),5434986
okazaki_yumemi,8075632
nowaki_(kancolle),3206126
platinum_(arknights),6592548
yonaga_angie,7616162
reed_(arknights),3769722
izayoi_aki,9821756
aegir_(azur_lane),5445174
sister_claire,5307962
maruzensky_(umamusume),9826094
ibuki_fuuko,6807774
eirika_(fire_emblem),5689272
hisui_(tsukihime),3557357
nyaan_(gundam_gquuuuuux),9551125
clumsy_nun_(diva),6269200
jack-o'_valentine,7324439
murata_himeko,5524719
litten,3409626
lala_satalin_deviluke,8707340
ingrid_brandl_galatea,6232359
yui_(angel_beats!),8604650
cagalli_yula_athha,7941157
takanami_(kancolle),7342294
ib_(ib),5550345
finana_ryugu,5533071
roy_(fire_emblem),8207480
sakurajima_mai,3379274
misaki_(blue_archive),7378353
yuna_(ff10),7903392
nearl_(arknights),9862203
asahina_mirai,8637200
swire_(arknights),9862372
k1-b0,8226870
minamoto_sakura,9827022
iroha_(samurai_spirits),6491410
altaria,3893382
goh_(pokemon),8710464
shizuka_rin,8027619
yoshizawa_kasumi,8204641
ken_masters,6177146
taiki_shuttle_(umamusume),6044064
pharah_(overwatch),2432330
el_condor_pasa_(umamusume),6044081
amagi_(azur_lane),7841877
chiori_(genshin_impact),7353582
subaru_nakajima,4469746
winry_rockbell,3556387
sayori_(doki_doki_literature_club),7456748
millia_rage,5555268
ogata_hyakunosuke,7300105
sawa_azusa,9055703
kula_diamond,6620732
ebizuka_tomo,7427659
fudo_yusei,7747113
fuecoco,6675796
humboldt_penguin_(kemono_friends),7075550
rupa_(girls_band_cry),7427658
akechi_gorou,9268090
izumi-no-kami_kanesada,1934098
erika_(pokemon),3357952
fennekin,4455351
orfevre_(umamusume),7252970
chabashira_tenko,8526793
ziche_fuzhao,7973997
vulpisfoglia_(arknights),8571790
sagiri_(kancolle),2848581
my_melody,6307132
ralts,3571465
revy_(black_lagoon),9992214
jill_stingray,7034686
roboco-san,8718831
nadia_la_arwall,4831727
adashino_adami,8527486
slaine_troyard,4080607
ichijou_ririka,7669296
pomni_(the_amazing_digital_circus),7305933
gregor_(project_moon),9872021
sanageyama_uzu,9222106
hornet_(kancolle),7471935
copano_rickey_(umamusume),6024292
hinaichigo,200315
lion_(kemono_friends),3232391
mon3tr_(arknights),9996315
alina_gray,6022555
ditto,3767122
rimuru_tempest,8400884
morgana_(persona_5),9624560
justice_(helltaker),9158113
nanami_yachiyo,3018774
mizuno_ai,9826935
estellise_sidos_heurassein,686890
kooh_(pangya),4294002
sandalphon_(granblue_fantasy),8924775
tada_riina,2623149
tohsaka_tokiomi,3739596
theresa_(arknights),8519328
kasaki_nozomi,5458522
gorou_(genshin_impact),6318924
mizuki_(arknights),5367827
ifrit_(arknights),7399972
susie_(deltarune),9774773
psyduck,9915559
yamagishi_fuuka,6465793
yamagumo_(kancolle),3650069
kujou_karen,9320554
hsien-ko,7118989
ivan_karelin,1274493
miia_(monster_musume),5298315
arashi_chisato,7367104
kasuga_ayumu,4729441
thoma_(genshin_impact),5602839
ushiromiya_maria,283288
pekomon_(usada_pekora),4152336
kars_(jojo),6361985
ibuki_tsubasa,3084238
wu_zetian_(fate),9849628
fu_xuan_(honkai:_star_rail),6613230
aoba_moca,7490999
isshiki_iroha,3395942
doujima_nanako,6396833
dokibird,7182282
fiammetta_(arknights),5628461
kairi_(kingdom_hearts),3321900
ghost_(modern_warfare_2),6495573
momo_velia_deviluke,3416046
sakura_bakushin_o_(umamusume),3076184
roma_(kancolle),6159427
commandant_teste_(kancolle),3867080
saotome_ranma,9886421
lucia_(pgr),7761201
diego_brando,9495895
jingei_(kancolle),4474916
imai_lisa,8562275
pachirisu,5706673
airfield_princess,1768918
yin_(darker_than_black),5711534
meursault_(project_moon),9601929
akashi_(azur_lane),9142682
cosmog,9007363
xianyun_(genshin_impact),7160299
kido_tsubomi,1335457
aston_machan_(umamusume),8741427
snorlax,7868652
mita_(miside),9451060
yorumi_rena,4837625
yamato_takeru_(fate),6761659
kaine_(nier),7485109
anna_(frozen),1658644
chandelure,5695635
phrolova_(wuthering_waves),7922632
cleveland_(azur_lane),3287254
mewtwo,3479132
totodile,3888420
37_(reverse:1999),8480958
rpk-16_(girls'_frontline),5686186
lyria_(granblue_fantasy),9224875
aino_megumi,1638521
oda_nobukatsu_(fate),8160402
skirk_(genshin_impact),9496809
tsurumaki_kokoro,5443739
kanae_(nijisanji),6600555
yatadera_narumi,2817698
yanami_anna,8149665
yokoyama_nao,5423972
matsuwa_(kancolle),3068037
mochizuki_anna,8090885
psylocke,7450035
hare_(blue_archive),6851333
olga_marie_animusphere,3510920
kazama_asuka,7171566
tachibana_hinano,9299185
galo_thymos,6979076
sorceress_(dragon's_crown),950210
paul_bunyan_(fate),8893881
something_(omori),8740770
hozuki_kaede,9808746
sado_(kancolle),3033496
tingyun_(honkai:_star_rail),8194593
star_platinum,4893377
ogata_chieri,8570818
lapras,8787265
yuri_plisetsky,2928734
flygon,8444025
kohinata_miho,3017962
fukuzawa_yumi,156981
lilith_(fate),9745394
sol_badguy,5681494
mawile,9403864
roll_caskett_(mega_man),5508643
oka_asahi,9256351
35p_(sakura_miko),5717001
furen_e_lustario,5543140
berserker_(fate/zero),3619300
sugiura_ayano,8042874
yui_(princess_connect!),8095632
kisaragi_(azur_lane),3813145
china_(hetalia),9779662
shikanoin_heizou,5535367
rengoku_kyoujurou,4572124
cinderace,8441270
ten'ou_haruka,5065975
kuromi,9208096
luka_(alien_stage),8509894
gold_city_(umamusume),3076144
kenmochi_touya,5981692
houjou_tokiyuki_(nige_jouzu_no_wakagimi),8173782
samuel_b._roberts_(kancolle),5601351
oomori_yuuko,1615407
gogeta,5949758
gekota,1610145
layla_(genshin_impact),5834150
kira_yoshikage,1333760
aquila_(kancolle),3322053
ene_(kagerou_project),1263943
stheno_(fate),2935161
pramanix_(arknights),8029802
elise_(fire_emblem),3025716
hunter_(bloodborne),7609471
king_dedede,7101492
kitashirakawa_tamako,9861996
neopolitan_(rwby),5383198
knuckles_the_echidna,7968527
toyokawa_fuka,6806559
sonia_nevermind,7252401
alisa_mikhailovna_kujou,7817562
sakura_chiyo,6676725
hanasato_minori,9244179
iuno_(wuthering_waves),9991593
saijou_claudine,5859792
optimus_prime,7364139
kohinata_miku,3120380
friend_(nanashi_mumei),7266571
ferry_(granblue_fantasy),1949876
usada_hikaru,7330594
g36_(girls'_frontline),3187699
kanbaru_suruga,7125616
brown_bear_(kemono_friends),6300589
komaki_manaka,126
akitsushima_(kancolle),3115494
tanaka_kotoha,10045213
hornet_(hollow_knight),9959942
jing_yuan,9169000
sakata_kintoki_(fate),3854510
li_huowang,9084777
akira_(blue_archive),8887112
nu-13,5435545
gawain_(fate),9142502
noelle_holiday,8599211
kinu_(kancolle),3205163
hado_nejire,5421976
touhoku_zunko,8261663
saijo_juri,3719576
goutokuji_mike,9642142
prinny,705162
tsuchinoko_(kemono_friends),3186349
juufuutei_raden,8976182
yuudachi_(azur_lane),3633813
horikawa_kunihiro,2867427
narancia_ghirga,5988207
g'raha_tia,5609437
tron_bonne_(mega_man),7545549
tendou_maya,3314722
lenna_charlotte_tycoon,7359439
protagonist_3_(housamo),6389613
zhong_lanzhu,7411635
nakiri_erina,6362351
clarisse_(granblue_fantasy),4581101
greninja,6121767
kano_shuuya,6009936
huang_pao-lin,999060
murosaki_miyo,9808767
yellow_(pokemon),5465609
beatrice_(re:zero),1752009
misaka_imouto,613041
lina_inverse,7647182
erza_scarlet,6825410
annie_leonhart,6854395
yamanaka_ino,4568841
island_fox_(kemono_friends),6028095
graf_zeppelin_(azur_lane),3371559
milotic,3494449
rachel_alucard,3114501
aki_(girls_und_panzer),3087346
tanya_degurechaff,3354987
furret,3862347
maomao_(kusuriya_no_hitorigoto),6838089
captain_(honkai_impact),8120813
tenma_saki,9751133
julia_(fire_emblem),2639179
yuuki_(princess_connect!),8077794
ikuno_dictus_(umamusume),9248722
yellow_pikmin,8458171
evelynn_(league_of_legends),5379168
lulu_(league_of_legends),4889660
otokura_yuuki,5916281
emmet_(pokemon),5196460
edogawa_conan,6272238
mint_fantome,8779696
hatake_kakashi,9189274
jessica_(arknights),9862467
kobayakawa_sae,2532047
lord_knight_(ragnarok_online),8712337
suzuka_gozen_(fate),3523248
rainbow_mika,8826231
araragi_karen,4872481
celica_(fire_emblem),2724471
kiki_(majo_no_takkyuubin),6128114
drifloon,2926189
gastly,9836455
eva_02,7291604
lance_(pokemon),5046313
france_(hetalia),8238660
roxas,8524184
agent_3_(splatoon),8585617
kaiou_michiru,5081426
froggy_nun_(diva),4799456
shoukaku_(azur_lane),9939547
okusawa_misaki,6723212
maruyama_aya,3422237
venusaur,5404495
uta_(one_piece),5742359
kondou_taeko,9017399
jouga_maya,2806321
tenjou_utena,6806284
ichinose_uruha,9713245
katsuragi_marina,7341500
helltaker_(character),3928053
mejiro_ramonu_(umamusume),5800217
celes_chere,6130818
himemushi_momoyo,4940352
lacey_(pokemon),8976591
satake_minako,4001125
mukai_takumi,5250740
alisa_(girls_und_panzer),6516081
vane_(granblue_fantasy),3935766
katsura_hinagiku,294270
fami_(chainsaw_man),5896536
larcei_(fire_emblem),8564925
white_rabbit_(alice_in_wonderland),3511327
mifune_miyu,7975617
minato_yukina,3423119
alice_zuberg,4042960
miles_edgeworth,6149247
chiyoda_(kancolle),9368821
kaela_kovalskia,9814999
pan_(dragon_ball),7927910
hiiragi_utena,8808884
cure_happy,1151834
ivysaur,8779230
danua,2141143
lambdadelta,9908636
sanada_akihiko,8103426
kei_(blue_archive),8822929
bronya_rand,9367938
hatsuharu_(kancolle),2173216
hakozaki_serika,5475318
yozora_mel,7380267
princess_of_moonbrook,5537574
doraemon_(character),8582499
jade_leech,8047271
kirino_(blue_archive),7055433
hypno,3897073
piccolo,5963643
clefairy,3374108
taneshima_popura,3558812
harley_quinn,6512692
furudo_erika,7286309
vira_(granblue_fantasy),3290972
igarashi_kyoko,3298270
varesa_(genshin_impact),9514842
lavinia_whateley_(fate),2948480
amagi_(kancolle),2529883
sato_shin,8334894
mikazuki_(kancolle),8059282
uryuu_ryuunosuke,8384854
tosen_jordan_(umamusume),3076120
asakaze_(kancolle),3421015
tomimi_(arknights),9333139
romani_archaman,3775809
ushizaki_urumi,3502636
cerberus_(helltaker),6503457
maya_fey,2491125
muto_yugi,4289268
yamper,4206252
ononoki_yotsugi,8707913
uesugi_fuutarou,9728847
natsu_megumi,2806300
izutsumi,7562992
sakawa_(kancolle),2978766
takamori_aiko,6528959
fleurdelys_(wuthering_waves),9466639
frostnova_(arknights),9862528
eva_01,7274097
volo_(pokemon),4982555
sion_eltnam_(type-moon),9104669
dinergate_(girls'_frontline),5618625
lunamaria_hawke,7137952
yotsuba_alice,4577546
oktavia_von_seckendorff,8181094
soap_(modern_warfare_2),583143
manabe_nodoka,669084
shuro_(blue_archive),8392314
trish_una,4457326
allister_(pokemon),3631218
caracal_(kemono_friends),6969760
small-clawed_otter_(kemono_friends),7563033
pneuma_(xenoblade),3569328
faris_scherwiz,883266
guzma_(pokemon),5208590
nina_(fire_emblem),7458310
otonose_kanade,8430413
durandal_(honkai_impact),6955869
moose_(kemono_friends),3232397
aura_(sousou_no_frieren),7389345
tanikaze_(kancolle),3006973
nenohi_(kancolle),3657190
klan_klein,236694
elesis_(elsword),9332203
kiritani_haruka,8689892
shiina_mayuri,7442766
takumi_(fire_emblem),2716012
pannacotta_fugo,5988267
lili_(tekken),1270278
hagakure_toru,7210405
soraka_(league_of_legends),6308475
kirishima_touka,1757583
sage_(dq3),8867051
reisen_(touhou_bougetsushou),9478167
batman,7606368
rhea_(fire_emblem),8106337
saga_(arknights),4563912
hiyou_(kancolle),3469497
yoo_joonghyuk,6534361
kalina_(girls'_frontline),3314298
penance_(arknights),6588953
kneesocks_(psg),9755768
daring_tact_(umamusume),8994592
blue_pikmin,8245304
meer_campbell,7488165
latios,8963102
shishio_chris,6519668
bismarck_(azur_lane),3545140
athrun_zala,8581775
hishi_amazon_(umamusume),6044075
musashi_(azur_lane),5727721
ayunda_risu,8719431
shirogane_tsumugi,7522112
sakagami_tomoyo,6672937
natalia_(idolmaster),5150059
eunectes_(arknights),4417556
seele_(honkai:_star_rail),5616451
agatsuma_zenitsu,7091209
brynhild_(fate),3854522
dream_journey_(umamusume),9198782
izayoi_liko,4301002
sakura_(fire_emblem),3025715
kobo_kanaeru,8719601
lacus_clyne,4921368
ryugasaki_rene,5688643
belldandy,8713021
saionji_hiyoko,7538979
vulpix,3009639
wiz_(konosuba),2697003
kasumigaoka_utaha,5436691
yinlin_(wuthering_waves),7841891
tokoro_megumi,7968018
dejiko,8343924
lightning_farron,8867841
arare_(kancolle),6743215
red_hood_(nikke),9040710
setsuna_f._seiei,8066169
phosphophyllite_(ll),7780732
ayane_(doa),9423380
eri_(blue_archive),10040457
tear_grants,2577953
mitsumine_yuika,9809079
yoshi,7923048
ara_haan,9063528
roon_(azur_lane),9920888
nagara_(kancolle),6041376
araragi_tsukihi,7183733
manya_(dq4),9358602
utane_uta,6244302
fushiguro_touji,6512401
sorcerer_(ragnarok_online),6969051
yumeko_(touhou),8071700
kasuga_mirai,6306330
miyako_(hidamari_sketch),7228965
neo_universe_(umamusume),7881180
chihiro_(blue_archive),9589620
boothill_(honkai:_star_rail),8434406
harukaze_(kancolle),2656440
ivy_(fire_emblem),7450805
aragaki_shinjirou,9662923
korra,5772717
jacket_girl_(dipp),7723413
reinforce_zwei,8090577
venat_(ff14),7688618
achilles_(fate),6023193
hoshino_ruri,9785804
adeptus_astartes,6074899
bradamante_(fate),3348684
tanino_gimlet_(umamusume),6354012
itou_kaiji,7556020
brown_long-eared_bat_(kemono_friends),7113527
hinatsuru_ai,3004490
ciel_phantomhive,7199056
carmilla_(fate),3397918
angewomon,7979768
wakan_tanka,4980397
gokuhara_gonta,7532231
asuka_(senran_kagura),6611889
reg_(made_in_abyss),9176568
zabaniyya_(housamo),6203420
toudou_shimako,7778
kousaka_kyousuke,857731
lucas_(mother_3),7098292
mohammed_avdol,8576148
vert_(neptunia),2559852
quaxly,7347080
makoto_(street_fighter),6819051
ijichi_seika,8659513
uzaki_tsuki,5884890
senkawa_chihiro,8637829
tezcatlipoca_(fate),6052622
kadoc_zemlupus,6197791
anisphia_wynn_palettia,7521129
kurokawa_eren,3532940
melia_antiqua,5806694
nui_sociere,5452294
mary_(ib),9118722
reigen_arataka,6453793
kurokawa_akane,7909106
cure_peach,8981012
kobayashi_(maidragon),4961889
lighter_(zenless_zone_zero),8571316
scheherazade_(fate),9735927
wingull,7853325
yume_(blue_archive),7195180
pom-pom_(honkai:_star_rail),6300345
bagpipe_(arknights),3824483
zuikaku_(azur_lane),6463316
sylvain_jose_gautier,6232403
aragaki_ayase,6871362
miyamoto_iori_(fate),9706617
magikarp,8304304
solid_snake,7467280
feater_(arknights),9528094
ots-14_(girls'_frontline),5797114
matsubara_kanon,3630373
hoshino_ichika_(project_sekai),6960334
yamada_elf,5653518
seth_lowell,7843434
utsumi_erice,3931744
andira_(granblue_fantasy),4569568
tojo_kirumi,8236962
alexandrina_sebastiane,7023007
sakata_nemuno,3312214
nibutani_shinka,1312183
grecale_(kancolle),6408341
sand_cat_(kemono_friends),4442625
marill,3584604
ada_wong,6501366
tsukimiya_ayu,7067593
ange_(princess_principal),2921512
hagoromo_lala,3513684
kayamori_ruka,7051223
player_character_(wow),2771054
koyama_yuzu,3489625
mikko_(girls_und_panzer),2865721
flower_(vocaloid),7659986
wakana_shiki,7367109
matoi_(pso2),3442496
filia_(skullgirls),4972769
sawamura_spencer_eriri,3404480
petra_gurin,5723025
garry_(ib),7237274
alena_(dq4),114407
akaboshi_koume,6361405
li_syaoran,3012487
naoe_riki,6698064
yagami_hikari,4052078
nijimura_okuyasu,8597954
freminet_(genshin_impact),6476938
inumuta_houka,1584490
celebi,8759874
shindou_takuto,1076523
myrtle_(arknights),6854534
agrias_oaks,4111353
nanakusa_nichika,4618601
togepi,5125392
whislash_(arknights),5782180
golden_snub-nosed_monkey_(kemono_friends),5900923
melina_(elden_ring),8632530
hung_(arknights),5622059
projekt_red_(arknights),6030708
ibuki_(street_fighter),8553346
razor_(genshin_impact),4428778
blemishine_(arknights),5681909
todo_yurika,8692869
spas-12_(girls'_frontline),6543925
diavolo,7943594
shadowheart_(baldur's_gate),8040524
mr._squeaks_(hakos_baelz),6258615
kayneth_el-melloi_archibald,2090925
eureka_(eureka_seven),1933
diamond_(houseki_no_kuni),5422180
semiramis_(fate),8998348
tailless_(zenless_zone_zero),8667539
felix_hugo_fraldarius,6232385
takimoto_hifumi,3780847
riza_hawkeye,5583081
koizumi_mahiru,4388941
aponia,7660516
acolyte_(ragnarok_online),8683556
teana_lanster,7024267
saya_(saya_no_uta),8907868
rosa_farrell,7704761
sabo_(one_piece),6227658
ushiromiya_jessica,594208
beatrix_(granblue_fantasy),3369268
kotori_(blue_archive),7151414
anjou_naruko,3503148
roland_(project_moon),8472502
yagen_toushirou,2939453
nekomiya_mana,9876479
tequila_(arknights),4679407
harime_nui,7365904
clive_rosfield,6533900
karina_lyle,1043434
santa_claus,7018231
ikusaba_mukuro,8570567
chise_(blue_archive),6312040
shanks_(one_piece),9256783
hotarumaru,2512327
momoi_airi,7145941
priest_(dq3),5933479
kawakami_sadayo,3119396
yuzuhara_konomi,2942110
nakagawa_natsuki,5458514
netzach_(project_moon),8792123
taokaka,4160722
cutlass_(girls_und_panzer),6839578
nekoyashiki_yuki,8301299
kaede_(blue_archive),6890102
alice_(nikke),9369218
rei_(pokemon),4381920
asirpa,6061788
yuni_(princess_connect!),4488097
crocodile_(one_piece),6683848
symboli_kris_s_(umamusume),9716861
goomy,7103367
steve_rogers,9558957
sayu_(genshin_impact),6633277
i-13_(kancolle),4507863
ky_kiske,6242765
brook_(one_piece),7031941
silverash_(arknights),6137403
kuramoto_china,7602683
nishino_flower_(umamusume),9043595
lady_(devil_may_cry),7874201
dead_master,5892201
amuro_ray,6649719
sora_ginko,3822462
van_gogh_(fate),6995037
swablu,8249649
heracles_(fate),177310
eden_(honkai_impact),6004536
euphyllia_magenta,7521131
gladiia_(arknights),5513277
queen_elizabeth_(azur_lane),7322284
uchi_emiri,4169361
lugia,5695653
seto_kousuke,2670694
quanxi_(chainsaw_man),6713949
jessica_albert,3818701
zorua,6032008
okada_izou_(fate),7567160
sanzen'in_nagi,3872568
mia_taylor,7411628
kasuga_maru_(kancolle),3634946
hazuki_ren,7367106
viper_(nikke),8415021
i-no,7517451
videl,4142810
ichinose_kotomi,6985891
okazaki_tomoya,5163660
mismagius,627901
arcanine,7998908
pa-san,6055744
kotegawa_yui,6304247
donquixote_doflamingo,8061746
feldt_grace,474250
ri-class_heavy_cruiser,1743207
okinami_(kancolle),5768473
zaku_ii,7414827
yuri_sakazaki,5879206
kaai_yuki,7167175
admiral_graf_spee_(azur_lane),7411115
yunli_(honkai:_star_rail),7945579
junko_(blue_archive),6182207
isobe_noriko,6546993
natori_(kancolle),8536306
hino_akane_(idolmaster),3397102
nyarlathotep_(nyaruko-san),6618580
nekomiya_hinata,3989694
shirabe_ako,1845145
seiren_(suite_precure),5137144
giratina,5088261
mercedes_von_martritz,3588635
kanoe_(blue_archive),9827414
li_yuting_(male),8030012
venom_(marvel),6128310
guoba_(genshin_impact),7410384
adachi_tooru,6860897
flonne,525390
shinonome_nano,4273472
perth_(kancolle),3797317
roy_mustang,9475594
protagonist_(love_and_deepspace),8649236
mishaguji,276632
azarin_(exs-tia),6045935
soda_kazuichi,7482463
rena_erindel,9332388
shirayuki_tomoe,7759927
mia_(fire_emblem),3514951
franky_(one_piece),8640092
kon_kanaho,5530922
keith_goodman,8108072
african_wild_dog_(kemono_friends),3233437
luke_fon_fabre,6378688
tiamat_(fate),7529022
jean_bart_(azur_lane),8850885
ashley_(warioware),6415525
kuga_natsuki,8905374
almond_eye_(umamusume),8896873
xp-tan,1891104
fukuda_haru,4442924
rosa_(tears_of_themis),5611980
primarina,9222666
geeta_(pokemon),8686929
nunnally_vi_britannia,9776442
haibara_ai,8009273
platelet_(hataraku_saibou),3300789
hange_zoe,10040134
hinamori_amu,6246036
enma_ai,70652
okita_sougo,8605696
adaman_(pokemon),4982558
shinshuu_maru_(kancolle),3768281
yukari_(blue_archive),6928664
wooper,5803408
hiodoshi_ao,8127928
klein_moretti,8946311
funada_kiito,5578598
anya_alstreim,561527
chinatsu_(blue_archive),7664525
roxie_(pokemon),4011987
yuu_(twisted_wonderland),8230020
hyuna_(alien_stage),9754903
villager_(animal_crossing),6958666
eldridge_(azur_lane),6430156
bazett_fraga_mcremitz,2700814
suou_patra,7116702
roto_(dq3),6239707
rieszverne_suzette_paladill,9624013
kuririn,8058229
haunter,3767100
inuyasha_(character),3612735
sei_shounagon_(fate),4335333
griseo,6396138
aizawa_ema,8019633
sakuramori_kaori,8298691
subaru_duck,6106867
dedenne,8448040
tanaka_gundham,3589252
bennett_(genshin_impact),4162921
kaho_(blue_archive),7458458
miyanaga_saki,9826367
aesc_(fate),9426493
captain_america,8249597
pekoyama_peko,7536251
gavial_(arknights),5228171
yagami_taichi,6749086
takamiya_rion,3368017
cecilia_alcott,5245122
hinata_kaho,6745424
kurokami_fubuki,5817555
inukai_komugi,8998506
negev_(girls'_frontline),4206168
isolated_island_oni,2966146
haruno_haruka,8305923
zooey_(granblue_fantasy),3023366
angel_devil_(chainsaw_man),5902897
kikuzuki_(kancolle),3829403
rita_mordio,2904332
konpaku_youki,4163569
zen'in_maki,7234866
kishinami_(kancolle),3257288
arimura_mao,9675156
minazuki_karen,4984213
kaiba_seto,5506026
laundry_dragonmaid,8920678
naruse_shiroha,8037530
melony_(pokemon),6552007
maou_(maoyuu),1328001
hayasaka_mirei,6673262
isolde_(reverse:1999),7818913
daiba_nana,5578131
son_goten,6612329
anegasaki_nene,3115147
a-chan_(hololive),6034227
ptilopsis_(arknights),4010176
naomi_(girls_und_panzer),7547568
reshiram,6587077
juo_sena,9412647
yamabuki_inori,4839096
helm_(nikke),9874937
sui-feng,8550910
magallan_(arknights),4639400
kirishima_eijiro,5571521
katagiri_sanae,5548922
cure_moonlight,9559415
vestia_zeta,9814998
laura_bodewig,2318363
nelson_(kancolle),3627936
makoto_(blue_archive),5983530
priestess_(arknights),8322238
luo_tianyi,7893849
hirose_koichi,6194601
neco-arc,8228617
enraku_tsubakura,7667931
fairy_leviathan_(mega_man),240550
iino_miko,9766966
barry_(pokemon),4575719
warlock_(ragnarok_online),6248130
honma_himawari,3556080
noctis_lucis_caelum,6591918
hatakaze_(kancolle),3001483
anya_melfissa,9814995
janus_(kancolle),3639780
kisaragi_momo,1174597
sue_storm,8669430
ikaruga_(senran_kagura),6895664
riolu,9762963
tony_stark,6989172
shiraishi_tsumugi,3694801
shimazu_yoshino,1984330
silent_magician,7696771
charlie_morningstar,9873066
uchiha_sarada,1839857
todoroki_hajime,9250669
lisbeth_(sao),3073757
yorita_yoshino,6401274
sothis_(fire_emblem),10031568
ashley_graham,8434246
mejiro_bright_(umamusume),4932768
himekawa_yuki,2924656
crypto_(apex_legends),4865973
eve_(stellar_blade),7496793
bartz_klauser,7994087
irako_(kancolle),3594476
kawashima_ami,4001473
tanigaki_genjirou,6102317
ampharos,8288006
treecko,9411182
hoshino_(girls_und_panzer),3291591
kanaria,9117640
yomotsu_hisami,6691403
nikka_edvardine_katajainen,9388919
thorns_(arknights),4044993
aoba_(blue_archive),9272367
ingrid_(capcom),5591799
rinoa_heartilly,5639007
miyagawa_takane,5598662
dennou_shoujo_siro,3118101
kagemori_michiru,7234635
yagami_light,7308947
yami_yugi,573644
martina_(dq11),8503454
hinomori_shizuku,5977793
lucifer_morningstar_(hazbin_hotel),9876726
natsume_kyousuke,7995261
spicy_nun_(diva),6841963
emolga,8017607
iori_rinko,6884379
asahina_aoi,5983109
fuyutsuki_(kancolle),6211941
vegetto,6095225
randal_ivory,8791420
klara_(pokemon),5699583
nakoruru,4893535
kamille_bidan,3369400
rindou_mikoto,3420198
satanichia_kurumizawa_mcdowell,4399055
li_yuting_(female),8123755
aketa_mikoto,4751537
ichikawa_kyoutarou,9560824
jin_kisaragi,8533704
sora_(blue_archive),5397556
mumei_(kabaneri),3382962
riku_(kingdom_hearts),5868349
fujinami_(kancolle),3310769
arbok,4763951
ayatsuji_tsukasa,9403714
ak-15_(girls'_frontline),4246788
leone_abbacchio,4795157
apollo_justice,6724608
rozaliya_olenyeva,3883615
oddish,5339758
ninian_(fire_emblem),3477914
sophie_neuenmuller,8102290
tsuyuri_kanao,3642607
g41_(girls'_frontline),2916880
male_alear_(fire_emblem),5841941
velvet_crowe,3504248
leo_(fire_emblem_fates),2623032
frostleaf_(arknights),9862172
akagi_shigeru,7285661
rin_(blue_archive),6877853
higashikata_josuke_(jojolion),6194611
millie_parfait,5419218
female_protagonist_(pokemon_go),2634129
yukimura_aoi,7984241
lancelot_(fate/grand_order),5366373
prussia_(hetalia),9968866
himesaka_noa,3539781
black_heart_(neptunia),6810231
ichigaya_arisa,7106693
aurora_(arknights),8593172
puyo_(puyopuyo),6949501
jibril_(no_game_no_life),3595537
creeper,4193072
gray_(fate),3580190
yuel_(granblue_fantasy),3426702
xilonen_(genshin_impact),8266067
hataya_misuzu,9187291
nekoyashiki_mayu,7273892
yun_jin_(genshin_impact),4942512
piper_wheel,8246103
wario,7923045
terry_bogard,3618604
dorothy_(nikke),7042011
blaziken,3351306
chattino_(raora_panthera),7830153
uehara_himari,7389943
ikaruga_luca,9956467
hatterene,4329228
sheik,2712654
hijiri_ageha,8226687
l_(death_note),7021152
airani_iofifteen,4215683
lain_paterson,8570029
wooloo,8903854
ping_hai_(azur_lane),2876875
celine_(fire_emblem),6639901
alchemist_(ragnarok_online),9253998
yumemizuki_mizuki,9550059
magolor,7921391
utsumi_sakura,8980287
galleon_(granblue_fantasy),5438897
poison_(final_fight),4124732
rudeus_greyrat,9713980
shirokane_rinko,3416138
niko_(blue_archive),6933525
peni_parker,5866910
amuro_tooru,6518936
naganohara_mio,1455864
james_moriarty_(archer)_(fate),7567095
mikumo_guynemer,3560316
kuradoberi_jam,8853931
nayuta_(chainsaw_man),6154657
sombra_(overwatch),7502740
rayquaza,6010056
error_musume,1748058
konoha_(kagerou_project),1639572
yoshikawa_yuuko,5458553
takei_hisa,9826421
tokisaki_mio_(niliu_chahui),5376754
neko_(minato_aqua),4126937
blastoise,5404510
ichigo_hitofuri,1980065
signora_(genshin_impact),7759949
aono_miki,6140123
cellien_(kemono_friends),4169092
hunter_(ragnarok_online),6380108
takasu_ryuuji,5091544
serperior,6839572
mr._crawling,8470774
euphemia_li_britannia,7390417
rosemi_lovelock,5417031
saigusa_haruka,7504583
ike_eveland,8808872
chocola_(nekopara),7960826
sora_(arknights),3831401
regulus_(reverse:1999),8324152
kitten_(gravity_daze),9470016
morishima_haruka,6406926
utsugi_yuuki,5379274
talulah_(arknights),4755820
ophelia_(fire_emblem),8020272
turtwig,9443567
vanilla_(nekopara),7882173
orihara_izaya,8919895
cure_lovely,8991657
shimada_chiyo,3418961
cheng_xiaoshi,9904882
typhlosion,5711370
iori_junpei,8742736
ozymandias_(fate),6322473
sheffield_(azur_lane),3896846
secelia_dote,6494173
franka_(arknights),4403940
nowi_(fire_emblem),8065260
i-14_(kancolle),2631824
minase_nayuki,6239003
kitashirakawa_chiyuri,5263340
iron_man,7601377
focalors_(genshin_impact),7034767
erwin_(girls_und_panzer),3541640
yunaka_(fire_emblem),8595347
asamiya_athena,6114835
shokudaikiri_mitsutada,2716502
pozyomka_(arknights),5581363
aqua_(kingdom_hearts),1605098
katsuragi_izumi,9374327
sakuragi_hanamichi,5989390
milla_maxwell,910726
hoshi_ryoma,7535200
higurashi_kagome,6050404
platinum_the_trinity,7930786
annette_fantine_dominic,3951581
mage_(ragnarok_online),9312913
sukonbu_(shirakami_fubuki),9308798
bedivere_(fate),3175945
gavis_bettel,6673961
warfarin_(arknights),8051100
shiun_sumika,9445718
vyrn_(granblue_fantasy),2876117
jeanne_d'arc_(granblue_fantasy),3243006
reinforce,627371
mochizuki_ryouji,2609832
yakumo_beni,7458090
galko,1855238
jack_frost_(megami_tensei),10067684
shylily,5665913
hinata_hideki,6661527
rukuriri_(girls_und_panzer),5436043
megaman.exe,7107899
toad_(mario),7938216
okkotsu_yuuta,9323699
mine_(blue_archive),7347112
laura_la_mer,5012112
bond_(spy_x_family),5271801
dark_pit,7513910
shirasagi_chisato,4799858
riven_(league_of_legends),1293471
lin_(arknights),7475042
miquella_(elden_ring),8619726
lana's_mother_(pokemon),9288609
vox_akuma,5574995
mickey_mouse,6146028
circe_(fate),6585245
cheshire_cat_(alice_in_wonderland),7083352
ho-oh,9338366
ashley_graves,6998244
jasmine_(pokemon),713341
kurumi_noah,8885834
nimi_nightmare,8813841
hero_(dq11),3583366
transcend_(umamusume),8741331
regina_(dokidoki!_precure),9661043
northern_italy_(hetalia),8452170
vampy,8691484
elena_(street_fighter),9205406
reijo_(blue_archive),8386669
coyote_(kemono_friends),6774489
yoneme_mei,7367108
rumi_(blue_archive),6897730
katarina_(league_of_legends),1605575
nobeta,5641589
hakase_fuyuki,5765803
arezu_(pokemon),5542342
sairenji_haruna,3489710
gravel_(arknights),5445757
minegumo_(kancolle),3407990
gasai_yuno,5773784
kariya_masaki,1887849
quetzalcoatl_(fate),7583996
sam_(honkai:_star_rail),7612511
conte_di_cavour_(kancolle),6466792
ironmouse,6205247
miss_fortune_(league_of_legends),6159209
navi,3949547
9a-91_(girls'_frontline),3207671
smallfry_(splatoon),8137998
gokotai,2848217
shirayuki_chiyo,6620634
midway_princess,3520889
elly_(touhou),9495524
uzuki_kou,5950913
liskarm_(arknights),9862431
uni_(neptunia),5051679
koleda_belobog,8200676
nikaidou_saki,9826915
pyrrha_nikos,2441332
plain_doll,4622050
royal_penguin_(kemono_friends),6354989
kousaka_umi,6169759
takakura_himari,1580279
vampire_(azur_lane),2983525
xie_lian,8509050
hood_(azur_lane),3295479
freyja_wion,3413264
fio_germi,5936590
kanzuki_karin,5630750
shinguji_korekiyo,7532050
aiba_yumi,9239239
yaoyao_(genshin_impact),9744632
kar98k_(girls'_frontline),3328083
grizzly_mkv_(girls'_frontline),5465802
rosa_(arknights),4709728
satono_crown_(umamusume),7195158
shining_(arknights),3563817
mdr_(girls'_frontline),6196383
lenalee_lee,5707856
whimsicott,4453671
hamanami_(kancolle),4545388
rean_schwarzer,4414550
yan_qing_(fate),9149664
hacka_doll_3,3811927
turbo_granny_(dandadan),8941639
scanty_(psg),9755746
win_variation_(umamusume),8567103
misono_karin,6587130
inteleon,5692605
buggy_the_clown,7338486
wakaba_(kancolle),6783584
fallenshadow,9673172
tenkajin_chiyari,9601438
chrollo_lucilfer,6427139
huohuo_(honkai:_star_rail),8392488
franziska_von_karma,6710258
welrod_mkii_(girls'_frontline),3293573
female_commander_(girls'_frontline),7323724
itoshiki_nozomu,3164775
ozen,4791888
adult_neptune,3932603
temari_(naruto),7930872
alice_cartelet,9320525
tsujino_akari,7530721
judgement_(helltaker),9226794
siegfried_(fate),7226726
hans_christian_andersen_(fate),3739625
gyarados,3064890
aijou_karen,5666246
me-tan,1905
yakushiji_saaya,3287954
morinaka_kazaki,4138928
master_(vocaloid),873375
shalom_(path_to_nowhere),7567302
sf-a2_miki,560534
selvaria_bles,7531590
puru_two,7049394
soldier:_76_(overwatch),8945381
p90_(girls'_frontline),3336396
dot_(pokemon),9092282
yuuki_yuuna,4428585
ssrb_(shishiro_botan),5689280
courtney_(pokemon),6335429
yumizuka_satsuki,15644
ozora_akari,3353359
purple_pikmin,8578266
2k-tan,9358095
chloe_(princess_connect!),8906728
houlen_yabusame,8180808
brock_(pokemon),8499304
nono_hana,3734512
ralsei,9601061
kirakishou,7067235
nao_(mabinogi),9376200
black_mage_(final_fantasy),9337590
kusugawa_sasara,8712190
toriel,5956669
buneary,8449258
oryou_(fate),6874242
fukurai_azami,9659758
hanadera_nodoka,8918217
okunoda_miyoi,5919726
south_dakota_(kancolle),4190912
minazuki_(kancolle),2744593
hoshimiya_kate,3951209
toyama_kasumi,7850422
quagsire,5283749
haman_karn,9102841
charlotte_(genshin_impact),6310753
undyne,7246241
noshiro_(azur_lane),8160448
tanamachi_kaoru,2257081
honoka_(doa),3351868
big_bad_wolf,7609442
ulrich_von_hutten_(azur_lane),7573013
iggy_(jojo),9038291
tomori_nao,9739931
sophie_(tales),2121722
xion_(kingdom_hearts),2872885
kuonji_alice,5935252
genji_(overwatch),7024894
creator_(ragnarok_online),9325383
clodsire,7353318
ben_bigger,8445691
astesia_(arknights),3893770
koiwai_yotsuba,7583128
lupa_(wuthering_waves),9278725
kyogre,3394220
touwa_erio,6205694
soren_(fire_emblem),9527374
tennouboshi_uzume,6066535
sakura_laurel_(umamusume),5334037
shulk_(xenoblade),9510835
froslass,5921234
caro_ru_lushe,121150
chi-class_torpedo_cruiser,1918071
udagawa_tomoe,8074716
liv_(pgr),6813324
tsukishima_hajime,7297104
sniper_(ragnarok_online),9167984
san_(mononoke_hime),3477218
aether_foundation_employee,9100828
dekomori_sanae,8527294
akimoto_komachi,6212523
nefertari_vivi,2883191
sayama_saho_(gibagiba),6257768
starfire,8663059
yatogami_tohka,7797589
malina_(helltaker),3929872
amasawa_yuuko,6289567
morag_ladair_(xenoblade),9825665
helena_(azur_lane),8539027
ciel_(mega_man),9690355
bache_(azur_lane),6466561
amakusa_shirou_(fate),5258177
tristan_(fate),6844364
kobayakawa_yutaka,9498518
mipha,2725782
neferpitou,4371791
luvdisc,3452142
koito_yuu,6039187
barret_wallace,5421774
kogitsunemaru,2278653
friedrich_der_grosse_(azur_lane),3473680
mizuhara_chizuru,8731723
princess_(princess_principal),3002890
kasugano_urara_(yes!_precure_5),6749934
senko_(sewayaki_kitsune_no_senko-san),6225668
fujimura_taiga,114182
lockon_stratos,175043
sakamoto_ryouma_(fate),5225529
hua_cheng,8436980
trigger_(zenless_zone_zero),9615825
perseus_(azur_lane),6019796
nicholas_d._wolfwood,7084594
hiiragi_yuzu,6690361
hisuian_zorua,5483800
touhoku_itako,8447567
azazel_(helltaker),7847258
dsr-50_(girls'_frontline),6845973
amane_suzuha,5532591
octane_(apex_legends),8171453
hasegawa_kobato,8165629
frankenstein's_monster,8890358
hikage_(senran_kagura),6895561
charlotta_(granblue_fantasy),2118867
donkey_kong,7952724
sakaguchi_karina,6893086
echidna_(re:zero),9637712
kallen_kaslana,3483249
cure_princess,8072994
hijikata_toushirou,9893681
admiral_hipper_(azur_lane),4958717
lisia_(pokemon),8379886
mazaki_anzu,3611666
papyrus_(undertale),2488692
elizabeth_(persona),1012201
ant_tenna,9867549
emet-selch,6887248
judith_(tales),4360771
kawakami_mai,3195384
anna_(fire_emblem),7688747
leona_kingscholar,5792983
emma_frost,9566910
skitty,3031025
hanae_(blue_archive),8098601
ginga_nakajima,129096
gengetsu_(touhou),5175030
pulchra_fellini,9115041
riko_(made_in_abyss),6649381
yamagou_ayumi,6070193
yuuno_scrya,3647664
squigly_(skullgirls),6438396
amaterasu_(ookami),177602
nakatani_iku,9658279
typhon_(arknights),9237867
z46_(azur_lane),3321344
zima_(arknights),3563871
ogerpon,8331087
beni-enma,3766019
shannon_(umineko),6250489
himemiya_anthy,6808999
hoshina_hikaru,4328612
noi_(dorohedoro),4121289
caesar_(girls_und_panzer),5384098
all_might,5289200
misdreavus,1237730
machamp,9367609
tianzi,7389230
lilina_(fire_emblem),2643465
cinnabar_(houseki_no_kuni),2948232
prosciutto_(jojo),5094477
nagao_kagetora_(fate),4119968
inami_mahiru,668778
kaizuka_inaho,1981287
kamio_reiji_(yua),2411185
minami_yume,6382597
hiradaira_chisaki,9696027
banette,3630525
vsk-94_(girls'_frontline),4286195
otonashi_yuzuru,1906806
toudou_aoi_(jujutsu_kaisen),6717115
robin_hood_(fate),4992331
lady_maria_of_the_astral_clocktower,5848413
jude_mathis,839095
silva_(granblue_fantasy),2532410
hibari_(senran_kagura),7167172
deutschland_(azur_lane),5574078
nagomi_yui,5974289
takafuji_kako,4283618
cure_prism,9544033
slowpoke,5300780
type_97_(girls'_frontline),3258974
kira_yamato,8753391
nekota_tsuna,9506188
cerydra_(honkai:_star_rail),9799242
female_mage_(dungeon_and_fighter),1292343
natsuumi_manatsu,8663606
inari_one_(umamusume),3076150
larry_(pokemon),7368689
renamon,6444194
asbel_lhant,6406063
espurr,8787865
seeu,7012266
faputa,9142437
queen_of_sheba_(fate),7088299
super_pochaco,3013694
saitou_hajime_(fate),7143379
shamal,26964
paladin_(final_fantasy),4561077
poppy_(pokemon),6041704
elma_(maidragon),4740402
hoppip,3117625
tailmon,4023195
kazemaru_ichirouta,2239933
cheria_barnes,8330120
kushieda_minori,4671652
xander_(fire_emblem),2756377
schneider_(reverse:1999),9532238
wuxian_(the_legend_of_luoxiaohei),4385125
candace_(genshin_impact),5614481
sidoh_(dqb2),3596359
nanakusa_nazuna_(yofukashi_no_uta),7564190
shamare_(arknights),5682719
kuzuryu_fuyuhiko,3429846
fujino_shizuru,58703
futaba_sana,5704893
clara_(girls_und_panzer),7573864
minun,9630260
luciela_r._sourcream,9323571
aizawa_shota,6108624
mp40_(girls'_frontline),3707435
hori_yuko,5342778
shimabara_elena,7968047
sun_wukong,4784163
alice_carroll,3658409
kobayakawa_rinko,8390054
yamada_aoi,1763321
zangief,9733045
matsukaze_(kancolle),3384169
zange,352387
siberian_chipmunk_(kemono_friends),6028105
robin_(dc),7783102
twilight_sparkle,7953055
female_shez_(fire_emblem),5608120
august_von_parseval_(azur_lane),4642259
murasame_(senren),7697819
ankha_(animal_crossing),8518215
indomitable_(azur_lane),5573146
shirley_fenette,7228387
hei_(darker_than_black),741466
amamiya_hibiya,2033145
dracule_mihawk,5830455
fukuji_mihoko,5903027
matsukaze_tenma,9825139
estelle_bright,7378696
sin_sack,5742081
baba_konomi,5638980
plusle,9417773
cream_the_rabbit,8271105
tashkent_(azur_lane),3823526
white_heart_(neptunia),8291840
akuma_(street_fighter),9625172
nanami_touko,4501355
morgiana,5837834
afuro_terumi,2230249
narciso_anasui,6194604
mizuki_yukikaze,6563167
allelujah_haptism,286927
assassin_(ragnarok_online),9470595
douki-chan_(douki-chan),4349992
tachibana_makoto,1787863
sharena_(fire_emblem),2602836
risotto_nero,6340286
lilligant,7347079
faye_valentine,6479448
amane_misa,9015071
sasha_blouse,5360996
kasugano_sora,5951744
necrass_(arknights),8966850
griffith_(berserk),5727172
priestess_(goblin_slayer!),9231879
eas_(fresh_precure!),9025742
milfeulle_sakuraba,9105983
incineroar,5404479
scizor,3038637
urotsuki,6485105
protagonist_(metaphor:_refantazio),8225271
tribbie_(honkai:_star_rail),8798868
strength_(black_rock_shooter),8360827
hijikata_toshizou_(fate),3854467
whitesmith_(ragnarok_online),8875156
mr._scarletella,8579436
bertolt_hoover,6383480
gentoo_penguin_(kemono_friends),9105171
minase_akiko,3522975
hashibira_inosuke,7091203
neuro-sama,9935864
kurugaya_yuiko,6887031
fukuyama_mai,1147229
billy_kid,8167061
lemuen_(arknights),9790953
lingsha_(honkai:_star_rail),9636446
mrs._snake_(fate),8723953
sebastian_michaelis,9287646
vinegar_doppio,9440085
hinata_shouyou,7625801
uzuki_(cookie),8344893
kusakabe_misao,5311900
alucard_(hellsing),5390674
kokonoe_rin,220806
whitney_(pokemon),655341
layla_(idolmaster),3280013
ai-chan_(tawawa),4455335
muppo,3085616
inukai_iroha,9056758
butterfree,4977397
kurosaki_chitose,3934845
aioi_yuuko,4971563
mizuho_(kancolle),3096875
baron_bunny_(genshin_impact),4468891
mashiro_(blue_archive),6990436
riliane_lucifen_d'autriche,8363898
piranha_plant,3304928
mizumoto_yukari,3449469
kirschtaria_wodime,7545198
kuroka_(high_school_dxd),3388459
xenovia_quarta,9195860
megatron,6234186
death_(entity),6647376
applin,7624270
bae_minah_(chaesu),9023739
hikigaya_hachiman,2648510
sylus_(love_and_deepspace),9431554
koito_otonoshin,7300119
david_martinez,8646166
uranami_(kancolle),3108063
ein_(blue_archive),7582144
cure_miracle,8980979
mukaido_manaka,8221274
kaga_sumire,9724112
hanna-justina_marseille,5769717
andrew_graves,7594230
rockhopper_penguin_(kemono_friends),5378161
luna_(sailor_moon),8972672
heixiu,5027144
mo_chengwei,7968172
shirosaki_hana,4689501
kroos_(arknights),4725735
sakuranomiya_maika,2898391
lisa_lisa,5716872
ayase_seiko,5777612
agumon,6346448
pamiat_merkuria_(azur_lane),4852273
kazama_jin,5901944
becky_blackbell,6177135
white_pikmin,9765717
superman,5764576
kson,5585266
naegi_komaru,7542981
izumi_yuki_(heaven_burns_red),6846740
joltik,5596260
daitou_(kancolle),6430912
natsuki_rin,2349231
lokulo-chan_(lokulo_no_mawashimono),7465144
shermie_(kof),9910061
touyouryuu-san,7865596
pien_cat_(needy_girl_overdose),7915094
tidus,5649253
allen_walker,9328423
mai_natsume,1928752
marceline_abadeer,6764224
darkrai,3808657
tweyen_(granblue_fantasy),8207521
wii_fit_trainer_(female),9131921
wonder_acute_(umamusume),5543416
totooria_helmold,6604994
spike_spiegel,5428877
uchiha_itachi,6333033
hisoka_morow,9075309
kuraue_hinata,5477979
mononobe_alice,3580673
cecil_harvey,9657386
hiburi_(kancolle),3437760
coral_(pokemon),7364891
chrome_dokuro,482830
shibuki_ran,3957610
shimushu_(kancolle),3288830
tiffania_westwood,6431420
mikazuki_yozora,6539604
cesario_(umamusume),8144913
luca_kaneshiro,6254057
ars_almal,3951270
mikisugi_aikurou,1526120
mochizuki_honami,7365886
kishinami_hakuno_(male),8013358
shinomiya_fuyumi,6188455
isabella_valentine,8845682
reimu_endou,5450798
decidueye,4270135
staryu,9393388
poppi_(xenoblade),9834709
delphox,4288045
zenno_rob_roy_(umamusume),3076192
eva_beatrice,5209723
rachnera_arachnera,9760145
iwasaki_minami,5256050
asseylum_vers_allusia,1792749
fujibayashi_ryou,6985797
fuura_kafuka,8953664
ichii_yui,8665104
kagurazaka_asuna,801594
barasuishou,12693
belarus_(hetalia),2863870
female_builder_(dqb2),8644228
suzuki_jun,804736
imadake_dabuchi_tabemi,8415779
binah_(project_moon),9529983
megu_(blue_archive),7418789
min_min_(arms),4172010
bellibolt,6121978
knight_(hollow_knight),3813065
eliwood_(fire_emblem),2836799
kanon_(umineko),6678352
challia_bull,9210200
daiichi_ruby_(umamusume),9874263
sonohara_anri,5966560
warspite_(azur_lane),3942233
buront,7775762
yamashiro_takane,5591802
female_morgan_(fire_emblem),3044280
tier_harribel,7703189
ms._fortune_(skullgirls),2503547
mahito_(jujutsu_kaisen),6105343
ranger_(ragnarok_online),4942060
sayo_samonji,2435059
tanaka_asuka,5916467
michiru_(blue_archive),7569854
kai'sa,5433350
itsuka_kotori,5914229
kanna_(cookie),5115450
bandana_waddle_dee,6222533
raven_(tales),5856038
suicune,3891837
sneasel,6587042
tokugawa_matsuri,6866700
elster_(signalis),7473042
kakania_(reverse:1999),8511765
testament_(guilty_gear),6330517
vajra_(granblue_fantasy),3239626
lissa_(fire_emblem),2644497
shimakaze_(azur_lane),6818012
tsuji_renta,3375661
jiji_(majo_no_takkyuubin),8102196
sommie_(fire_emblem),9859695
broly_(dragon_ball_super),6448294
jill_warrick,6444272
zinnia_(pokemon),1845780
chii,8485444
sakaki_yuya,3126799
gojou_wakana,9698565
namine,8982527
the_world,4882144
nina_kosaka,5146307
howl_pendragon,6585884
asriel_dreemurr,7245808
ringo-chan_(otokuyou),3340341
mizutani_eri,7198475
hinata_yukari,8899899
homura_(senran_kagura),7253325
lucca_ashtear,3523684
antonio_salieri_(fate),3739601
silver_the_hedgehog,7809559
professor_(ragnarok_online),8712586
destroyer_princess,1851297
common_dolphin_(kemono_friends),3219007
kongou_(aoki_hagane_no_arpeggio),1582519
mutsuki_(azur_lane),8975064
oono_aya,9467342
chimchar,9443598
hoshino_miyako_(wataten),3438450
mouri_ran,9955023
alolan_raichu,8903807
prince_of_lorasia,6225697
hoshino_hinata,7158439
shinx,7998778
dragonair,7411391
scarlet_(nikke),8088162
togami_byakuya,7540101
kagero_(fire_emblem),5855687
kotozume_yukari,6165769
jinbe_(one_piece),9199720
handa_roco,9744497
chespin,3887067
takemi_tae,8044203
caeda_(fire_emblem),2624842
sasaki_akebi,8300510
goldmary_(fire_emblem),6221030
xu_fu_(fate),9507198
angra_mainyu_(fate),2087516
grimsley_(pokemon),8076633
mai_(touhou),7500199
kazami_yuuji,9063429
donquixote_rocinante,8081791
yoshida_hirofumi,5977848
heles,3094074
ororon_(genshin_impact),8555218
foo_fighters_(jojo),1512648
usami_ichika,9252670
marx_(kirby),8666666
arima_senne,5676293
killer_queen,8608904
pardofelis,5965751
hysilens_(honkai:_star_rail),9832518
nippaku_zanmu,6611234
koizumi_itsuki_(female),4623870
american_beaver_(kemono_friends),2829973
sesshoumaru,3778207
mishima_kazuya,4584367
cyan_(show_by_rock!!),2370519
soma_peries,203633
luka_(mon-musu_quest!),7271656
lucas_lee,6967644
tachikawa_mimi,7510891
tobiichi_origami,4893276
kogure_ruka,6625054
pine_(bombergirl),3700938
ryne_waters,5497803
zdrada_(helltaker),7927593
konngara_(touhou),9493588
nana_asta_deviluke,3495028
colette_brunel,639997
koga_mitsuki,7606363
evangeline_a.k._mcdowell,2038
renne_(eiyuu_densetsu),6083365
mejiro_ryan_(umamusume),3076128
gwendolyn_(odin_sphere),6849209
germany_(hetalia),6750191
ogasawara_sachiko,17482
nanase_haruka_(free!),3183365
caitlin_(pokemon),5196529
kitarou,8887666
aircraft_carrier_oni,2744856
flannery_(pokemon),1736262
yuunagi_tsubasa,8985434
dreepy,4499690
okazaki_ushio,6526226
ishtar_(fire_emblem),3322886
froakie,7143789
veyle_(fire_emblem),6829639
onitsuka_natsumi,7367110
kuromiya_raika_(kuromiya),9079587
fluttershy,1518149
wonder_woman,7671532
sorakado_ao,9887202
kid_(chrono_cross),6571916
rim_(kamitsubaki_studio),7644317
nena_trinity,3087339
koshirae_tsurugi_(m.m),5483498
ning_hai_(azur_lane),3284354
gabriel_tenma_white,3482454
ibara_mayaka,8126386
aa-12_(girls'_frontline),5797103
nelliel_tu_odelschwanck,3346202
jade_(honkai:_star_rail),9249654
mugetsu_(touhou),5175025
vita_(honkai_impact),9572717
sugimoto_reimi,3436026
elizabeth_liones,7167092
mint_blancmanche,6652801
emily_stewart,3822595
toujou_koneko,2100062
nagusa_(blue_archive),6942681
kitakami_reika,5127816
meteion,5547144
heshikiri_hasebe,3720462
blanc_(nikke),9098786
lexington_(warship_girls_r),5581223
hinase_(cookie),7146165
luxray,4903266
kuo_shenlin,6827263
pa-15_(girls'_frontline),3821351
nero_(devil_may_cry),7740686
aika_granzchesta,3658408
hugh_(pokemon),5703245
nonohara_yuzuko,9446627
black-tailed_prairie_dog_(kemono_friends),2805954
mirai_akari,8693031
kaidou_minami,7384257
kachina_(genshin_impact),8170725
saotome_shino_(shino_to_ren),6875601
kafu_(cevio),7842999
amakubo_yuri,7345320
shirayuki_ren,7665656
gummy_(arknights),7000729
ogino_chihiro,9222656
alpha_(pgr),6541113
hierophant_green,2218340
high_elf_archer_(goblin_slayer!),6160469
virgilia_(umineko),7451692
soda_(nikke),6441285
sableye,5258728
tachibana_taki,2595504
doudanuki_masakuni,2063555
degenbrecher_(arknights),4994523
camus_(dq11),8503465
manaka_non,7389815
kaname_buccaneer,3388269
oz_(genshin_impact),5920885
reaper_(overwatch),8458634
nagant_revolver_(girls'_frontline),3372124
ronald_mcdonald,7198918
viviana_(arknights),5649092
aria_pokoteng,8694213
itou_chika,7568447
scamp_(kancolle),8766890
vector_(girls'_frontline),3296939
ooji_mochizou,1979536
uzumaki_boruto,2192139
houndoom,4154736
shiba_tomoshibi,7040515
kagehira_mika,6277979
heiwajima_shizuo,2645386
koraidon,5400489
takozonesu,7462133
red_xiii,8193777
seragaki_aoba,8961958
diglett,6117363
sentret,9384844
ichigo_(cookie),8822185
cutiefly,4977784
erina_pendleton,6343111
dabi_(boku_no_hero_academia),5451924
kuramochi_meruto,7310649
tokitou_muichirou,6272147
aoi_(blue_archive),8297953
xiao_wu_(douluo_dalu),5453574
laharl,7186954
kimura_natsuki,7341161
kawanishi_shinobu,6546996
tsuyuzaki_mahiru,9955789
onigirya_(nekomata_okayu),8530783
mewo,8737171
vivi_ornitier,5427868
arceus,5995781
silvervale,5454332
alastor_(hazbin_hotel),7248456
erwin_smith,6845664
yamanbagiri_kunihiro,2846711
suzuki_hana,9956429
mini_durin_(genshin_impact),9785136
tsukuyo_(blue_archive),5555697
kevin_kaslana,6295725
elpeo_puru,11443
flayn_(fire_emblem),4836562
princess_bonnibel_bubblegum,6457113
mp7_(girls'_frontline),7202893
gareth_(fate),8621345
starscream,8471834
ajaw_(genshin_impact),8225886
anemone_(eureka_seven),4754993
dark_sun_gwyndolin,8408079
busujima_saeko,8157232
isoi_haruki,7807702
endou_mamoru,8361469
nihilego,8236569
petra_macneary,5420313
hinoa,5561480
hazawa_tsugumi,9187214
m._bison,570372
arin_(pangya),64404
akane_lize,7599092
zoroark,3808660
ellen_baker,4901390
matsuoka_rin,1935699
oosawa_aya,8117734
cordelia_(fire_emblem),6151094
madoka_aguri,6006894
rainbow_dash,1518148
shinano_eiji,7700700
misaka_worst,6613767
hyuuga_saki,6147261
jean_kirstein,6792566
listener_(inugami_korone),4641742
supergirl,8205600
luke_pearce_(tears_of_themis),7925919
augusta_(wuthering_waves),9495924
ogami_tamaki,8378233
ulti_(one_piece),6767963
fjorm_(fire_emblem),3173361
five-seven_(girls'_frontline),5786417
hikawa_iona,6158177
p-chan,9886598
kuriyama_mirai,3386511
kojo_anna,5819825
enrico_pucci,5196595
alicia_florence,81751
adepta_sororitas,5900592
smoker_(one_piece),7106596
takayama_sayoko,6700881
swordsman_(ragnarok_online),9075686
papi_(monster_musume),5355819
jiaoqiu_(honkai:_star_rail),8037317
renge_(blue_archive),8140962
iris_heart_(neptunia),1277616
kudou_shin'ichi,4355115
arihara_nanami,6977788
adeleine,8345481
tokiha_mai,1430593
villetta_nu,97465
shu_yamino,5870172
marinette_dupain-cheng,7442779
llenn_(sao),3127457
yomi_(senran_kagura),7679225
tokarev_(girls'_frontline),3618170
korok,6341958
dr._eggman,7945755
tsubaki_yayoi,1345649
alcina_dimitrescu,7601682
oogaki_chiaki,3146808
ikeda_chitose,9078294
morty_(pokemon),4404207
kana_anaberal,9707184
fungi_(genshin_impact),7964216
enomoto_takane,1064517
diabellstar_the_black_witch,8875212
sakamoto_ryuuji,9618298
lotte_jansson,3351842
tategami_aoi,9197862
shauna_(pokemon),8010740
rorolina_frixell,8125950
ushiromiya_rosa,8491209
iwatani_naofumi,8856520
fuwa_minato,4843155
mihama_chiyo,9489119
shinonono_houki,2631476
broly_(dragon_ball_z),7536687
wobbuffet,3630528
azumarill,5803414
apple_(reverse:1999),9634330
bucky_barnes,8713734
fran_(ff12),5792361
urbosa,4243898
nino_(fire_emblem),2620137
hidaka_ai,9696631
eriko_(princess_connect!),8233711
minccino,8298861
feraligatr,10055234
rfb_(girls'_frontline),4374373
uzuki_sayaka,3446992
mogador_(kancolle),8087437
anise_tatlin,6518114
futaki_kanata,6672842
francis_drake_(fate),7647049
aircraft_carrier_princess,3792445
suo_sango,6985077
big_man_(splatoon),5618339
yuuki_sakuna,9513247
kuroyukihime,4545033
olivia_(fire_emblem),6972943
poppy_(league_of_legends),6505265
hinoka_(fire_emblem),8575245
eiden_(nu_carnival),9783562
amada_ken,9602374
3.1-tan,1690280
kitagawa_yuusuke,9624586
wizard_(ragnarok_online),8693032
oryou_(girls_und_panzer),2319223
hikami_sumire,3042897
cornelia_li_britannia,7216407
hero_(dq5),3540995
jumpluff,9626685
hanzo_(overwatch),2374423
yangyang_(wuthering_waves),8627566
hitotsuyanagi_riri,6879601
ishimaru_kiyotaka,7540587
rory_mercury,8470986
marina_(fear_&_hunger),7659442
paula_(mother_2),6213967
minakami_mai,1147078
grea_(shingeki_no_bahamut),2840272
sakurai_touko,3460890
nausicaa,2913829
takano_miyo,2313744
zero_(drag-on_dragoon),7179311
cassidy_(overwatch),2563370
keroro,9401683
hayakawa_tazuna,7343019
sakaki_(azumanga_daioh),8863280
protagonist_(smtv),6114154
astarion,7692959
kiryu_kazuma,9592628
prince_of_wales_(azur_lane),8787996
shinomiya_runa,8019632
kanamori_sayaka,8297313
sidon,8405217
komori_kiri,8085374
hakuryuu_(inazuma_eleven),1192926
hoshikawa_lily,4601657
kirisaki_chitoge,5423711
mysta_rias,5416990
yamanaka_sawako,1350973
dorothy_(arknights),7206480
asari_nanami,3420819
sasaki_chiho,5748082
tatebayashi_sakurako,2534639
altina_orion,10060533
label_girl_(dipp),7759820
koharu_rikka,9052243
bokuto_koutarou,7328798
amagi-chan_(azur_lane),4873512
draco_centauros,8063932
ayachi_nene,8141021
jia_xichun_(project_moon),9869705
professor_shinonome,7520515
munchlax,3960007
ushiromiya_natsuhi,6890433
kushima_kamome,9563053
katou_danzou_(fate),9153057
vladilena_millize,6599106
puck_(re:zero),5906094
illumi_zoldyck,7452622
shiragiku_hotaru,5149572
pidgey,7696152
ookurikara,8542442
hibiki_yuuta,8379881
wang_liu_mei,9066827
edna_(tales),1993436
buttercup_(ppg),6979580
narusawa_ryouka,10016214
yamagishi_yukako,6372368
kaitou_kid,4346403
ishigami_nozomi,7310646
lily_(vocaloid),3743474
jibanyan,6263181
vigna_(arknights),6269111
ruru_amour,3331801
nishizono_mio,6695333
veronica_(dq11),4089579
shimura_shinpachi,9893625
hoshimi_junna,6570288
shizuki_hitomi,2788504
zeta_gundam_(mobile_suit),5822071
ikezawa_hanako,2937955
soul_evans,5983174
mishou_mai,6830391
genos,7573363
zero_(code_geass),3579085
amano_pikamee,3943443
liliya_olenyeva,8144116
matsuoka_miu,195771
kuroo_tetsurou,4762789
sakamoto_(nichijou),2345438
sandrone_(genshin_impact),9894181
player_palico,3031576
reticulated_giraffe_(kemono_friends),2734823
serena_(yu-gi-oh!),9776516
miyao_miya,7116445
son_biten,6601672
centorea_shianus,8497379
ines_fujin_(umamusume),3076178
cygnet_(azur_lane),3019994
kaminari_denki,6282494
victorica_de_blois,1685640
executor_(arknights),5850432
chrono_genesis_(umamusume),8896809
zagreus_(hades),4515488
kanno_naoe,9325867
suzi_q,4309920
momose_rio,8308051
miyamori_aoi,7277925
azul_ashengrotto,4388459
washington_(kancolle),5930135
trucy_wright,3414934
thor_(marvel),6989193
gardenia_(pokemon),8153972
pompompurin,8463730
izumi_(blue_archive),7565898
shinguuji_sakura,3504265
shizuko_(blue_archive),8442872
marina_(blue_archive),6978464
maria_robotnik,7869353
naruko_(naruto),552807
hod_(project_moon),6652374
k2_(girls'_frontline),5477789
yagami_iori,3619209
minoto,6231282
pyukumuku,4681047
hubert_von_vestra,5965428
arisa_bunnings,115725
owada_mondo,7481084
ephraim_(fire_emblem),2631620
yanqing_(honkai:_star_rail),6332488
growlithe,8407544
arsene_lupin_iii,6813421
shiratori_aira_(dandadan),8941635
sky_striker_ace_-_raye,7083707
huang_lingyin,3484818
zekrom,679280
qingque_(honkai:_star_rail),7668870
miguel_o'hara,6792043
bort,3141454
kiriko_(overwatch),5819059
kuroko_tetsuya,7575261
kanzaki_kaori,957669
nagayoshi_subaru,4031024
sakurazaki_setsuna,4575471
sariel_(touhou),2486107
cait_sith_(final_fantasy),6034635
shiki_natsume,5897837
kawakami_princess_(umamusume),3076126
lambda-11,5689559
kabu_(pokemon),5689770
chevalier_d'eon_(fate),3194000
ebisu_eika,4337374
shiraishi_yoshitake,9271331
pixiv-tan,2869275
asia_argento,8857851
araga_kiwi,7989451
korwa,3228863
fuwa_kokone,5573795
isshiki_akane,1378164
athena_cykes,8596002
karlach,8068078
inui_sajuna,9698586
snom,8541076
shigaraki_tomura,9765391
capitano_(genshin_impact),8824970
ieiri_shoko,6749335
enomoto_noa,9018392
goodra,4131075
kenjou_akira,5193148
starmie,3764787
welt_yang,5396785
brighid_(xenoblade),7430534
weedy_(arknights),9927999
angelica_(project_moon),9539167
rahu_(path_to_nowhere),7477610
marcus_(reverse:1999),9897232
clara_(honkai:_star_rail),7921964
idw_(girls'_frontline),9049917
catura_(granblue_fantasy),5567328
ogami_sachi,7841035
togekiss,1413782
lyn_(blade_&_soul),3027048
vlad_iii_(fate/apocrypha),6277379
yui_(sao),3129280
shitodo_kuroji,9966072
astaroth_(shinrabanshou),104660
orie_ballardiae_harada,5811767
squirrel_girl_(marvel),8727556
yuki_(touhou),5174831
prince_of_lan_ling_(fate),3854440
one_(cevio),2984367
usami_(danganronpa),7822916
kasai_amane,6710695
kawashima_mizuki,6181950
viral_(ttgl),508921
fairy_maid_(touhou),9484590
carol_malus_dienheim,5387186
wicke_(pokemon),6846075
ushiromiya_lion,8757652
arato_nagi,9585176
takao_(aoki_hagane_no_arpeggio),8314711
rikku_(ff10),5838341
monika_weisswind,8924739
annie_(league_of_legends),5809699
katsuragi_(senran_kagura),8478011
utaha_(blue_archive),6896430
tsumugi_wenders,6876088
sophia_(fire_emblem),2619147
chougei_(kancolle),6680480
cure_flora,9465334
leonie_pinelli,9848245
tsukahara_hibiki,6180891
ninetales,2299442
komasan,5893189
misogi_(princess_connect!),8873737
hiro_(hidamari_sketch),991262
hortensia_(fire_emblem),6419973
fujiwara_hajime,6322913
pidgeot,7250367
ecclesia_(yu-gi-oh!),9145474
doro_(nikke),9429057
melody_(projektmelody),8043991
akagi_ritsuko,2316020
white_len_(tsukihime),3314221
perrin_(pokemon),6571374
rukawa_kaede,7372511
esdeath,9435422
sazaki_kaoruko,1961232
ezreal,5110752
cassandra_alexandra,8616270
machina_x_flayon,6821106
elsword_(character),9242714
voyager_(reverse:1999),8579832
kasukabe_tsumugi,5377450
hoozuki_(hoozuki_no_reitetsu),5735974
guel_jeturk,6298373
itsuki_shu,6332693
haruka_(senran_kagura),6895538
flowey_(undertale),6549247
ende_(chihuri),7587227
jabami_yumeko,3089114
maestrale_(kancolle),9157735
miramikaru_riran,8783258
robin_(arknights),5361338
akagi_towa,9359343
ellee-chan,8426694
yui_tsuruno,5784297
cure_muse_(yellow),9138176
majima_goro,6582474
julia_(idolmaster),6140706
moonlight_flower,8621866
saileach_(arknights),8860323
minea_(dq4),8703134
kitsu_chiri,395809
clark_kent,10006861
ribbon_(kirby),2544732
es_(xblaze),6293000
essex_(azur_lane),5976882
eiko_carol,6406447
weavile,6587043
robert_e._o._speedwagon,1801524
eugeo,2756851
shirakiin_ririchiyo,2880765
sakurakoji_kinako,7367107
walpurgisnacht_(madoka_magica),7704008
ariel_(disney),6312862
otter_spirit_(touhou),3631876
valkyrie_(apex_legends),5694261
pinkie_pie,9805919
aomine_daiki,9270089
yamada_tae,5679384
matsukai_mao,8787462
pawmi,6283947
sono_midoriko,6673476
pumpkaboo,3783024
xayah,5957383
nanakusa_hazuki,9150488
sawatari_makoto,6702278
otogi_(blue_archive),7519124
beelzebub_(helltaker),4155654
suou_pavlichenko,7341241
owari_akane,8960053
sura_(ragnarok_online),5698682
ichijou_hotaru,4474167
goomba,6102023
cherino_(blue_archive),7603112
hugo_vlad,8994838
katsura_kotonoha,7910760
xinyan_(genshin_impact),7948655
tsurugi_kyousuke,8851626
tamamura_gunzo,6214206
shuu_(inazuma_eleven),1067726
ines_(arknights),6289800
hazama,533318
milly_ashford,7228331
ima-no-tsurugi,1912858
habetrot_(fate),5654194
rozalin,5347167
prince_of_samantoria,8521144
nara_shikamaru,1755739
guile,8159863
suzunari_shizuku,3248197
veronica_(fire_emblem),2602841
miraidon,8736007
syndra,6569826
princess_of_the_crystal,5491818
little_bel_(azur_lane),9939564
pac-man,8180818
sena_(xenoblade),7688184
metagross,4743493
croissant_(arknights),3794963
fox_mccloud,8183785
luz_noceda,6422266
yashajin_ai,3425325
waai_fu_(arknights),8717540
yuugiri_(zombie_land_saga),9827207
minami_rena,8137411
kogami_akira,2897680
tachibana_miya,6445273
koromaru_(persona),7193566
yagyu_(senran_kagura),6895638
shadow_chaser_(ragnarok_online),6245139
gundam_aerial,5823400
ikusaba_daisuke,7671440
felix_argyle,9782086
aegislash,6821737
axel_(kingdom_hearts),3986608
makoto_(princess_connect!),4392398
mlynar_(arknights),7030407
rebecca_miyamoto,10620
ana_(overwatch),2999121
himeragi_yukina,6943090
hydreigon,2914288
s.a.t.8_(girls'_frontline),3200383
momomiya_ichigo,5495442
kingprotea_(fate),7836660
caulifla,9451202
wien_margarete,7367111
hero's_daughter_(dq5),1167404
minami_mirei,7409137
komakusa_sannyo,4496178
takino_tomo,1038385
tyranitar,3850384
minami_kana,169549
reuniclus,9687503
recluse_(elden_ring),9399461
clair_(pokemon),655345
meiou_setsuna,7884893
sophitia_alexandra,5866414
kumbhira_(granblue_fantasy),3370899
heidimarie_w._schnaufer,3067663
yoshida_masaki,3926762
airi_(queen's_blade),7578404
kagura_hikari,9240064
puniru_(puniru_wa_kawaii_slime),8289467
haruhara_haruko,7168043
nu_gundam,6077357
yamabuki_saya,3914766
tougou_mimori,7250015
hatsune_mikuo,4710935
vei_(vtuber),6028277
sasaki_kojirou_(fate),2658198
kaede_johan_nouvel,5492941
mutsu-no-kami_yoshiyuki,2867416
himemiya_tori,6994536
blossom_(ppg),6940541
louie_(pikmin),7364295
ana_coppola,623124
melone,6194540
eruruu,39606
kageyama_shien,9027794
shamir_nevrand,5430998
hector_(fate),6594771
elan_ceres,6236907
mikoko_(kemomimi_oukoku_kokuei_housou),2996912
einhard_stratos,8254656
onitsuka_tomari,7367112
bondrewd,4239158
kurumi_(touhou),5175006
meguriya_ayumu,9532515
mimi_(princess_connect!),4043375
shirogane_miyuki,9766883
shiori_(princess_connect!),4265808
shiro_(no_game_no_life),3747540
lu_guang,9904887
urushibara_luka,5063196
edward_teach_(fate),9107393
marina_ismail,161457
sherlock_holmes_(fate),3854461
kageyama_ritsu,8606643
shin'you_(kancolle),3348225
flins_(genshin_impact),9694831
hero_(dq3),9831100
mareep,8442825
shinazugawa_sanemi,8899926
tenkawa_nayuta,8470994
nakano_yuka,5711511
fiora_(xenoblade),6819518
tirpitz_(azur_lane),3147180
pleinair,6862645
choso_(jujutsu_kaisen),6702905
knight_(ragnarok_online),5693573
pandemonica_(helltaker),4054150
kurosu_aroma,7877127
claire_redfield,5846878
tonbokiri_(touken_ranbu),1940506
kagura_(azumanga_daioh),9518433
metal_sonic,8103098
grani_(arknights),5886422
sae_(hidamari_sketch),9547256
carnelian_(arknights),6085252
palla_(fire_emblem),2619159
amagiri_(kancolle),5620553
hanazono_tae,8451408
matsudaira_touko,11995
protagonist_(pso2),8997881
catria_(fire_emblem),2684336
vill-v,7124869
no._21_(pgr),6330443
queen_marika_the_eternal,8234598
alisaie_leveilleur,8522756
ekubo_(mob_psycho_100),4337162
sakurada_shiro_(hy_plus),8345777
budew,7824970
taki_(soulcalibur),3296160
wanderer_(ragnarok_online),5923595
miyazaki_nodoka,3872536
parlor_dragonmaid,4753530
eustass_kid,8893339
peter_parker,8879098
nier_(granblue_fantasy),3445493
hitachi_mako,7483186
okumura_rin,9837597
lapis_lazuli_(houseki_no_kuni),7652151
mineva_lao_zabi,3417300
hibiki_ryouga,9886580
strict_nun_(diva),6876578
boros_(ouro_kronii),8775762
ellen_(touhou),7166311
harmonie_(arknights),4958238
endou_saya,7813129
lee_(arknights),5994329
komichi_aya,9320537
miyaura_sanshio,2313432
yonomori_kobeni,3531428
kyon's_sister,130245
rhein_kraft_(umamusume),7176919
doma_umaru,6955325
saratoga_(azur_lane),2895385
sukeban_(smg)_(blue_archive),6931757
nira-chan,5521862
jason_todd,6380056
mizuhara_koyomi,7428471
servbot_(mega_man),5532293
raiden_(metal_gear),1656511
medusa_(shingeki_no_bahamut),8762370
spamton_g._spamton,9413065
meowfficer_(azur_lane),3260711
shauntal_(pokemon),6760017
doomguy,9464363
irelia,6042616
genetic_(ragnarok_online),7301411
himekawa_yoshino,4145778
wishiwashi,3971078
rena_lanford,6788045
rune_knight_(ragnarok_online),9353534
flint_(girls_und_panzer),4544204
maribel_(dq7),3458030
chieru_(princess_connect!),3986259
memcho,7200874
akari_(blue_archive),6437099
uchiha_obito,9581984
chiaki_(blue_archive),9844417
goshiki_agiri,6948032
yabuki_kana,6528688
kumatora,5496034
seiyouryuu-san,7897993
pyramid_head,5794583
kearsarge_(azur_lane),8891583
ermes_costello,6494751
inaba_meguru,6060844
gible,4984167
istina_(arknights),9038522
katalina_(granblue_fantasy),3217370
beeswax_(arknights),4021210
ebisuzawa_kurumi,2127163
kawasumi_mai,6760599
margay_(kemono_friends),2652542
mimori_(blue_archive),9152081
jigen_daisuke,4759882
agent_(girls'_frontline),6975229
dragapult,8243392
hippopotamus_(kemono_friends),2844746
richelieu_(azur_lane),4024300
isagi_yoichi,8198874
hermione_granger,5558857
jasmine_(toshi_densetsu_kaitai_center),9447872
brant_(wuthering_waves),8979775
rosetta_(granblue_fantasy),3671546
arcee,6015320
hosomi_shizuko,3841133
hatono_chihiro,8800161
dog_(mixed_breed)_(kemono_friends),3585939
hassan_of_the_cursed_arm_(fate),9111893
agnes_claudel,5761473
horn_(arknights),5339676
antarcticite,7689457
cham_cham,8949537
victini,6788128
mahira_(granblue_fantasy),2974521
cernunnos_(fate),6764863
bailu_(honkai:_star_rail),6564234
raidian_(arknights),9637583
yana_(chihuri),3391559
selena_(pgr),9608145
indou_hikaru,9772595
dratini,9682700
mikura_(kancolle),3625220
hinatsuki_mikan,6628070
tinkaton,9102072
tokido_saya,6707661
witch_(puyopuyo),4147926
groudon,9440967
grim_aloe,7210914
lucia_(scott_malin),6200022
nakajima_(girls_und_panzer),3276451
player_character_(mabinogi),3565351
alsace_(azur_lane),7592404
tamaki_ui,7950410
wang_yujia,6763066
amaori_renako,8492385
aegir_(housamo),6902008
hinomori_shiho,7365893
komori_met,8833329
bruce_wayne,5363640
pyro_(tf2),9389047
clemont_(pokemon),9934124
archie_(pokemon),9380116
privaty_(nikke),5808382
gypsy_(ragnarok_online),9205375
kiyama_hiroto,8507786
yui_shousetsu_(fate),7108221
elf_(dragon's_crown),1496331
suou_yuki,7849270
astel_leda,6588559
iida_tenya,8695631
blue_mary,8085657
felicia_(fire_emblem),7312970
maria_(hayate_no_gotoku!),147214
yukikaze_panettone,928464
crobat,6839544
huai_yunqing,8671429
mitsuki_felicia,9410885
yuri_briar,9879967
fukae_(kancolle),5926575
natu,9827236
nea_(chihuri),6189199
rindo_chihaya,8398042
sirfetch'd,3632018
rom_(neptunia),5051706
neeko_(league_of_legends),7229542
hamaguchi_ayame,7635260
takemaru_(housamo),7342575
yozakura_(senran_kagura),6895509
ranger_(kancolle),8192267
amity_blight,6212618
ump40_(girls'_frontline),4762512
ogin_(girls_und_panzer),5548512
mimino_kurumi,8884238
pheromosa,3858449
whisperain_(arknights),8866396
takane_manaka,8394323
mist_(fire_emblem),9647091
klaudia_valentz,8158797
k.s.miracle_(umamusume),5610177
koga_koharu,6155326
rockruff,7479148
malkuth_(project_moon),9474844
bonnie_(pokemon),9811526
anchorage_(azur_lane),5728833
hanasaki_miyabi,6143877
ryomou_shimei,7246884
lilith_(hazbin_hotel),8588167
red_mage_(final_fantasy),2636646
roy_(pokemon),7364713
giovanni_(pokemon),6018702
shiina_noriko,3212802
noah_(xenoblade),7133024
konoka_(blue_archive),9991071
wamuu,1450381
saemonza_(girls_und_panzer),4377280
nyon_(randal's_friends),9162743
ichihime,7547135
hector_(fire_emblem),2833328
senri_tsurubami,8365378
seed_(zenless_zone_zero),10046586
blue_rose_(tiger_&_bunny),1193422
calstone_light_o_(umamusume),8144920
minami_chiaki,7775614
hitomi_(doa),3325302
iris_(mega_man),5774659
lifeline_(apex_legends),7332557
scolipede,4903055
mylene_jenius,3343956
spider-man_(2099),6376360
europa_(granblue_fantasy),8692434
miriam_(pokemon),5838233
seta_kaoru,3345155
luke_sullivan,9556794
bubbles_(ppg),8480763
luigi_torelli_(kancolle),3439601
dola_(nijisanji),3587334
black-haired_demon_girl_(shimmer),3187342
sayla_mass,8155702
zoya_petrovna_vecheslova,3456740
nyotengu,8760109
kise_ryouta,1205820
gladiolus_amicitia,5649187
kiawe_(pokemon),2440937
tabitha_(zero_no_tsukaima),4055403
mine_fujiko,9139429
sakuma_ritsu,7384340
lava_(arknights),9859663
dunkerque_(azur_lane),3935671
reona_west,7471286
mitsugashira_enoko,6614608
tenkubashi_tomoka,6174379
sirin,6287048
applejack,8726490
dialga,5208042
minnie_mouse,8809771
yotsuyu_goe_brutus,7368529
yamanouchi_kano,7433780
iona_(aoki_hagane_no_arpeggio),4711007
wild_tiger,1114186
noelle_silva,7326344
maruruk,8183735
sigurd_(fate),7982939
iws_2000_(girls'_frontline),3481156
murakami_(girls_und_panzer),3246696
towa_herschel,3520422
alolan_exeggutor,4264035
argalia_(project_moon),9506476
alvin_(tales),1249035
spot_(arknights),9364708
kinako_(40hara),6994984
soundwave_(transformers),5778967
loki_(marvel),7966075
alfonse_(fire_emblem),8966643
antonio_lopez,8109009
captain_falcon,8314946
ryunosuke_naruhodo,6595907
astra_militarum,5399873
tristana_(league_of_legends),6410580
waltrud_krupinski,9780146
hisuian_typhlosion,6033257
kuja,9534230
alca_(wakatanka4),8118400
nathan_seymour,8108346
karenina_(pgr),8363074
qin_liangyu_(fate),3508880
bell_cranel,9756463
iz_(asteroid_ill),3276905
noihara_himari,3540498
yamanin_zephyr_(umamusume),5264393
kaya_rinha,8823459
allen_avadonia,7012271
maruyama_saki,3537565
kobushi_abiru,137790
meira_(touhou),9796190
chaos_marie_(grimms_notes),9745727
tenten_(naruto),3322229
idia_shroud,5216839
seelie_(genshin_impact),9526546
taiwan_(hetalia),9774113
siesta_(zero_no_tsukaima),73815
matou_shinji,9309195
duramente_(umamusume),6744359
sakurai_rihoko,799068
south_dakota_(azur_lane),3499358
lumen_(arknights),5316464
kiryuuin_ragyou,2032002
sitonai_(fate),3274026
watarase_jun,2862202
deidara_(naruto),9612345
krile_mayer_baldesion_(ff5),5915166
carrot_(one_piece),6567535
yukikaze_(azur_lane),3137769
ghiaccio,3726731
neon_(nikke),5939930
dire_wolf_(kemono_friends),6028116
jax_(the_amazing_digital_circus),6961182
kusanagi_kyou,4380898
roxanne_(pokemon),6382899
usugumo_(kancolle),7643472
yukimin_(yukihana_lamy),9255526
corsola,3080446
unicorn_gundam,8854919
ling_xiaoyu,7275742
lapis_(fire_emblem),6333593
hirato_(kancolle),3709185
whisper_(youkai_watch),1957664
matsumae_ohana,890164
ahiru_(princess_tutu),882719
poniko,9396516
rappa_(honkai:_star_rail),8188821
takasugi_shinsuke,6576904
durandal_(umamusume),7887972
xia_fei,9304686
yukino_bijin_(umamusume),3076102
candy_(smile_precure!),1119382
palkia,8190482
magik_(x-men),8578435
protagonist_2_(housamo),7598307
nonohara_akane,8759754
sett_(league_of_legends),7945393
ntw-20_(girls'_frontline),5907336
menat,4530043
aisaki_emiru,6733390
akiha_rumiho,3602415
selphie_tilmitt,6517839
ahsoka_tano,5654528
kromer_(project_moon),7342608
angela_(seiken_densetsu_3),9796484
chloe_(fire_emblem),9496263
rarity_(my_little_pony),8726433
mad_hatter_(alice_in_wonderland),8412073
katt_(breath_of_fire),3444164
flora_(dq5),6388420
sotheby,9069026
myrrh_(fire_emblem),9131661
fie_claussell,8555646
pipkin_pippa,6870369
hirose_yasuho,3394741
kashima_yuu,4181368
kunashiri_(kancolle),4331095
stalker_(ragnarok_online),5762429
makina_nakajima,3516817
lara_croft,8331850
impa,4243899
totoro,607215
neutral_chao,9484866
zenobia_(fate),5015887
takaishi_takeru,2095406
marvelous_sunday_(umamusume),3076167
takenouchi_sora,2095392
seiya_kou,1063371
saria_(zelda),4754784
ariane_yeong,7250500
supply_depot_princess,5382523
kanbe_kotori,9180819
cure_magical,9095978
kanade_izuru,5764687
tsukimura_suzuka,150790
matilda_bouanich,8712027
ebenholz_(arknights),7266985
shirai_yuyu,7447857
bao_(vtuber),8205264
donald_duck,8499749
unohana_retsu,7521273
bardock,9026663
tsutsukakushi_tsukiko,975820
murkrow,8671593
caterpie,6628458
tsareena,8939507
batsubyou,1956918
ryouko_(tenchi_muyou!),6381545
suzumura_sango,6379284
lloyd_irving,6381702
mugino_shizuri,1095130
dottore_(genshin_impact),7533793
strelizia,3074413
sarashina_ruka,8733683
dorothy_west,7409199
pauline_(mario),8317455
logos_(arknights),6016452
lee-enfield_(girls'_frontline),3352112
chloe_(pokemon),4423023
tamada_tamaki,3855912
mogador_(azur_lane),8873637
marui_mitsuba,2085370
elize_lutus,900081
matsuoka_gou,3441712
natsuki_karin,6839445
dorothy_(princess_principal),2853764
ikari_gendou,7388219
aozaki_touko,1891956
fire_keeper,4895208
white_lion_(kemono_friends),7702698
hachiouji_naoto,9060753
majikina_mina,464699
duskull,3850317
momone_momo,468721
yowai_totoko,8125604
sakihata_rimi,8585562
salamence,6531210
fae_(fire_emblem),2718092
ribombee,5928095
yesod_(project_moon),9908589
erio_mondial,323695
luther_von_ivory,7205842
gooey_(kirby),7841449
if_(neptunia),3476858
kozume_kenma,6237863
nijou_noriko,70663
paya_(zelda),2887360
i-47_(kancolle),4346892
alexander_(fate),4099508
zombie_fairy_(touhou),8353457
prinz_heinrich_(azur_lane),7496321
velma_dinkley,6220105
cleopatra_(fate),6681961
nyen_(randal's_friends),9162742
mineta_minoru,4776097
parasoul_(skullgirls),6541430
natsu_dragneel,6825445
bisharp,10055040
evil_neuro-sama,8891374
aak_(arknights),3851625
rukkhadevata_(genshin_impact),6614651
inaba_mob_(touhou),9810317
sena_(blue_archive),5568233
gaia_(ff14),8703928
kazuma_asogi,9022647
wigglytuff,6432963
sakutarou_(umineko),674321
yak_(kemono_friends),7492109
nisshin_(kancolle),3703341
sceptile,7070738
kokonose_haruka,6154214
honolulu_(kancolle),7384081
kazama_souta,6252843
de_ruyter_(kancolle),3814601
loba_(apex_legends),5055410
jinshi_(kusuriya_no_hitorigoto),6932718
ram_(neptunia),5051733
aty_(summon_night),6833658
halsin,7318215
regis_altare,6007863
fukube_satoshi,4077314
blacksmith_(ragnarok_online),9313128
rapunzel_(disney),3722582
frenda_seivelun,2651687
vignette_tsukinose_april,2659512
nyto_(girls'_frontline),7733134
ardbert_hylfyst,5100334
pebble_(koseki_bijou),8115859
orphie_magnusson,9702117
fubuki_shirou,5835954
ishida_yamato,9551961
trapinch,6033367
hina_(girls_band_cry),7802772
tooth_fairy_(reverse:1999),6823148
candice_(pokemon),4401446
nakatsu_shizuru,10044933
natalia_luzu_kimlasca_lanvaldear,8596692
starly,8034176
kin'iro_ryotei_(umamusume),7312313
kikirara_vivi,9604287
munakata_atsumi,4026358
luna_snow,8626603
mitty_(made_in_abyss),2919791
raikou,10055031
penelo,7097279
asta_(honkai:_star_rail),9358415
merchant_(ragnarok_online),8683675
chuatury_panlunch,6630264
mashiro_meme,7122245
kazakami_saaya,4605593
articuno,5695634
quilava,10055114
atsushi_toushirou,2064338
prompto_argentum,3389143
aliza_(granblue_fantasy),2106777
chansey,3064365
mano_aloe,4080415
rumi_(kpop_demon_hunters),9537926
cure_butterfly,8981005
alisa_southerncross,7078714
michael_roa_valdamjong,8778222
cilan_(pokemon),8612537
houjou_satoshi,73061
meruccubus_(merunyaa),6428629
bili_girl_33,6576891
sonsaku_hakufu,7239821
seras_victoria,7299644
hungary_(hetalia),8079106
seki_hiromi,9398248
poliwag,8849012
schezo_wegey,6208133
kaburagi_kaede,1333944
akaashi_keiji,7370328
yokoyama_chika,4025110
arika_yumemiya,332779
shizuru_(princess_connect!),8874089
kurumi_(lycoris_recoil),5541757
spain_(hetalia),8516144
iguro_obanai,9033180
king_(aotu_world),9636113
azumaya_haruka,8275625
marius_von_hagen_(tears_of_themis),6793713
teddiursa,3960028
prushka,7786158
sasasegawa_sasami,6444074
wolfgang_amadeus_mozart_(fate),3739598
satou_sasara,3848333
kotonomiya_yuki,26592
chidori_kaname,6548132
mii_(nintendo),7527921
ayase_yue,2041
ninja_(final_fantasy),9124867
ayase_alisa,1524708
sideroca_(arknights),7099489
ooiwa_wataru,3249310
gwen_tennyson,6590695
balalaika_(black_lagoon),5415274
heinrike_prinzessin_zu_sayn-wittgenstein,6462667
threo_(granblue_fantasy),5366576
zubat,5436320
kouzuki_mahiru,7300174
eri_(boku_no_hero_academia),7480092
iris_(konosuba),9769253
shino_hajime,7353944
suou_mikoto_(school_rumble),39278
takayama_haruka,1662395
tenshouin_eichi,6956619
ark_royal_(azur_lane),3832948
aruruu,191743
michelle_(bang_dream!),3289903
sylvie_(dorei_to_no_seikatsu),9444828
charlotte_corday_(fate),9032648
red_blood_cell_(hataraku_saibou),6979724
cubone,9389052
ashe_(league_of_legends),5847518
sheep_nun_(diva),6865626
tadano_hitohito,9131948
maria_marionette,6274718
tanaka_mako,4377502
architect_(girls'_frontline),6606026
hanamichi_ran,9020362
nika_nanaura,8439810
fujimoto_rina,3322675
nijino_yume,8348721
sekiro,4064309
yune_(fire_emblem),3462769
black_lady_(sailor_moon),8221476
ayasaki_hayate,1268930
baizhu_(genshin_impact),7961066
feena_(grandia),6403062
munna,3374111
b.b._hood,8855359
bumblebee_(transformers),5792060
tsukuyomi_ai,6603670
minamoto_shizuka,7033108
lei_fang,3472478
ratna_petit,4978911
lucy_maria_misora,176128
koffing,8706961
lucifer_(shingeki_no_bahamut),5205181
joy_(pokemon),9741365
muffet,3164095
jailbird_(nerissa_ravencroft),9030258
land_(sousou_no_frieren),6823909
heather_mason,7349784
meerkat_(kemono_friends),5129388
shidou_hikaru,829268
rattata,9358616
ray_(arknights),8091366
bounsweet,4977769
southern_italy_(hetalia),9839437
dazai_osamu_(bungou_stray_dogs),9664001
asakura_karen_(heaven_burns_red),6994492
timerra_(fire_emblem),6218101
voyager_(fate),3926787
wallace_(pokemon),4090862
jessica_(reverse:1999),8712288
laura_matsuda,3718971
mirage_(apex_legends),4857888
udagawa_ako,9568154
prier,6176176
leona_(league_of_legends),6679943
monoko,233607
azuma_(azur_lane),3479409
kamijou_kyousuke,1325936
glasses_nun_(diva),6858955
naihe_(female)_(touqi_guaitan),8030018
yorktown_(azur_lane),7631347
ramza_beoulve,6896998
m14_(girls'_frontline),8042641
nozaki_umetarou,2097637
saikawa_riko,7427259
hatenna,6920073
nina_(breath_of_fire_v),5859785
sen_(granblue_fantasy),6067825
daybit_sem_void,7517576
toujou_tsukasa,7008223
tenko_shibuki,9380353
amae_koromo,5229577
michigami_nareko,9479412
meganium,8925148
little_mermaid_(nikke),9229722
big_boss,669537
huyan_zhuo_(fate),7221088
banzoin_hakka,8658741
sayaka_(saru_getchu),3269760
crona_(soul_eater),9580583
manjoume_jun,4669508
perfect_start_(infinity_nikki),9658853
myne_(honzuki_no_gekokujou),4967323
ryuuzaki_umi,5111142
emma_(yakusoku_no_neverland),7381747
sampo_koski,6336326
louise_(touhou),9477774
crownslayer_(arknights),9862508
briar_(league_of_legends),6626979
nessie_(respawn),4949447
ichijou_seiya,6822761
nobi_nobita,1080052
mikasa_(azur_lane),9939455
tendou_nabiki,8623595
kagura_mea,3883005
hoshizora_ikuyo,1277752
hungry_nun_(diva),6855458
sorey_(tales),3229725
hermit_purple,5126376
axel_syrios,5591523
kasen_kanesada,1934133
yoshinon,9676796
hawawa-chan_(sirokuma_shake),9759510
seyren_windsor,9008750
dick_grayson,9370649
adachi_sakura,2369469
hat_kid,7916508
araki_hina,6963176
suzumi_(blue_archive),6049957
hayashio_(kancolle),5995573
akashi_(live_a_hero),7583705
alice_liddell_(american_mcgee's_alice),1630090
african_penguin_(kemono_friends),7812596
hiramitsu_hinata,4372458
ryoma_(fire_emblem),2756376
mount_lady,2776329
yaotome_urushi,5486453
maeda_toushirou,2243765
diantha_(pokemon),1964085
feh_(fire_emblem_heroes),9298170
xavier_(love_and_deepspace),7871842
reno_(ff7),7063060
todoroki_yachiyo,1767528
kurobe_natsumi,6429997
sharkboo_(zenless_zone_zero),9750127
messmer_the_impaler,7353145
amagi_rinne,6143212
doseisan,3487343
luna_(pgr),6983660
tanigawa_kanna,7494283
reina_prowler,5715443
swampert,2354085
bili_girl_22,5916949
kenny_mccormick,9041230
sweety_(zenless_zone_zero),9712847
yuri_(dirty_pair),4090543
roserade,8398445
kurumi_(blue_archive),8531801
iwasawa_masami,8625819
manticore_(arknights),8114765
spheal,6677113
shennong_(housamo),6654322
wendy_marvell,8071086
chinchou,8924543
chacha_(fate),4834247
igarashi_rika,7310645
chevreuse_(genshin_impact),7094891
akashiya_moka,7729495
crono_(chrono_trigger),6612790
pandoria_(xenoblade),3965385
date_masamune_(sengoku_basara),7779795
emperor_(arknights),3646708
gebura_(project_moon),9373202
alisa_reinford,8196431
scholar_(final_fantasy),286674
saitou_ena,3439375
kanzaki_souma,8486345
kuonji_ukyou,9886694
naoi_ayato,3816050
trianne_(honkai:_star_rail),9616743
akita_toushirou,2121670
san_diego_(azur_lane),3282525
tetra,7109095
cheelai,4142825
takigawa_miu,3841333
rocket_raccoon,9357249
heroine_(dq3),6649941
chaika_trabant,1818703
jason_voorhees,8522473
himemiya_chikane,567644
tamatsukuri_misumaru,9813162
citrinne_(fire_emblem),6504434
asakusa_midori,3834034
black_jack_(character),9194703
etou_kanami,8331723
elu_(nijisanji),3199517
haku_(p&d),8285071
rachel_gardner,3164178
zoey_(kpop_demon_hunters),9669119
snow_white_(nikke),6205264
brief_(psg),9755722
edward_wong_hau_pepelu_tivrusky_iv,5899265
fine_(futagohime),9035213
skyfire_(arknights),3563892
saint-louis_(azur_lane),5747733
summoner_(ragnarok_online),9042460
audino,9501536
archetto_(arknights),5329198
cure_chocolat,8639047
luce_(jubilee_2025),8366008
miyanaga_teru,5198988
klavier_gavin,1466308
souya_(kancolle),5020028
kitami_yuzu,6900583
mabel_pines,2297117
jamie_siu,7952005
perroccino_(fuwamoco),6642941
elfilin,6070819
kouzuki_momonosuke,6815770
volkner_(pokemon),4721119
niwamaru_(niwarhythm),4765867
amaha_masane,7476456
constantine_xi_(fate),9243206
helena_(kancolle),7638148
escoffier_(genshin_impact),9255969
suu_(monster_musume),2236616
kidou_yuuto,1050762
stan_marsh,6186111
miles_morales,8035206
zoe_(league_of_legends),7251663
shinn_asuka,9226223
serie_(sousou_no_frieren),7368937
amitie_(puyopuyo),8132764
i-400_(kancolle),4491654
jasmine_(disney),9454493
kei_(dirty_pair),3496926
aurochs_(kemono_friends),5308090
tsujinaka_yoshiki,9772583
thelema_nutriscu,7655685
amagi_hiiro,6140487
miyauchi_renge,2066225
hiraga_saito,4376451
jashin-chan,5508428
lethe_(fire_emblem),3471634
omegamon,4465464
charlotte_aulin,8812959
shiota_nagisa,4109495
chesed_(project_moon),9851342
kujou_hikari,3710123
kataoka_yuuki,9826397
belial_(granblue_fantasy),3037407
ohishi_izumi,6896709
darth_vader,4254331
windsong_(reverse:1999),8169785
shiba_miyuki,9748205
wednesday_addams,8480446
sadamori_himeka,5305036
kotama_(blue_archive),6639264
koganei_niko,8914079
kujou_miyako,9743590
kageyama_tobio,4245366
snow_white_(disney),9089642
carmen_(project_moon),9912048
sasha_(haguhagu),5335707
fushimi_gaku,7574690
brigitte_(overwatch),3035984
ukuru_(kancolle),8545407
kaiboukan_no._4_(kancolle),4043699
kukuri_(mawaru),5801777
godsworn_alexiel,3507176
akagi-chan_(azur_lane),4877733
shirayuki_mizore,9022375
funny_valentine,9881037
shinigami_(rain_code),6589250
tana_(fire_emblem),5458271
aizawa_kazuha,7674913
thanatos_(persona),7166681
himura_kenshin,9791701
provence_(arknights),4561668
shiodome_miuna,7313053
asterios_(fate),4768621
protagonist_4_(housamo),5301459
satsuki_rin,3481064
kinoshita_hideyoshi,3322914
komekko,7971653
saegusa_akina,8602659
sonny_brisko,8562168
tao_blu_(splatoon),8562169
fukuda_noriko,7428702
muten_roushi,4925696
mina_(blue_archive),6417244
zaizen_tokiko,5149815
ekko_(league_of_legends),4979255
liu_qingcheng,8012069
delia_ketchum,2544009
shigure_(azur_lane),2977983
nelson_(azur_lane),3281542
onoe_serika,9947277
cliffheart_(arknights),5520458
sherlock_shellingford,4461618
karin_(p&d),2972515
fletchling,7143782
hatsune_(princess_connect!),9609234
warrior_of_light_(ff1),6244814
zessica_wong,1187213
matsuda_arisa,3973319
kurotsuchi_nemu,5618728
argenti_(honkai:_star_rail),6954357
sola-ui_nuada-re_sophia-ri,2097100
roccia_(wuthering_waves),8856796
wally_(pokemon),6127849
battleship_water_oni,2093132
floragato,7429061
aipom,4369100
vileplume,9360765
florina_(fire_emblem),3503570
hoshirube_sho,8660391
kira_tsubasa,2605251
team_skull_grunt,2451667
sendai_hazuki,8690595
gquuuuuux,9637621
percival_(granblue_fantasy),7322059
lauma_(genshin_impact),10011560
koshigaya_komari,3707569
shimamura_hougetsu,4467377
patamon,8019077
goku_black,7105028
trinnon_(honkai:_star_rail),9054362
yaeno_muteki_(umamusume),6498052
drayton_(pokemon),7061143
suzushina_yuriko,6343292
reno_(azur_lane),3859669
flametail_(arknights),5074116
al_azif_(demonbane),9473795
jahy,2853888
mammon_(umineko),569515
flynn_scifo,6361505
haku_(sen_to_chihiro_no_kamikakushi),7889337
yagami_makino,3825630
sharpedo,9420379
onodera_kosaki,5666698
ushiromiya_eva,6890431
toph_beifong,4879786
hanami_kotoha,8771730
spongebob_squarepants,5328898
elis_(touhou),2981750
nightingale_(arknights),3563825
mikleo_(tales),3651704
asami_sato,6575992
t-elos,79089
integra_hellsing,7313445
giovanna_(guilty_gear),7236386
bloodhound_(apex_legends),3451287
aircraft_carrier_water_oni,8422119
mina_(pokemon),5882454
pepe_(arknights),8015001
indianapolis_(azur_lane),3019995
nina_(breath_of_fire_ii),6181652
millhiore_f._biscotti,1214501
asagami_fujino,4262876
ade_(nikke),6241589
ainz_ooal_gown,9776595
higekiri_(touken_ranbu),6013332
luna_platz_(mega_man),3318418
miyagi_shiori,9453234
cid_highwind,7073689
amethio_(pokemon),8757196
miltank,8447145
beowulf_(fate),9127634
mightyena,9066797
modernia_(nikke),6619745
katarina_claes,4362717
ripple_star_queen,9876619
anubis_(mythology),8900773
mem_(honkai:_star_rail),8822200
asahina_hiyori,6074838
shigure_asa,116998
weather_report,6194609
ryuushen,5420926
crimson_viper,10018517
drifblim,8883635
zhuge_yuan,9271549
sky_striker_ace_-_roze,3777002
emilico_(shadows_house),5850701
senya_(dq11),2854779
kagayaki_homare,9568743
amanda_o'neill,5286588
okonogi_yuuko,8426319
mira_(kpop_demon_hunters),9662284
sof_(blue_archive),6975814
zapdos,3036147
morgana_(league_of_legends),7095286
joker_(dc),4781489
aragami_oga,6080839
ryouna_(senran_kagura),9743915
ventus_(kingdom_hearts),567938
kagami_taiga,7575266
hikari_(arcaea),9673064
komano_manato,9856722
akazutsumi_momoko,8375256
sung_jin-woo,8433602
togata_mirio,5282288
revenant_(elden_ring),9557993
ignis_scientia,3389124
suou_tatsuya,8416170
andou_mahoro,750898
zeke_von_genbu_(xenoblade),5791345
kotohime_(touhou),2984397
charlemagne_(fate),7656705
celty_sturluson,8987078
pallas_(arknights),4892041
shizuna_rem_misurugi,6955367
southern_tamandua_(kemono_friends),6242347
iwatooshi,1933991
yakumo_mitama,9438451
kokonoe_(blazblue),960710
malon,7954149
miyagi_ryouta,6060092
hasshaku-sama,4664990
deedlit,3292878
atarashi_ako,5837436
chimecho,3398492
angol_mois,8283291
hashida_itaru,9565709
yuuki_chihiro,8109850
van_arkride,5761464
geoffroy's_cat_(kemono_friends),6738152
kokoro_(darling_in_the_franxx),5876093
beatrice_(princess_principal),2984362
penthesilea_(fate),2774412
a.b.a,7400362
henrietta_de_tristain,68337
michinoku_komaro,9228985
alakazam,7509418
zuifeng_tenkai,8021998
asakura_rikako,4776458
suzumiya_haruhiko,5190679
societte_(granblue_fantasy),2107239
ogami_sakura,9930036
nekonyaa_(girls_und_panzer),7239970
lurantis,4930096
isayama_yomi,7422936
jungle_cat_(kemono_friends),7423023
crazy_diamond,6334604
vermeil_(arknights),4577807
kokutou_mikiya,3739637
severa_(fire_emblem),6955610
sakura_uta_(precure),8679338
ranpha_franboise,9106031
yukoku_roberu,9563638
sakuragi_matsuri,8782237
poison_ivy,7326895
ophelia_phamrsolone,5234393
takagi_(tansuke),2032307
maruyama_akane,7512058
horkeu_kamui,6139746
motoori_shiro,7292004
constance_von_nuvelle,8484096
shalltear_bloodfallen,9777208
miyasaka_ryou,3389767
symmetra_(overwatch),6394723
kitchen_dragonmaid,5446158
sasaki_ran,5551777
jewelry_bonney,8089839
tiphereth_a_(project_moon),9628899
arisugawa_himari,4173334
demi-fiend,6114171
tio_plato,9699092
emiya_alter,8806984
angelia_(girls'_frontline),6578679
sakimiya_iruka,9206405
raboot,3865137
murasaki_(senran_kagura),6382014
meliodas,3858462
mizusawa_mao,43307
niya_(blue_archive),7256796
chung_seiker,9133184
atri,6475289
akiyama_rinko,5386792
volcarona,6820683
sophia_(reverse:1999),7417419
yokune_ruko,8425910
snow_white_(fairy_tale_character),6176589
yagi_toshinori,5289196
steelix,1069166
yakishio_lemon,8263603
musharna,9679882
princess_leia,9267349
aoba_tsugumi,355415
ash_(titanfall_2),7332554
saionji_mary,7415946
mochizuki_chiyome_(fate),3125981
li_sushang,6672298
hero_(dq4),3585940
filo_(tate_no_yuusha_no_nariagari),7287942
rika_(touhou),9790232
moroboshi_ataru,6226213
izumi_koshiro,2095394
omokage_yugamu,8780318
yan_vismok,5347963
harukaze_doremi,4158890
meika_hime,7465282
loona_(helluva_boss),9316839
judy_hopps,8452944
raven_cronwell,9179971
anzu_(ensemble_stars!),8261104
kawazoe_tamaki,340443
ansel_(arknights),5633486
kiryuu_moeka,2639577
north_carolina_(azur_lane),3307049
yuni_(precure),4372470
dick_gumshoe,7963011
sweetheart_(omori),9837122
m950a_(girls'_frontline),10050645
senomiya_akiho,9272287
cure_whip,9221530
kishido_temma,5795562
sawaizumi_chiyu,8350019
amayadori_machi,2335454
pinecone_(arknights),4716421
kathryne_keyron,9127152
sophie_hatter,4786453
marle_(chrono_trigger),5884067
elie_macdowell,7164811
miyo_(blue_archive),10047777
ferdinand_von_aegir,8977258
dlanor_a._knox,7593821
ikaros,9417869
kouyama_rin,8830160
roll.exe_(mega_man),5535676
shiratama_mikan,7335944
esidisi,4191436
harmony_(splatoon),9386285
kinagase_tsumugu,1742553
shinomiya_himawari,6521984
scarle_yonaguni,6906034
kaguya_madoka,4372473
stern_the_destructor,6792881
shalon,8833977
ryu_lion,8936248
spider-man_(miles_morales),6758543
kudelia_aina_bernstein,2810969
artem_wing_(tears_of_themis),6272616
linhardt_von_hevring,3767822
bambietta_basterbine,5926825
lucifer_(umineko),7512109
misaki_mei,9387655
mechanic_(ragnarok_online),7306192
fighter_(7th_dragon),2798936
yellow_(among_us),6901187
ayase_fuuka,1950201
marida_cruz,8385994
kyle_broflovski,7668970
buena_vista_(umamusume),7913638
fenomeno_(umamusume),9519082
fal_(girls'_frontline),3412061
kazuno_sarah,3150260
sara_(touhou),6349007
fengxi_(the_legend_of_luoxiaohei),4845147
konan_(naruto),4837457
akikawa_yayoi_(umamusume),7343008
bewear,8359808
sword_maiden,3307848
ayla_(chrono_trigger),7418233
dooby,8550335
kinoshita_hinata,6587660
akershus_fortress_(oshiro_project),6956639
vila_(reverse:1999),9198298
falkner_(pokemon),4839881
yukihira_souma,5423020
zas_m21_(girls'_frontline),8022584
raspberyl,8644347
professor_kukui,2379995
curren_bouquetd'or_(umamusume),8896735
scott_pilgrim,8281782
azumi_(girls_und_panzer),5811711
rose_(street_fighter),5392137
hori_masayuki,7117162
lorelei_(pokemon),2658294
morisawa_chiaki,2200063
dark_magician,4771750
jiyan_(wuthering_waves),7614158
illya_(princess_connect!),5895420
fuuma_kotarou_(fate),8597037
pascal_(tales),2565899
liru,117979
maryland_(kancolle),8662991
konoe_konoka,193317
kishibe_(chainsaw_man),9776530
kokomine_cocona,2573421
thistle_(dungeon_meshi),7994217
yuzuki_roa,3519939
comfey,6821846
manaphy,4960032
satou_sei,8143134
nakiri_alice,8403480
aina_(mao_lian),3610299
inumaki_toge,4749060
maihama_ayumu,7554457
kouenji_sayuka,9951078
monarch_(azur_lane),3994157
xiao_weiying,8978606
miyazono_kawori,2004927
agent_4_(splatoon),8347687
edytha_rossmann,2914505
maiden_(nikke),7608463
harada_mutei,7021388
sig_(puyopuyo),5241806
thunder_(girls'_frontline),3755843
alcryst_(fire_emblem),6503752
stella_unibell,3179764
pathfinder_(apex_legends),4401306
kihara_tsumugu,1826738
akatsuki_uni,3480850
portland_(azur_lane),3019993
chris_(konosuba),9757327
guillotine_cross_(ragnarok_online),6251238
richter_belmont,6458017
gallagher_(honkai:_star_rail),8300035
rein_(futagohime),9408200
sabitsuki,3418874
sekishiro_mico,9501450
jack_howl,5792984
isara_mao,6254325
revenant_(apex_legends),8134633
rumi_(girls_und_panzer),3645825
blaidd_the_half-wolf,5188642
ray_(aotu_world),9035088
kurosaki_mea,2801136
uguisumaru,2125522
ruggie_bucchi,5901650
bomb_devil_(chainsaw_man),10019556
hizamaru_(touken_ranbu),5224306
kinuhata_saiai,4749925
hazuki_(tsukuyomi),8664496
haxorus,6820753
ashelia_b'nargin_dalmasca,7666848
tsukada_satoru,9397670
lan_hikari_(mega_man),4418826
closure_(arknights),7256691
mia_fey,8383802
lynn_minmay,9533809
hisuian_zoroark,5206050
ne-class_heavy_cruiser,1877429
debidebi_debiru,6764388
zafira,9408625
mayu_(vocaloid),8794249
panette_(fire_emblem),7444013
ichinose_minori,5789178
milim_nava,8152871
doujima_ryoutarou,1130201
karen_(pokemon),5549945
jakuri_(ar_tonelico),298404
wolfrun,9065629
bravern,7093023
nidalee,7789086
95-tan,2980
aila_jyrkiainen,7518017
hassel_(pokemon),7368650
henya_the_genius,6447805
tanikaze_amane,6012100
tosa_(azur_lane),5638743
izmir,3492469
apricot_the_lich,4530341
empoleon,5695648
takasugi_shinsaku_(fate),5638346
kohibari_kurumi,8269206
hot_pants_(sbr),6004839
aardwolf_(kemono_friends),2979073
archer_(ragnarok_online),8683491
ceruledge,5653084
sushang_(honkai:_star_rail),6661631
araiguma-san,8869611
naga_the_serpent,3584645
luocha_(honkai:_star_rail),6463611
peacock_(skullgirls),7403420
shoto_(vtuber),7324901
nori_(hidamari_sketch),1761499
yuitsuka_inori,8814260
yuzuha_riko,7645349
valentino_(hazbin_hotel),9430801
lee_(pgr),7484313
victreebel,2224633
miteiru_(shirakami_fubuki),9401155
anabel_(pokemon),6306790
syuen_(nikke),9640845
sonia_strumm_(mega_man),4466122
eva_00,7748512
rina_atherina,6945288
kasumi_(princess_connect!),3591115
hana_(pangya),108362
gabumon,6471802
shiokko_(murasaki_shion),9227156
sabotender,473826
noss_(rariatto),7574724
hibiscus_(arknights),3770326
aihara_yuzu,3834552
ceylon_(arknights),3609267
uzui_tengen,8658910
yuzuriha_(under_night_in-birth),7857541
takakamo_shizuno,3473903
hayanami_(kancolle),4657999
seina_(kyata_ti666),8388131
nikaido_chizuru,6608427
guinaifen_(honkai:_star_rail),8995508
houzouin_oniwaka,7538215
casca_(berserk),5745865
dark_precure,862504
firion,9524599
yamin_(cookie),8731180
mizushima_saki,2364507
shaw_(arknights),6617293
angel_girl_(shimmer),4349885
cthugha_(nyaruko-san),2064406
cure_nyammy,9259548
tsuchiya_(girls_und_panzer),2932466
sky_high_(tiger_&_bunny),946617
horsea,9397384
nymph_(sora_no_otoshimono),9987140
inuyama_mana,3072240
encore_(wuthering_waves),7708435
ryoubi_(senran_kagura),6490971
vyn_richter_(tears_of_themis),6509819
sheffield_(kancolle),4787439
norimaki_arale,8053128
negi_springfield,356502
horikita_suzune,7205346
estinien_varlineau,3731725
lalah_sune,9546491
hitsugaya_toushirou,6826208
moze_(honkai:_star_rail),8068071
peter_griffin,8811552
penny_polendina,3089127
ribeyrolles_(girls'_frontline),3298453
adiane,349572
shinomiya_karen,6871055
graves_(league_of_legends),7015902
aladdin_(magi),7934143
shin_(dorohedoro),5447194
alphys,2221335
dipper_pines,8322184
charmeleon,6525399
naga_(nikke),7237590
artorias_the_abysswalker,6752918
dainsleif_(genshin_impact),6069032
cure_gelato,9543482
matsunaga_ryo,6235324
wartortle,4248906
elaine_auclair,8880751
milo_(pokemon),5114229
tosaki_mimi,7442263
white_rhinoceros_(kemono_friends),6085079
locke_cole,8424541
nagi_seishirou,6018570
miyadeguchi_mizuchi,6844670
cinder_fall,8754255
meika_mikoto,7465287
niimi_sora,10049153
cleffa,3274665
pikl_(elira_pendora),4605065
vittorio_veneto_(azur_lane),6414602
senkawa_minato,8570551
riju,6527057
youko_(girls_und_panzer),6812251
takabushi_kengo,3981767
yarai_miu,6103695
terriermon,6021831
sanada_yukimura_(sengoku_basara),8808669
shiratori_aira_(ensemble_stars!),5233404
corviknight,8495660
chitose_sana,6365676
ursula_hartmann,9678486
yuisis_(granblue_fantasy),3380257
jonouchi_katsuya,7484937
judd_(splatoon),2040113
latifa_fleuranza,7309700
kuze_shizuka,9772247
aoba_kokona,6853044
bloody_marie_(skullgirls),7444281
paldean_wooper,5990023
iijima_yun,3410444
sekai_(cevio),7644097
hisaishi_kanade,4669082
kamen_rider_kuuga,551693
minamoto_chizuru,273890
takizawa_asuka,5231904
hirano_toushirou,2060203
arf,1197809
momoka_(blue_archive),7346437
mujina,6437194
yashiro_kizuku,7637633
nora_valkyrie,3222642
kukulkan_(fate),10033951
yumeoi_kakeru,5470907
kirahoshi_ciel,5086473
enderman,3624168
misaki_akeno,8010742
tsunetsuki_matoi,1171300
parvati_(fate),9162141
vanillite,6479139
goblin_slayer,9231859
red_(among_us),6476599
shy_(character),6446721
d_(nikke),10025795
diabellze_the_original_sinkeeper,7149078
oomiya_shinobu,9320516
dedue_molinaro,8966073
nekki_basara,3560312
ikebukuro_akiha,6970613
common_bottlenose_dolphin_(kemono_friends),3375192
asclepius_(fate),4680897
takeya_yuki,8828936
6_(reverse:1999),8795583
lysandre_(pokemon),4404081
mulberry_(arknights),4782505
toki_kureha,5883555
ace_trappola,6328752
red_riding_hood_(sinoalice),3351937
kunihiro_hajime,3645840
marui_hitoha,7005979
alibaba_saluja,6271755
yumekawa_yui,9043531
linne_(under_night_in-birth),1293739
yuuhi_riri,6804667
hulkenberg_(metaphor:_refantazio),8689954
beanstalk_(arknights),8710824
light_cruiser_oni,3427945
glaucus_(arknights),4013635
gepard_landau,6387845
lilia_vanrouge,4281826
krul_tepes,6445305
infernape,6829053
shellder,3036021
etie_(fire_emblem),10050457
kamen_rider_decade,4407187
tomari_mari,3869880
zarya_(overwatch),2643900
erika_(blue_archive),5837282
goldeen,9393281
sora_(nikke),9577337
chiba_mamoru,9089506
entei,3848684
shiiko_sugai,9533062
edea_lee,5834023
shizuku_murasaki,6521761
matsubara_kaoru,81651
diamant_(fire_emblem),6503773
mori_yuki,5941155
ultraman,9370241
uzumaki_himawari,9664576
alipheese_fateburn_xvi,7278069
kinshi_no_ane_(92m),5711868
vera_(pgr),6930370
druvis_iii,7392797
cthulhu,7995297
asada_shino,4564732
kuzu_suzumi,7878768
xingchen,5591917
alm_(fire_emblem),2603217
medicine_pocket,6818108
yamagami_karuta,8002834
leopard_(yatterman),8731675
thanatos_(hades),5851588
sakuma_rei_(ensemble_stars!),5558327
jaune_arc,3234200
korrina_(pokemon),9918274
touyoko_momoko,5715967
glimmer_(xenoblade),6282319
yue_(chinese_wife_diary),1048139
dendra_(pokemon),5560269
kurusugawa_ayaka,26043
kurusugawa_himeko,3423257
anceril_sacred,2506374
hinata_natsumi,7211571
yuma_kokohead,6542748
aihara_mei,3026575
pururut,3476854
shikanoko_noko,7543911
komari_chika,8003432
mary_read_(fate),4338886
scar_(wuthering_waves),7722576
destroyer_(girls'_frontline),3356687
togame_momoko,9051847
kotona_elegance,353262
curly_brace,749
cure_lemonade,9455034
zero_two_(kirby),609624
shyrei_faolan,5885363
sunohara_youhei,7009722
murakami_tomoe,6496515
forte_stollen,63812
ogiue_chika,3536
sakura_haruka_(wind_breaker),9818375
storm_(x-men),8164982
sumire_(blue_archive),6775755
scarlet_ibis_(kemono_friends),6363816
steve_(minecraft),5284196
satou_jun,1319825
la_manchaland's_don_quixote_(project_moon),9364429
roux_louka,7807029
sasha_waybright,8200214
roberta_(black_lagoon),9561049
hoshino_yumemi,6979009
alphinaud_leveilleur,7274052
sumeragi_kaguya,7390517
koseki_reina,3225953
chiester410,443876
neptune_(azur_lane),6188645
shadow_milk_cookie,8933665
kimidori_emiri,6073568
jakob_(fire_emblem),2844838
gouenji_shuuya,2438799
ol-chan_(oouso),4966466
ashe_ubert,8293339
fuyou_kaede,161323
souza_samonji,6938773
tsumugi_(princess_connect!),5897539
ema_skye,2492939
abby_(wuthering_waves),7888853
soldier_11_(zenless_zone_zero),10054198
lampent,2351087
hazuki_nagisa,8306022
ghetsis_(pokemon),5454896
pandora_(mega_man),3353593
mitsurugi_meiya,6625346
nidoking,3767103
chamber_dragonmaid,8419248
plume_(arknights),5734485
moltres,8774674
mosin-nagant_(girls'_frontline),3339778
saito_nicole,7981333
puchiko,9812075
pollux_(fate),5928209
akehoshi_subaru,9857439
dusknoir,7070749
leos_vincent,8036244
kittan_bachika,517732
asgore_dreemurr,2284171
anne_boonchuy,5313101
yagami_kou,5720954
finn_the_human,6714227
blanka,9770032
suzuki_(girls_und_panzer),3547122
vivillon,4361873
lotad,5046566
zaizen_aoi,6754469
fin_e_ld_si_laffinty,8958058
wakasa_yuuri,4367695
orphen,3061142
amagase_touma,7136268
kaya_(blue_archive),6385277
chiron_(fate),5750175
virginia_knights,6704926
framme_(fire_emblem),6969722
ridley,4381208
winged_pikmin,9776961
rizu-kyun,6085981
alfred_(fire_emblem),6068979
kaidou_(one_piece),7694619
vaggie,7187137
ppk_(girls'_frontline),6738310
marco_(one_piece),7384302
reinhardt_(overwatch),2942386
vanilla_h,68284
large-spotted_genet_(kemono_friends),6872322
jack_atlas,6904858
precis_neumann,7393419
add_(elsword),9030274
nikaidou_(dorohedoro),764763
banana_(girls'_frontline),3930454
nono_(top_wo_nerae_2!),3547141
jade_curtiss,891842
merry_nightmare,8098125
katy_(pokemon),5882981
freya_crescent,9584960
tamura_hiyori,197874
purrloin,8988510
tamura_manami,784938
diane_(nanatsu_no_taizai),7200313
teletha_testarossa,7089
gaming_(genshin_impact),7780592
kefla_(dragon_ball),4952779
sawachika_eri,51528
martial_artist_(dq3),8453916
zayne_(love_and_deepspace),7773287
maylene_(pokemon),7609927
leblanc_(league_of_legends),9038824
chain_chomp,5292682
tav_(baldur's_gate),6614640
tsurumaru_tsuyoshi_(umamusume),8747940
kaguya_(blue_archive),8849354
k'_(kof),4998075
tamba_akari,5937599
riddle_rosehearts,5216823
azula,5329873
teemo,5810476
io_(granblue_fantasy),3688805
rafayel_(love_and_deepspace),7868293
houston_(kancolle),7038955
gorou_(darling_in_the_franxx),3130678
harry_potter,2860817
wadanohara,6993403
deux_murasame,9540559
narusegawa_naru,7911872
togedemaru,3194970
male_priest_(dungeon_and_fighter),6396161
super_sass_(girls'_frontline),2986380
svd_(girls'_frontline),3432248
eisen_(sousou_no_frieren),6992285
maxie_(pokemon),4754527
agent_3_(splatoon_3),8635356
tar-21_(girls'_frontline),5560813
grimmjow_jaegerjaquez,7352450
rakka_(haibane_renmei),4147966
masaki_sasami_jurai,8247122
kain_highwind,7370302
takane_(blue_archive),8344108
polteageist,6678907
waddle_doo,8741227
luigi_di_savoia_duca_degli_abruzzi_(kancolle),3653761
champion_(ragnarok_online),8972717
black_gold_saw,7515460
lily_(ender_lilies),6878075
emil_(nier),2184512
udin_(kureiji_ollie),4289254
asumi_sena,9724465
relm_arrowny,6359117
yubel,8599064
mouri_motonari_(sengoku_basara),8202017
house_dragonmaid,5400316
kriemhild_(fate),8384653
kuzunoha_raidou,4771790
98-tan,5928009
nanjo_hikaru,7579711
yano_erika,1892792
naoko_(lynus),3557209
mieu_(tales),905702
alban_knox,6904933
mirai_(senran_kagura),6895550
futami_eriko,45910
amamiya_elena,4372472
aiz_wallenstein,6680936
yuri_petrov,1054467
metera_(granblue_fantasy),3083015
adol_christin,7888237
luo_shun_yao,8362291
chousokabe_motochika_(sengoku_basara),8209008
neo_asari,9154077
kukuri_(mahoujin_guruguru),3331231
elbe_(azur_lane),5171378
zangoose,4458627
elhaym_van_houten,8360887
koshigaya_natsumi,3396887
heiter,7397269
hanabatake_chaika,8718730
wailord,8251877
falulu,7907157
jacques_de_molay_(foreigner)_(fate),7134446
kosaka_yukiho,1524709
meloco_kyoran,9591317
tamamo_jk_(fate),3617441
hachijou_(kancolle),3567272
angel_dust,9876035
oleana_(pokemon),3560838
flora_(fire_emblem),8904676
poro_(league_of_legends),5175477
fiona_frost,9879881
mei_mei_(jujutsu_kaisen),5899113
annytf,7282717
niijima_sae,5533377
kamen_rider_1,5661555
galarian_ponyta,8780821
mitsumine_mashiro,3900432
dion_lesage,6470833
chasca_(genshin_impact),8114718
velvet_scarlatina,3086219
kuroe_shizuku,8978597
king_(snk),5271634
yagoo,7218658
zeraora,5775207
satou_lilly,7947485
viola_(pokemon),1964053
kamen_rider_double,7558391
rixia_mao,6540770
sasori_(naruto),9612412
rogue_(ragnarok_online),9501717
hishi_akebono_(umamusume),3076161
malleus_draconia,9063693
aoyama_sumika,8010482
luviagelita_edelfelt,2168833
midnight_(boku_no_hero_academia),9513099
laimu_(vtuber),8673817
shirahoshi,7847182
chisa_(wuthering_waves),9392177
kamizaki_risa,8784713
bidoof,9041564
katou_umi,9616692
juri_(blue_archive),8165816
manon_legrand,9658055
yomiko_readman,4312685
palmon,6670576
narumiya_yume,4888255
black_cat_(marvel),7116332
serizawa_chikaru,5906797
fi_(zelda),7287878
artemis_(sailor_moon),3618200
takaya_noriko,3249695
tamaki_kotatsu,8545283
kaminari_qpi,7458059
hatsume_mei,5163515
dobermann_(arknights),5959877
satomi_touka,5552176
kuromine_chiharu,4513394
eremes_guile,5533011
kagami_hayato,6701483
leorio_paladiknight,5868857
akari_(raigou),6135595
judau_ashta,6463848
umika_(blue_archive),7372855
rogue_(x-men),7469282
ulquiorra_cifer,7509557
light_dragon_(zelda),6358956
aikawa_(dorohedoro),7203515
cinque_(nanoha),469005
tonami_yuma,18086
ponpoko_(vtuber),7816623
xatu,1345620
phantom_(arknights),9963893
shioriha_ruri,9170070
wanda_maximoff,9322416
monk_(ragnarok_online),7294191
janna_(league_of_legends),5683364
x_(reverse:1999),9647970
mienshao,5273293
viktor_(league_of_legends),5147994
sano_manjirou,6426324
cyrus_(pokemon),5196716
rikka_(holostars),8774860
yaia_(granblue_fantasy),2230717
gotoh_futari,5882333
ashwatthama_(fate),8997460
nishimiya_shouko,2444135
katsuragi_shiori,9670980
bra_(dragon_ball),9421366
padparadscha_(houseki_no_kuni),6003824
hythlodaeus,6923954
nidai_nekomaru,3510905
elaine_(pokemon),10004292
guy_cecil,6711715
jabuchi_you,7681514
piers_nivans,7005209
iwato_kasumi,9826515
kakine_teitoku,9611432
farfetch'd,4243212
batgirl,9362133
majora_(entity),8517699
barok_van_zieks,5997602
belle_(disney),9537985
aleksandra_i._pokryshkin,3842451
gold_experience,9284937
levy_mcgarden,6548993
lancelot_(fate/zero),8602152
kazami_mizuho,3776033
commandant_(pgr),9596214
nanami_lucia,6042962
heavy_cruiser_princess,3821741
toudou_shion,7310850
floating_fortress_(kancolle),2834123
hanazono_yurine,7185570
enjoji_jin,10045057
tuesday_(reverse:1999),8510981
cardigan_(arknights),3533565
nijou_ryuu,7882846
fujibayashi_sheena,41044
niyon_(granblue_fantasy),4350693
jeff_andonuts,1560399
marta_lualdi,320737
misora_(princess_connect!),6403203
lunafreya_nox_fleuret,8580048
elysium_(arknights),9862354
beedrill,3194971
okumura_yukio,9837367
canada_(hetalia),7563112
heero_yuy,7503598
warabeda_meiji,8056659
android_17,7627559
koshimizu_toru,8007278
takakura_shouma,8489665
fusou_(azur_lane),7222928
rosanna_(nikke),8570065
tenma_maemi,5547053
rapidash,3255597
akishimo_(kancolle),3826647
black_widow,6854454
segawa_onpu,4158902
sagat,9440059
katara,3859687
akebi_komichi,5394603
misaka_shiori,200757
ka-class_submarine,1796233
shiina_mahiru_(otonari_no_tenshi-sama),7170001
hiiragi_shinoa,4628915
watarai_hibari,6167413
lunala,6970553
kiyal_bachika,484356
gascogne_(azur_lane),3480682
inokuma_youko,9320545
selkie_(fire_emblem),8978180
shiki_(senran_kagura),6895494
mayl_sakurai_(mega_man),2450627
ando_tazusa,6514283
ninja_(ragnarok_online),9173583
matsumi_kuro,4000616
aizawa_sakuya,171972
akuma_nihmune,9805447
asutora-chan,3457506
aggron,4791822
escha_malier,2460861
golisopod,6269943
stay_gold_(umamusume),9923490
walking_mushroom_(dungeon_meshi),7169408
sunday_silence_(racehorse),5851988
uki_violeta,7119537
amou_kanade,2802956
tangela,3767072
yuigahama_yui's_mother,3453061
oikawa_tooru_(haikyuu!!),8479338
female_gunner_(dungeon_and_fighter),4887348
hiyajou_maho,4932939
kyoumachi_seika,3848350
voltorb,8633154
tmp_(girls'_frontline),3626968
beautifly,5415460
herlock_sholmes,6082421
arash_(fate),2977671
shiromiya_asuka_(kuromiya),9594957
artemis_(fate),8619633
steenee,3865135
obi-wan_kenobi,4993596
kuon_(utawarerumono),3119202
team_rocket_grunt,3036636
mandricardo_(fate),7567172
tachibana_momoka_(bubukka),5676160
zun,6084857
swirlix,9561240
anthuria,3532392
shizune_(naruto),9943363
prishe,9137629
technoblade,8677760
ichika_(1ssakawaguchi),9107347
ladydevimon,7979767
ouroboros_(girls'_frontline),3580381
hoshina_tomoko,214590
hisuian_growlithe,5276565
chiester45,7109703
nerine,149873
professor_sycamore,4426083
mitsukai_dokuro,8991100
fujima_sakura,7950869
axew,6127869
olivia_(pokemon),9380098
eternal_sugar_cookie,9990372
makoto_(genshin_impact),8182015
aimaina,6547057
kawakaze_(azur_lane),6799219
fleki,8061403
comoli_harcourt,8940847
goredolf_musik,7119215
josuiji_shinri,7729106
yukino_(blue_archive),8513689
cure_precious,8980958
waluigi,7923051
yohane_bonaventura,1536646
risu_(dorohedoro),7100373
yoshino_chidori,8277696
hibiki_wataru,5857275
australian_devil_(kemono_friends),7072630
altair_(re:creators),7989438
yua_serufu,7699344
yajuu_senpai,8670813
swanna,6831836
arurandeisu,7613967
oosuki_mamako,3228346
nozomi_(princess_connect!),8876441
ezio_auditore_da_firenze,9712922
kousetsu_samonji,2392753
aokaze_nana,9831148
illuso,6197652
petilil,6479151
blue-eyes_white_dragon,6506197
hoothoot,6189631
perfumer_(arknights),3770323
liechtenstein_(hetalia),9631579
leia_rolando,998713
nina_(girls_und_panzer),3545087
inohara_masato,6549057
kuroba_kaito,9072987
tanemura_koyori,5591110
hisau_maiya,9233358
pkp_(girls'_frontline),3198997
saegusa_ibara,7712239
tomotake_yoshino,8662903
otegine,10041780
kazuradrop_(fate),8626862
phoebe_(pokemon),7799606
hyakkimaru_(dororo),5403071
blair_(soul_eater),8644459
thompson_(girls'_frontline),4316091
delibird,5735362
i-203_(kancolle),4752243
bald_eagle_(kemono_friends),3217091
amano_keita,9660330
whip_(kof),5792173
stella_vermillion,8970303
long_island_(azur_lane),3305983
gundou_mirei,3640114
super-shorty_(girls'_frontline),3624820
momo_mizrahi,5681984
riesbyfe_stridberg,4044276
lulu_(ff10),5482367
megumi_(girls_und_panzer),3437447
juvia_lockser,3333861
bowser_jr.,5917268
ciri,2892265
kisaragi_ren_(vtuber),9724197
ben_tennyson,7486496
reina_(tekken),6887816
arakune,330895
suou_(blue_archive),7498563
moco_(fushigi_na_neko_no_machi_meltier),7070425
ursula_charistes,3623739
soleil_(fire_emblem),8977995
marciana_(nikke),6710269
kuriboh,8126238
gurren-lagann,7921669
mihama_chiyo's_father,54408
emma_august,4439642
minneapolis_(azur_lane),3313964
funada_ui,7928041
akumi_(yoclesh),5623903
mother_(yoru_mac),6720401
lorenz_hellman_gloucester,8935684
yumia_liessfeldt,8101422
nymph_(arknights),8942881
aloe_(quiz_magic_academy),7512957
anabuki_tomoko,3404728
colonel_sanders,6227426
nishikitaitei-chan,2783910
hashimoto_nyaa,2249696
arche_klein,5468399
kohaku_(yua),1945661
barbara_(dq6),6684266
fartooth_(arknights),5190146
lenneth_valkyrie,8913378
kouya_aotsuki,9916588
azusa_(cookie),9465773
ohr_(blue_archive),6993485
momohime,6483124
ragatha_(the_amazing_digital_circus),9519089
ginko_(mushishi),3930179
mikoshiba_mikoto,2117142
sin_kiske,7398313
lauren_iroas,8246497
kirarazaka_marina,9772256
stone_free,5122622
ushiromiya_george,588132
kimberly_jackson,5952299
tang_sanzang,1005432
tuscaloosa_(kancolle),6882502
belno_light_(umamusume),9823525
mizuki_seira,6953155
igglybuff,4991896
ludger_will_kresnik,8322763
kido_jo,2095401
hijikata-san_(m.m),7291985
nakigitsune,1925023
kurohebi,5931131
louise_halevy,208051
goutokuji_miyako,88725
yu_(arknights),9775965
mikazuki_augus,7906531
mizusaki_tsubame,6387460
takanashi_souta,672293
ayanokouji_rem,7925463
gm_(mobile_suit),5720499
wallace_wells,8193871
kaga_nazuna,7411612
bamboo_memory_(umamusume),3076164
okada_akane,3515574
maou_beluzel,8150826
heroine_(dq4),9358623
ikuta_haruki,9956448
gomamon,6771732
gigi_andalusia,7903761
wolf_o'donnell,8110152
ajax_(azur_lane),6196235
papika_(flip_flappers),8814105
sophie_(popopoka),8100927
sakuna-hime,7706260
wailmer,9420411
hagakure_yasuhiro,5478652
yoshida_kazumi,325308
shuppet,10027810
miku_(darling_in_the_franxx),3054692
rock_pikmin,9032956
nel_zelpher,6587230
machoke,3960022
minato_tomoka,1016141
niko_(oneshot),8078528
hulk,9412667
mirai_(kemono_friends),2979081
hana_(fire_emblem),8538965
yuri_(project_moon),9622355
millions_knives,6219136
hououji_fuu,6609171
phantump,9920874
kitashirakawa_anko,7538894
sanaki_kirsch_altina,2643487
mona_(warioware),8265846
xenomorph,9334059
ramona_flowers,6928873
uzumaki_kushina,9472652
yusa_(angel_beats!),6565240
flamebringer_(arknights),4715540
mitsui_hisashi,7372513
rolo_lamperouge,3226334
death_the_kid,9301688
chosen_undead,10063277
gol_d._roger,8640684
thief_(ragnarok_online),8683597
ayra_(fire_emblem),6444355
q-bee,8855350
changsheng_(genshin_impact),6303706
himeno_kanon,2157833
taliyah,8280366
nogami_aoi,252441
velvet_(odin_sphere),9934620
torterra,4910105
garie_tuman,6881477
kazuha's_friend_(genshin_impact),8103480
sanhua_(wuthering_waves),7767306
mela_(pokemon),5652976
fujioka_haruhi,7151548
orfevre_(old_design)_(umamusume),7633749
otonashi_haruna,1926599
fudou_akio,2044007
yamcha,3553013
senju_muramasa,2774843
unzen_(azur_lane),7281172
souya_ichika,3503876
tsukinaga_leo,9520609
may_(gundam_build_divers_re:rise),8077292
ishikawa_goemon_xiii,7129538
joshua_bright,9502181
shirayuki_hina,7599091
gagaga_girl,9990957
novice_(ragnarok_online),8683290
skuld_(aa_megami-sama),5404259
niles_(fire_emblem),2844851
matsushima_michiru,9973879
elincia_ridell_crimea,2855767
alucard_(castlevania),7997110
atem,3187587
natasha_romanoff,7391086
spiritomb,6315543
lumen_(gunvolt),7090955
chiya_(urara_meirochou),5807394
bachira_meguru,6174894
naoki_miki,7264052
zebstrika,2715365
sato_reika,7511975
cael_anselm,7776368
seraphine_(league_of_legends),5734226
shiina_mashiro,2320305
delthea_(fire_emblem),2785754
sara_valestein,7188172
captain_spaceboy,8726066
hanamura_teruteru,7538157
crown_(nikke),7939402
roselia_(pokemon),5227320
nyatasha_nyanners,4397247
porygon-z,3062919
rescue_officer_(pikmin),9744985
cafe_(cafe-chan_to_break_time),3192303
cecilia_(shiro_seijo_to_kuro_bokushi),4417659
superb_bird-of-paradise_(kemono_friends),7075584
crimvael,8138919
adrien_agreste,9988910
marcy_wu,4358571
sakura_hibiki,7779211
alkaid_mcgrath,7007583
peach_maki,5735975
lois_lane,6527826
yakui,355163
jayce_(league_of_legends),9663070
sakuma_jirou,1516189
gemma_(monster_hunter_wilds),9471443
alex_(minecraft),7999563
u-47_(azur_lane),8945425
kappa_mob_(touhou),6214291
shinkai_kanata,8575878
sakurada_yuuta,8938012
ebina_nana,2120004
yamato_aki,2742890
cairngorm_(houseki_no_kuni),3292003
gundam_mk_ii,9102830
ayin_(project_moon),8455742
pierre_bichelberger,1982368
dorothy_haze,7042751
axl_(mega_man),7483835
emma_millstein,6562806
jingburger,5970819
beelstarmon,8847456
caspar_von_bergliez,8293398
nakata_sae,5317555
pesci,7558926
shimohara_sadako,6320538
banagher_links,1026666
kale_(dragon_ball),6175283
kamen_rider_ooo,747577
jeremiah_gottwald,7216054
flame_reaver_of_the_deepest_dark,9558552
tionishia,3625664
star_nun_(diva),6882956
samejima_mamimi,8559867
beatrix_(ff9),5700286
ichii_tooru,4902018
beelzebub_(umineko),582261
weedle,2906232
sara_(granblue_fantasy),2334893
sonoda_yuu,9065206
sakuyamon,8815274
croagunk,5645782
oomuro_hanako,9379302
tachikawa_ayaka,6357912
kazuno_leah,3150262
lady_nagant,6096501
golbat,3767048
anakin_skywalker,9261454
sigurd_(fire_emblem),2892419
scirocco_(kancolle),4230138
rance,8431196
ayn_alwyn,7776471
revali,7866017
she-hulk,5610181
hero_(dq1),6092648
nightwing,9185541
astarte_(surio),3803249
pidove,2990608
poochyena,9256015
moritaka_(housamo),5248792
shimotsuki_potofu,2409052
xander_(aotu_world),9241465
johan_andersen,8038861
pearl_fey,2491127
zangyaku-san,5288166
jamil_viper,3927037
izanagi_(persona_4),1289948
eve_santaclaus,7365667
asch_(tales),4900453
nito_nazuna,7493184
white_(among_us),5730913
archer_(fate/samurai_remnant),9330035
willard_h._wright,728934
bellossom,5633473
ayase_honoka,5425039
ryuugamine_mikado,642115
yggdrasil_(granblue_fantasy),1878239
rurudo_lion,9290451
dori_(genshin_impact),5737733
angeal_hewley,9985032
emori_miku,5812850
feiqizi_(fkey),3270074
wiccan,6489260
belmond_banderas,4949487
orin_the_red,7038978
seviper,3518416
hanabusa_lisa,9894078
pelipper,6818592
neeko_(aldehyde),3412013
lamia_(pgr),6933234
tanuki_(ame_to_kimi_to),4189454
oboro_(fire_emblem),2622536
kagami_sumika,8731152
nodoka_(blue_archive),8886098
tokoyami_fumikage,5117074
kida_masaomi,9210664
hojo_sophy,6896192
xiangli_yao_(wuthering_waves),9877603
lieza_(arc_the_lad),8813832
takamine_noa,6183913
coconut_(nekopara),7530805
felt_(re:zero),9782104
azuki_azusa,1005731
narwhal_(kemono_friends),4400399
a.k.i._(street_fighter),6629842
aida_kensuke,670465
tamamo_(mon-musu_quest!),7002863
anjo_nala,8961137
futaba_aoi_(vividred_operation),1345581
knight_(dungeon_and_fighter),6395662
elysia_de_lute_ima,775356
fnc_(girls'_frontline),2488576
multi_(to_heart),4282117
baizhi_(wuthering_waves),8627568
catwoman,7618036
cure_wing,10004513
helianthus_(girls'_frontline),6218773
horizon_(apex_legends),6111688
kusuriuri_(mononoke),266751
machita_chima,5444647
male_morgan_(fire_emblem),3545775
amane_konata,9104949
asta_(black_clover),5885953
fujiyoshi_harumi,7729655
cure_mermaid,9465442
snow_white_(sinoalice),4212124
buizel,9857659
azusa_mifuyu,5653359
ushiromiya_kyrie,5711203
arung_samudra_(cessa),5428759
kanda_yuu,6225339
songque,8469996
monoe,6619909
hoshikawa_mafuyu,2896249
kirishima_romin,9585326
kurikoma_komaru,6816373
hakamada_hinata,7015431
lora_(xenoblade),3261689
ohno_kanako,6220
taranza,6716317
lucy_(elfen_lied),9747879
silvally,5706739
nanami_(pgr),5529031
karol_capel,6580724
omanyte,3372765
pawmot,6401717
tibetan_fox_(kemono_friends),3049015
weezing,3073119
marufuji_ryo,7871662
tairitsu_(arcaea),7557649
sage_(ragnarok_online),9312990
professor_oak,3187983
ran_nagisa,7687347
aurora_(disney),9454732
renton_thurston,1647673
yuezheng_ling,7802548
quiet_(metal_gear),4368894
kyouno_madoka,1316333
miyoshi_sana,3622232
minami_koharu,7183274
feena_fam_earthlight,643679
onix,1651445
solosis,9523418
turn_a_gundam_(mobile_suit),7875017
skiploom,3789905
iris_wilson,6520327
neneko_mashiro,8508383
amelia_wil_tesla_seyruun,3307524
aurora_sya_lis_kaymin,4177569
fukiyose_seiri,832678
japanese_wolf_(kemono_friends),4413467
lilith_(saikin_yatotta_maid_ga_ayashii),8407657
tajikarao_(housamo),7272367
kahili_(pokemon),4148490
fa_yuiry,6711058
catherine_(project_moon),8561051
drum_(kancolle),8582012
akira_ferrari,7006189
hulkling,6489261
kinon_bachika,2294380
gray_fullbuster,6825453
arulumaya,3477809
aerodactyl,10034446
loran_cehack,5238678
emboar,5404482
colphne_(girls'_frontline_2),8660784
tap_dance_city_(umamusume),6088336
amemiya_darumi,8780297
nanami_haruka,6663425
matsuo_chizuru,6188122
shikibe_mayu,6818910
rama_(fate),7061038
hayase_mitsuki,1123
silver_chariot,4853204
mitsukasa_ayase,7124831
yuki_aine,6650804
nephenee_(fire_emblem),2866761
staraptor,5706670
susie_(kirby),5651041
hanazono_hakari,7404234
nohara_shinnosuke,620241
mikuni_oriko,9771544
kunkun,28919
hinami_(pageratta),9359220
happy_meek_(umamusume),6120065
winged_lion_(dungeon_meshi),7683059
kamui_(gintama),9419502
jeff_the_land_shark,9657532
iwado_anna,7860711
mizumiya_su,8907945
suirin_(tukikagerou),8447104
simon_blackquill,2240950
roromiya_karuta,1568242
taion_(xenoblade),5119056
crispin_(pokemon),6571342
lycion,9299720
excellen_browning,132106
shiraishi_minoru,7295456
hanakuma_chifuyu,6839447
ronove_(umineko),656446
nakabeni_yua,3530271
clefable,3374110
ryuk,8466386
viridi,8200948
kristen_(arknights),9423147
tora_(xenoblade_2),4393744
gaap_(umineko),399592
yorda,6171628
zhezhi_(wuthering_waves),8005394
itsuka_shido,7447144
genesis_rhapsodos,7205468
susato_mikotoba,6577347
nachoneko,9044725
maehara_shinobu,6385684
scylla_(azur_lane),8942973
togetic,9904928
shy_guy,8044433
heroine_(lovebrush_chronicles),7236493
nana_(ice_climber),2234544
terra_(kingdom_hearts),567941
tsuyuri_kumin,5643020
fox_child_(doitsuken),3089867
kousaka_china,1661836
irene_(kanniiepan),8056796
kuwata_leon,7539141
azurill,3194967
yukong_(honkai:_star_rail),7717991
master_chief,735431
mazinger_z_(mecha),4416800
rose_(pokemon),6496099
lecia_(granblue_fantasy),8365470
erica_fontaine,7961083
zuo_le_(arknights),7518912
krystal,5069073
breloom,2990631
gulpin,7336021
rurima_(cookie),8669827
junkrat_(overwatch),2515035
velouria_(fire_emblem),7697784
tezuka_rin,677824
inda_karane,7404246
nagumo_haruya,3235300
arctic_fox_(kemono_friends),3646669
ibarazaki_emi,5314836
skarmory,9292170
light_hello_(umamusume),7883993
cibo,9641527
othinus,9209777
lae'zel,6590621
kiryu_tsukasa_(idolmaster),3460734
fairimon,8157587
rock_lee,5490249
earth-chan,2976460
nikkari_aoe,6473608
miori_celesta,5341099
coralie_6626_planck,7648082
kajiki_yumi,4393958
abarai_renji,7737548
mochizuki_hijiri,6391916
amano_hina_(tenki_no_ko),4714868
therion_(octopath_traveler),8777710
saya_(blue_archive),10009588
raphiel_shiraha_ainsworth,5231942
kochou_kanae,4560828
paras,3075301
hitou_nami,920367
shiny_chariot,3519520
pidgeotto,9855312
proto_man,4079567
belphegor_(reborn),3433041
dokugamine_riruka,8426170
kikyou_(inuyasha),4476991
marie_(persona_4),6367381
dragon_kid,1353309
adagumo_no_saragimaru,7060552
aya_brea,4149005
cinderella_(fairy_tale_character),9057056
orimoto_rika,6470250
pan_yinhu,9246849
royal_guard_(ragnarok_online),8721791
fall_guy,4047482
ayame_(gundam_build_divers),7876715
serval_landau,8614693
torkoal,5695630
ultima_(fft),98423
i:p_masquerena,9125982
maaryan_(to_heart),968458
black_jaguar_(kemono_friends),7072254
tsurumi_tokushirou,7300124
youngster_(pokemon),5087201
phichit_chulanont,2606193
meyrin_hawke,2348
olive_laurentia,3317311
shinko_windy_(umamusume),3076186
mass_production_eva,4213780
kujou_riu,5198075
nick_wilde,8346558
kanda_mizuki,3607989
tendo_teru,2357698
musubi,4731964
sophia_esteed,8240609
obstagoon,8831998
arihara_tsubasa,9340508
mutio,9854553
belgium_(hetalia),8389770
guizhong_(genshin_impact),6497244
shirogane_kei,3971288
jesus,5402388
nazuna_(hidamari_sketch),3299339
yashio_kaito,9300862
samsung_sam,4565018
patricia_martin,9536455
talonflame,2259891
samurott,5271406
hisako_(angel_beats!),3384093
yusa_emi,9696640
aoi_nagisa,283015
lunatone,3767190
alice_(sinoalice),4282952
ishikirimaru,1996510
valkyrie_(vnd),6055832
vergilius_(project_moon),9689382
ookami_ryouko,10060029
lala_tramont,5133159
lars_rorschach,7127365
kawamura_reo,6844566
maria_traydor,3542671
yotsuya_miko,4151897
yamato_suzuran,26573
kagamihara_sakura,3396338
kirifuji_nozomi,8854281
vedal987,9934919
juujou_hiyori,8331728
mage_(dq3),1828458
primula,8891033
alolan_ninetales,8429737
rob_lucci,7066387
nanobana_kinako,1690606
nanaya_shiki,37372
kodama_fumika,9639128
akatsuki_(log_horizon),2486799
iori_shirou,1619717
tia_(nikke),6774257
i-19_(azur_lane),5084156
lindy_harlaown,107403
kurama_(yu_yu_hakusho),5385923
electro_emilia,1539807
amemori_sayo,7362480
cure_idol,9775095
emerada_(xenogears),7116287
arsalan_(housamo),7352339
clarence_clayden,7776525
otonashi_saya,3395223
sena_izumi_(ensemble_stars!),9281416
gallica_(metaphor:_refantazio),8225280
yoshida_ryouko,5010171
serge_(chrono_cross),5467918
sekomumasada_sensei,833842
hisanuma_sayu,3718042
kitsune_spirit_(doitsuken),4599413
jason_(fate),4680901
toudou_chise,2855895
deirdre_(fire_emblem),3273248
carbuncle_(final_fantasy),5985392
daisy_duck,8688189
lala_(monster_musume),2130916
re_mii,22284
impostor_(among_us),5726548
kurata_mashiro,7569929
komi_shuuko,3328113
vega_(street_fighter),9496176
rokudou_mukuro,3156093
miyano_shiho,4094185
queen_of_hatred,9913071
bellezza_felutia,1651426
ushigome_rimi,5765077
twitter-san_(tsukigi),3452339
io_(pso2),5630557
gundam_exia,3285620
shishiou_(touken_ranbu),7455233
freyja_(fire_emblem),3940855
orange_(touhou),9652351
suzuya_juuzou,5612444
hydrapple,7043422
swadloon,9005438
fei_rune,1413736
tressa_colzione,3556709
g36c_(girls'_frontline),4769947
honchkrow,5706674
rillaboom,5404470
katsura_kotarou,9472721
sovetskaya_rossiya_(azur_lane),3808558
kirche_augusta_frederica_von_anhalt_zerbst,4127076
kofune_ushio,5531711
michael_kaiser,6426135
saratoga_(warship_girls_r),8303778
sekine_shiori,8606722
little_mac,4675965
rum_(girls_und_panzer),3246694
porygon,3769675
jururu,7166003
charlotte_pudding,7321386
kaji_ryouji,1296697
minami_haruka,167543
rin_(inuyasha),2320099
sannomiya_shiho,282370
yamanami_keisuke_(fate),5920909
lavi,9881525
wakabayashi_tomoka,8072992
bayleef,5625014
shizuhara_hiruko,9756801
venus_paques_(umamusume),6752349
tenshinhan,3322388
anna_(ikeuchi_tanuma),5024095
tojou_michiru,9106135
alluka_zoldyck,2811352
magni_dezmond,5634422
pandreo_(fire_emblem),6245166
vanessa_(kof),5818487
savage_(arknights),3563863
valkyrie_police_academy_student_(sg)_(blue_archive),6160116
flutterpage,9030265
sophia_valentine,7890332
x-23,8029315
piyomon,8858626
priscilla_the_crossbreed,5801235
amakusa_juuza,664019
fuiba_fuyu,6984894
roro_(gunvolt),7168377
r_dorothy_wayneright,6250768
milky_rose,9444488
nakahara_chuuya_(bungou_stray_dogs),9503828
amamiya_shizuku_(hizuki_yayoi),6404600
fu_shun_(touqi_guaitan),8223222
judal,8872201
taikogane_sadamune,3103121
wakamiya_eve,3261960
electrode_(pokemon),9388560
zelos_wilder,6373068
athena_glory,741512
sazabi,4472580
nagasone_kotetsu,7413223
pancham,3811081
inuyama_tamaki,3704644
nakigitsune's_fox,3419638
panther_chameleon_(kemono_friends),3232409
bellsprout,1187255
amemiya_nazuna,5900872
sophocles_(pokemon),5882444
liepard,9916215
andou_ringo,6163077
hasegawa_chisame,23053
fogado_(fire_emblem),8164157
mantine,7835573
aizen_kunitoshi,6023471
rosado_(fire_emblem),7235912
deborah_(dq5),4940708
shiranami_ramune,9024404
kurono_kurumu,285488
firis_mistlud,8122185
ethan_(arknights),8566884
karibuchi_hikari,2571547
cindy_aurum,2556719
vanilla_ice,4191453
hibiki_dan,4035906
fujii_ayame,9718792
levi_the_slasher,1550157
penpen,471274
daki_(kimetsu_no_yaiba),6070627
medama_oyaji,7388216
wargreymon,9266982
shiina_(angel_beats!),6443570
komaki_ikuno,67949
alina_(arknights),9862585
pachira,39873
claus_(mother_3),8068544
gine,9320659
lilim_(monster_girl_encyclopedia),3147556
meteor_(arknights),3744548
absinthe_(arknights),3960592
hanazawa_teruki,6697068
jinako_carigiri,8571557
shimamura_charlotte,7220646
dera_mochimazzui,2995899
abe_takakazu,4219905
diddy_kong,8903812
constanze_amalie_von_braunschbank-albrechtsberger,7929125
wilhelmina_braunschweig_ingenohl_friedeburg,6826247
makino_ruki,3964713
fujiwara_no_iyozane,8383567
hirako_shinji,7591699
jiu_niangzi,8491029
koujiro_frau,1175734
shisui_kiki,6495119
lust_(fma),7396662
nandaba_naota,5926162
charles-henri_sanson_(fate),5194156
urashima_kotetsu,2009455
usami_taiga,9776568
emil_castagnier,886578
douma_(kimetsu_no_yaiba),9374383
mabosstiff,9570296
kuya_(nu_carnival),9715400
hephaestus_(housamo),3915942
cinnamon_(nekopara),7869515
gotou_moyoko,7547573
nakaseko_kaori,5510085
hector_rivera,3117513
smeargle,4977447
tsukino_(pageratta),9018497
suzuka_utako,4782417
laegjarn_(fire_emblem),3324597
nami_(league_of_legends),8812346
fukada_ichika,7798530
kurata_sayuri,19
haurchefant_greystone,5625053
taishakuten_(onmyoji),5523136
aikawa_megumi,7167476
oscar_francois_de_jarjayes,7033823
strider_hiryuu,5363748
tatsumi_koutarou,9826885
smoliv,5631186
mirae_(closers),6646012
chocolat_meilleure,7577178
perlica_(arknights),7005976
snoopy,7574942
oatchi_(pikmin),7275232
kimijima_sara,3280704
hoto_mocha,2657193
raimon_natsumi,8686870
loremaster_(helltaker),6218923
dp-12_(girls'_frontline),5419009
crow_armbrust,5907669
garen_(league_of_legends),5736952
camieux,2183869
minthara,7528633
calyrex,4977518
levi_(fear_&_hunger),8763374
bass_(mega_man),8616542
aki_mabayu,8171606
botan_(yu_yu_hakusho),5474616
su_(honkai_impact),7965751
ibrahim_(nijisanji),8027719
cherubi,4360666
stellar_loussier,5638278
danjin_(wuthering_waves),7704167
xavier_olivette,9525732
hikigaya_komachi,8056286
shimizu_kiyoko,1726364
hawlucha,5695645
ion_(tales),8565818
dif_(difman),5918956
giuseppe_garibaldi_(kancolle),5676289
karasuma_chitose,8935
goofy,8686952
sunflora,3791350
demitri_maximoff,9755143
laby_(elsword),9410875
billy_the_kid_(fate),9131485
aoyama_blue_mountain,4327508
sig_mcx_(girls'_frontline),7098743
francoise_arnoul,8228665
siberian_tiger_(kemono_friends),5547757
suou_amane,8504287
tinker_bell_(disney),8787175
leviathan_(umineko),3295393
hiei_(yu_yu_hakusho),3828090
saionji_kotoka,7132279
falling_devil_(chainsaw_man),6324627
chariot_(black_rock_shooter),7089318
pansage,2990621
brooke_(mleth),6545753
ishida_mitsunari_(sengoku_basara),8548808
bearer_of_the_curse,10049449
futagawa_fumi,6823738
elfuda_(elf-san_wa_yaserarenai.),3703607
takatsuki_ichika,1305681
sasamori_karin,65127
ilfa_(to_heart),2139
retoree_(show_by_rock!!),2025562
shitodo_hooaka,7586232
tsukamoto_yakumo,5886061
itou_nobue,38801
sakura_ayane,4370025
mika_(genshin_impact),7027234
yatogami_fuma,5733792
laura_s._arseid,7206327
irisu_fuyumi,1210986
mr._mime,7034727
sally_sinclair,9660697
ren_kougyoku,7782506
kawashima_sapphire,4153123
origami_cyclone,1193426
c.c._lemon_(character),1195286
scene_(arknights),7295500
seiryuu_(kemono_friends),6797064
kusunoki_midori,2922522
tsurumi_chiriko,953546
blonney,8304499
mega_man_volnutt,4174542
tailred,1820992
kikuri_(touhou),9790133
xiao_(project_moon),6366783
brionne,9222595
takayama_maria,6014470
namine_ritsu,5176709
kure_kirika,9415078
lilimon,7037709
xemnas,9869392
seulbi_lee,3509031
domon_kasshu,3628421
mp5_(girls'_frontline),6661682
kamiyama_shiki,9575861
mafia_kajita,6992336
canal_vorfeed,226312
cucouroux_(granblue_fantasy),9409353
izuna_(shinrabanshou),8767908
shego,9530161
grim_(twisted_wonderland),9834347
shionne_(tales),5720973
saiga-12_(girls'_frontline),5624171
helma_lennartz,1601588
presea_combatir,8909303
kunimi_tama,5969491
akino_kaede,9171766
shigure_kokoro,8669256
shiva_(final_fantasy),5949770
hiizumi_rinne,8926805
sendou_aichi,2879611
hapi_(fire_emblem),8935652
maria_balthasar,1217445
phantom_(gavis_bettel),7128599
shedinja,6579583
fumizuki_(azur_lane),3701204
kaname_junko,2245216
primrose_azelhart,8618314
kenshiro,9945705
anya_(mouthwashing),8493375
kamiki_mikami,8510964
iori_utahime,4406338
tentacruel,4263235
matterhorn_(arknights),5830860
kingdra,6629092
arisa_(shadowverse),4552866
duraludon,5695647
sage_(sonic),6750139
kamijo_haruna,6335077
glalie,6821828
reinhardt_(fire_emblem),3082764
asama_tomo,1260770
hyuuga_neji,1755749
metapod,4531031
chibita,2186503
ikuno_(darling_in_the_franxx),3723140
scathacha_(granblue_fantasy),2865573
anne_(shingeki_no_bahamut),8703428
ukraine_(hetalia),5427299
eric_cartman,4511541
peanuts-kun,6888007
mizuki_kotori_(yu-gi-oh!),6662338
suzumi_nemo,8991018
kan'u_(koihime_musou),209912
yunomiya_agari,5723086
brid_(nikke),6860895
ember_(selen_tatsuki),6229214
cure_summer,9755970
churuya,248438
stranger_(omori),7270450
togashi_yuuta,1607844
ariake_(kancolle),6827515
hakamichi_shizune,677828
lilka_eleniak,8241296
shuckle,3767106
vinsmoke_reiju,7205206
southern_ocean_oni,2594299
fujiki_yusaku,5463538
milcery,9566541
kjera_(arknights),4993854
nanase_riku,8519175
tina_(closers),6656588
miyabi_(senran_kagura),6895353
matara_kan,8126159
kouhai-chan_(douki-chan),5443543
kimura_kaere,155142
larvitar,9782931
moeta_kaoruko,3084783
lilya_(reverse:1999),7392827
alia_(mega_man),3886105
minase_rio,5205528
neneka_(princess_connect!),6811835
tarou_tachi,1937956
tashigi,8487105
nuko_(shoujo_shuumatsu_ryokou),3483573
minerva_(fire_emblem),2622544
mesprit,6373101
alisha_diphda,4356392
star_butterfly,5313441
sakuraba_ema,9832020
ibuki_maya,6884862
irie_miyuki,6710608
matangomu-chan,7823146
nina_(breath_of_fire_iv),6315184
jenny_wakeman,6877133
justin_(grandia),5874840
nagato_yuuki,856559
corbeau_(pokemon),9675229
poporing,6035353
nishijou_nanami,9680919
oliver_(vocaloid),7198896
solomon_(fate),3854507
yamazaki_sousuke,1742495
onjouji_toki,5482821
percival_(fate),4648862
plymouth_(azur_lane),5533443
sakuragi_hinako,3976529
nekomura_iroha,753865
deviruchi,9313203
naked_snake,68074
tsujimoto_natsumi,9329476
ibuki_(azur_lane),5224989
murata_ugetsu,6009604
dark_matter_(kirby),7620581
kizaki_ren,6125516
utsushimi_kemii,4397194
domyoji_karin,6145231
zaku_ii_s_char_custom,5184136
oikura_sodachi,8997114
sv-98_(girls'_frontline),2523869
alice_(deemo),1998896
canaan_(character),375729
tonegawa_yukio,7587605
queen_of_hearts_(alice_in_wonderland),7011243
flaaffy,8848548
nakahara_komugi,3548281
kurumi_(kantoku),978916
luke_skywalker,7258014
namikaze_minato,1755748
dugtrio,3960032
double_(skullgirls),6766345
amano_soraha,6065804
mercedes_(odin_sphere),6346036
kawashiro_mitori,3292444
tsukuyomi_komoe,6845155
takamura_yui,5602934
han_sooyoung,6422612
egawa_kusumi,5439228
ciaccona_(wuthering_waves),9358411
rope_(arknights),3770474
buddha,7798850
shi_huang_di_(fate),3854437
azuki_(nekopara),5570057
scraggy,4295557
rapunzel_(nikke),5920590
jaye_(arknights),6693109
bai_(granblue_fantasy),7860287
gary_oak,5480438
anzai_romi,7328291
tomoe_hiyori,7687332
hakuryuu_(azur_lane),4650402
delutaya,6294702
isaki_kaname,1604823
strohl_(metaphor:_refantazio),8225290
popukar_(arknights),9753626
airi_kanna,7957620
kamiki_mirai,1837840
tropius,8540928
kuze_masachika,8108547
mayer_(arknights),7093817
miyako_(princess_connect!),3556738
isokaze_(azur_lane),3320743
arima_miyako,8201252
caiman_(dorohedoro),7141318
hakaze_kaoru,6947591
sen_no_rikyu_(fate),8105023
shingen_seiji,5996996
kate_(shadows_house),5845603
jake_the_dog,6272493
doppio_dropscythe,6436129
togami_byakuya_(danganronpa_2),7538149
barbie_(character),9263699
e._honda,6993295
minakami_yuki,9069591
hellhound_(monster_girl_encyclopedia),7494196
sawada_tsunayoshi,9011310
nakahara_misaki,5877221
gris_(go!_go!_gris!),7711483
cleo_everlastin,425168
otto_apocalypse,6955769
kamisaki_hikaru,9004448
yukizome_chisa,3501582
ophilia_clement,3396374
g-spring_goddess_(ishiyumi),4566102
otonashi_meru,190585
politoed,3849441
vex_(league_of_legends),6536295
rodney_(azur_lane),5768487
deuce_spade,4786395
kaonashi,6354661
shishido_akari,7310643
kanzaki_hideri,7595816
poliwhirl,8849009
kudou_fuyuka,8521990
lina_(michihasu),3533575
adelbert_steiner,6201831
hanako_(jibaku_shounen_hanako-kun),6641643
suzuno_fuusuke,1145237
rathalos,10020484
cinderella_(disney_character),9682583
dhalsim,9732985
scout_(tf2),1426546
xi_gundam,4533365
mary_cochran,7215887
gretel_(sinoalice),4854973
koala_(one_piece),5976192
heracross,2259624
sr-3mp_(girls'_frontline),3869640
nina_(breath_of_fire_iii),8663698
akashi_seijuurou,9308719
hubert_ozwell,797726
yoko_(splatoon),7002719
norman_(yakusoku_no_neverland),3464201
albert_wesker,6607415
ekans,4492172
cogita_(pokemon),9107968
naruse_mio,7948328
sin_mal,9187103
kanae_(tsukiman),6011423
sakaki_yumiko,5998214
frog_(chrono_trigger),834897
tamamo_aria_(fate),6910248
solaire_of_astora,9246118
shiny_luminous,9637594
ishikawa_luna,9881148
melon-chan,6724192
chouno_ami,6409556
himawari-san_(character),6550060
sophie_twilight,2581249
tomoe_(blue_archive),6925431
rebecca_chambers,9303920
asanaka_yomogi,7678402
mitarai_shouta,6242062
swiftsure_(azur_lane),7437765
tsukikawa_chili,6906207
sandshrew,9397428
kamen_rider_faiz,8975809
okino_tsukasa,8344676
grovyle,5449543
pochacco,8457028
hayate_immelmann,4934977
joshua_rosfield,6570445
poo_(mother_2),7022402
magilou_(tales),8130209
shelly_(pokemon),6341301
sanya_(kuzuha),9905164
sudowoodo,8874920
amatsuka_uto,6211169
miyazawa_kengo,6552689
bai_ling_(touqi_guaitan),7993703
chu_wanning,8647298
furukawa_sanae,9800294
claire_francois,5911487
rouge_(nikke),9613239
momiji_(blue_archive),6973755
mikage_reo,6367418
tiger_(kemono_friends),9724738
hattori_shizuka,5542091
gaara_(naruto),5967820
anton_ivanov,7892667
kojima_emi,7190094
karulau,4893227
takahara_hairi,9711847
toki_ayano,9650868
orochimaru_(naruto),5818119
sakura_nene,2476317
gotou_toushirou,2586189
kino_himari,8123310
robo_(chrono_trigger),6112240
mitsuru_(darling_in_the_franxx),5172656
hidan_(naruto),9674175
ethel_(xenoblade),5689453
aizen_sousuke,9600418
arisugawa_otome,8694440
makinami_(kancolle),4541843
tanaka_hime,3569194
kujo_holy,2369313
alita,47421
kunou_kodachi,3385856
sokrates_(touhou),8118505
charlotte_katakuri,7394923
masaki_gaillard,7279806
kamikoshi_sorawo,4413121
heywood_l._edwards_(kancolle),6106086
fura_kanato,7022107
princess_ruto,9854460
dewgong,2475164
tsunemori_akane,3340253
otogibara_era,3550055
izayoi_miku,9831832
nah_(fire_emblem),3532602
kumashiro_maya,4743106
meiko_(inuarashi),7343504
prunechi,6811331
jessie_rasberry,5611662
male_shez_(fire_emblem),5454992
takamine_takane,9780566
pieck_finger,5947833
ray_(yakusoku_no_neverland),4089519
folinic_(arknights),3991912
anubis_(monster_girl_encyclopedia),3350604
shidou_mariya,7343450
akihime_sumomo,2955945
kuroi_mato,948967
fulgur_ovid,5444223
bepo_(one_piece),7419149
ayatsuno_yuni,7957622
alessandra_susu,8302618
snuffy_(vtuber),5636835
carro_pino,5413043
sakurada_jun,401978
kyan_reki,9733539
gourgeist,8589361
durga_(fate),8151511
crowley_(good_omens),9953872
horaki_hikari,5039561
huang_(granblue_fantasy),6305783
sebastian_de_tomato_smith_chicken_legs,7205835
richard_(tales),734885
gordie_(pokemon),3744231
lobo_(fate),8357029
dark_samus,3217758
shikibe_ayaka,2754089
sunkern,4484574
nanu_(pokemon),4404231
koshi_torako,7543913
azelf,4929137
engineer_(tf2),1426553
mareanie,3791697
seofon_(granblue_fantasy),2541204
forte_(shingeki_no_bahamut),7537597
takakura_kanba,8480400
morpho_knight,7725897
hakumen,1761343
paladin_(ragnarok_online),8712396
lanturn,5725261
passenger_(arknights),4467539
tauros,1698576
ponyta,8143772
anchorage_water_oni,2001861
formaggio,8673089
sengoku_shinobu,6078398
edgar_roni_figaro,5936921
fidough,6676765
sugamo_mutsuki,4726241
nishizono_chigusa,5543141
toyama_satoru,9930342
female_kana_(fire_emblem),7300511
inaba_haneru_(animare),9258368
bison_(arknights),9757855
arabian_oryx_(kemono_friends),6833545
light_cruiser_princess,2333083
romulus_(fate),2113744
genjii_(touhou),10001388
jiraiya_(naruto),4099656
98se-tan,30366
takitsubo_rikou,1441966
avicebron_(fate),6684188
vivi_(ac8231),7741845
tasmanian_devil_(kemono_friends),6905209
shizuku_(kantoku),2172498
ex_albio,8187512
virginia_maxwell,3298404
minegishi_ayano,137888
ienaga_mugi,7574693
ichinose_honami_(youjitsu),6519103
yamai_kaguya,7294898
mirage_farina_jenius,3388272
callisto_(greyeth),9322766
shitodo_aoji,7069066
protagonist_(crave_saga),6012233
koko_(kamitsubaki_studio),5501638
relena_peacecraft,8996840
linde_(fire_emblem),6400319
kaburaki_roco,7310644
asanagi_yori,7507971
north_flight_(umamusume),6692054
chatot,7238577
igrene_(fire_emblem),5844158
kyurem,3795634
klonoa,6884937
kitazawa_hagumi,9013440
lancelot_(granblue_fantasy),3986345
watashi_(jintai),1232630
recoleta_(reverse:1999),8907402
hida_ema,5953480
emilie_(genshin_impact),7815600
shikyoin_hibiki,6926580
iori_sei,1982228
winter_schnee,6167042
mo_ran,8647294
kuzuki_souichirou,2097113
tsugumi_seishirou,1680713
urabe_mikoto,1141734
minowa_gin,5829273
aida_rayhunton,6139780
yamato_maya,8755592
vista-tan,147872
baymax,1936922
yoshimura_thi_mai,9498902
priscilla_barielle,8960802
hayase_ruriko_(yua),2742821
kanzaki_sumire,7588598
raditz,8569126
can_(honkai_impact),5554069
pela_(honkai:_star_rail),6937645
kaneda_shoutarou_(akira),9241552
alice_(megami_tensei),7283594
executive_mishiro,4850767
tentacool,9367671
tobisawa_misaki,8579193
towa_monaca,7729645
cithis,7721416
hero_(dq8),7960130
liliruca_arde,3574847
yukico-tan,1408025
justia_(brown_dust),7000319
falco_lombardi,6509227
konno_makoto,7779526
mameneko_(leos_vincent),4676846
zone-tan,2703479
arahashi_tabi,8508385
katou_hazuki,5519452
serizawa_akane,48801
aihara_enju,3621190
sena_ajisai,8492387
swinub,4128135
sakuraba_rola,2893240
katano_sukune,7997225
issun,6056847
tachibana_himeko,7414187
diancie,8589180
pattadol,5207589
hakata_toushirou,2105617
sawamura_daichi,5634933
bugsy_(pokemon),6817798
ryou_sakazaki,4381132
plachta,8102236
tir_mcdohl,9730267
guilmon,6679670
ryuugazaki_rei,7972146
hellagur_(arknights),6013487
momoyama_mirai,7412231
tachibana_kimika,8677681
yuri_leclerc,9165737
shiina_niki,5909238
fuji_(amekimi),6011280
mori_nagayoshi_(fate),5026627
teto_(nausicaa),531564
tsukumo_kako,8780311
suo_hayato,7934992
sherry_birkin,9303930
pepe_the_frog,5759225
pinoko,3560422
piyotan_(girls_und_panzer),7328392
lisa_(ponyo),2167174
raticate,1851366
shyvana,9318819
fujiwara_hazuki,6644650
gundam_barbatos,2075858
dearka_elsman,7472616
hinamori_momo,5814551
haruna_(aoki_hagane_no_arpeggio),1582510
grave_(nikke),9061958
suou_tsukasa,9124566
pixie_(megami_tensei),9213323
makishima_saori,835259
yagyuu_munenori_(fate),9162875
an-an_lee,6446570
seto_sun,127448
yuugenmagan,9619853
scyther,9393517
mime_jr.,7880087
digitan_(porforever),5875516
quistis_trepe,7077784
olivier_mira_armstrong,8073593
geodude,3512636
christina_sierra,408682
mg5_(girls'_frontline),6817040
mito_ikumi,9122296
iyami,8507155
entoma_vasilissa_zeta,3352336
toda_jun,8140964
sachiel_(evangelion),4554949
elisia_valfelto,4916788
shroomish,2990632
duchess_(elden_ring),9752074
mitarashi_anko,2024871
zakuro_(rariatto),4161179
terebi-chan,7714805
kim_pine,8285236
kaga_ai,4254320
lute_(fire_emblem),7201555
levia_(closers),7232075
kono_miyako,5767048
kaji_akihiko,3610008
hiyama_kiyoteru,3709839
scream_tail,5870882
yato_(arknights),5817634
hitoyo_(baffu),6129024
katana_man_(chainsaw_man),5932760
lawine_(sousou_no_frieren),7152093
moomintroll,4346431
kurokawa_chiaki,6554641
kotoka_torahime,6820885
flint_(pokemon),5454248
luca_(yu-gi-oh!),6885323
itoshi_rin,6285384
oshimizu_nako,1272114
dancer_(ragnarok_online),8879521
drake_(nikke),8006788
sonya_(fire_emblem_gaiden),2827245
li_meiling,8999368
uchida_momo,9563171
ashitaka,4468533
barbara_gordon,7808661
ronova_(genshin_impact),9771895
mizuno_youko,37144
ren_zotto,6332833
naegino_sora,96805
blonde_dog_girl_(ri-net),6896281
goliath_doll,748038
setsuna_(fire_emblem),3484176
shirakawa_yuina,7376846
slowbro,3035366
taira_no_fumikado,6964254
utsugi_kotoko,8991110
nun_bora,4703733
gran_alegria_(umamusume),8896827
wylder_(elden_ring),9785205
konori_mii,7151949
nora_cat,4325811
razia,3754824
garma_zabi,9135909
lakshmibai_(fate),9591473
nanami_mami,8732357
s-snake,8844786
fiora_(league_of_legends),6592470
hanayagi_kaoruko,3314809
twintelle_(arms),9627522
dororo_(character),9153771
eelektross,6681768
yveltal,10054976
hakutaku_(hoozuki_no_reitetsu),7754407
alex_(street_fighter),9377213
isolated_island_princess,2320029
jaguarman_(fate),3669383
amy_(suisei_no_gargantia),1403752
beldum,10014120
ash_crimson,5116947
mousse_(ranma_1/2),9886655
predator_(character),7435872
clarice_(idolmaster),7351199
shimiko_(blue_archive),9394066
lisianthus,146324
shinoda_hajime,2870171
king_cobra_(kemono_friends),3232362
nikaido_hiro,9832044
tohsaka_aoi,1138220
ushi_gozen_(fate),8220914
terence_t._d'arby,5188421
fumino_tamaki,7574721
rulue_(puyopuyo),8874789
tentomon,6666957
mayuzumi_kai,6941861
shimizudani_ryuuka,4259665
kyururu_(kemono_friends),3347953
kino_aki,3092705
sewaddle,723139
aokumo_rin,8819704
rampart_(apex_legends),5055415
vittorio_veneto_(warship_girls_r),8303108
fergus_mac_roich_(fate),9123357
wilhelmina_carmel,5568205
cecilia_lynne_adelhyde,3850396
dedf1sh,7257114
2p_(nier:automata),9780505
rir-chan,7586515
new_submarine_princess,3251992
darius_(league_of_legends),6088615
kiroranke,7297970
kayn_(league_of_legends),6871935
c-ms_(girls'_frontline),6717814
hebiyoi_tier,6075115
suzuki_tsudumi,3848332
itoshiki_rin,941206
aizawa_tomo,5739296
mephisto_(arknights),9033004
ouzuka_mai,8492386
leviathan_(nikke),9137733
gino_weinberg,7232821
bruno_(yu-gi-oh!),6906965
holstein_friesian_cattle_(kemono_friends),5811121
vivian_(paper_mario),6714176
epel_felmier,8751308
noivern,2278561
tsana_(lansane),2872274
beelzebumon,7569838
imai_kana,6737874
bob-omb,4247312
jyushimatsu's_girlfriend,8808691
orange_heart_(neptunia),6061906
henrietta_(gunslinger_girl),6625354
hiei_(azur_lane),3285962
miyamura_miyako,64927
sango_(inuyasha),8498667
oginome_ringo,1003609
nurse_dragonmaid,8920778
margaret_(persona),1956818
caleb_(love_and_deepspace),7821396
kasamoto_eri,5936627
leavanny,6085009
iseya_shiki,5673485
dragoon_(dokibird),9746707
shockwave_(transformers),2968135
hiwatashi_nazuna,5338354
kobayakawa_miyuki,2578195
thomas_edison_(fate),9131373
anthony_(madoka_magica),7764080
yashiro_nene,4849980
raven_(honkai_impact),5431307
hercule_barton,5050706
onsoku_no_sonic,3342454
kizaru_(one_piece),8430163
ascalon_(arknights),8372744
koopa_troopa,8044258
petra_leyte,9634648
frosmoth,7038935
stephanie_dora,3132471
momijiyama_teru,6994276
kangaskhan,3518431
miyuki_kazuya,4846779
ishigaki_(kancolle),4888632
foongus,9533319
rae_taylor,7006097
melantha_(arknights),9571649
drednaw,3528280
edward_newgate,6701358
tsukine_kona,9412522
miya_atsumu,9458786
kuramitsu_mihoshi,6250376
v-mon,2951067
ooama_no_ake_no_mitori,9897981
matsumura_fuuka,6677668
shinano_toushirou,5598537
serio_(to_heart),26056
naruse_ibara,1657300
alder_(pokemon),4401283
suzuki_hina,3141776
ruukoto,9620085
aoi_erika,6438675
serra_(fire_emblem),8080857
sakakura_juzo,5541579
tsumura_tokiko,6897366
shirakawa_kotori,7154527
type_100_(girls'_frontline),3593158
amemura_ramuda,9132002
cetoddle,9572262
togame,430308
masaki_aeka_jurai,2188877
dukemon,8614470
phrenapates_(blue_archive),8048258
blackbuck_(kemono_friends),7072651
lunalu_(granblue_fantasy),3473782
yuki_anju,2769509
takagi_saya,8157230
qiyana_(league_of_legends),5917736
hiryuu_(azur_lane),3393012
sasaki_kanna,4204971
sugar_lights_(umamusume),8312979
porco_galliard,9092452
corticarte_apa_lagranges,181359
mousse_(arknights),4832429
histoire,3427863
kuronami_(lvi),8600021
petra_ral,1508761
kagami_kuro,1501492
kiryuin_aoi,5859832
vox_(hazbin_hotel),9876716
yanase_mai,8331743
takei_junko,1887834
kalim_al-asim,5367263
katsuragi_keima,10064063
mint_(arknights),4117249
christina_(princess_connect!),8701263
faust_(guilty_gear),3273595
munetani_mashiro,3350133
fuyukawa_kagari,8152146
noir_vesper,5668323
zamasu,3609318
alph_(pikmin),8458305
musujime_awaki,9046052
verina_(wuthering_waves),7617983
kohaku_(dr._stone),9748498
yamai_yuzuru,7294987
hatsuse_izuna,1747895
kouhai-chan_(tawawa),4019658
kita_hinako,6197074
viper_(valorant),6795996
touma_kazusa,7956769
clare_(claymore),5797332
iansan_(genshin_impact),7873598
giacomo_(pokemon),6021438
akizuki_kanna,7883390
jin_qiu_(ru_shou)_(dislyte),6880879
jett_(valorant),5330622
drizzile,5336048
senri_akane,6503860
plumeria_(pokemon),5539872
dana_zane,3528838
rhydon,9389166
tachibana_marika,8115614
liang_yue_(reverse:1999),8814847
shindou_chihiro,7910624
uozumi_kurumi,7021726
hoshimiya_mukuro,2877768
hanako_nana,7957627
johnny_(guilty_gear),9770030
drowzee,3069863
kou_(granblue_fantasy),5552714
tsukuyo_(gintama),7733628
hatena_yousei,8832068
seo_yuzuki,8067333
uxie,5138072
zoya_(path_to_nowhere),8834505
abra,8003381
kiriha_(tsugumomo),7612504
mephistopheles_(fate),6245402
i-201_(kancolle),9211535
moira_(nijisanji),7574481
calne_ca_(deino),5938321
yayaka,6975086
magneton,5430015
tachibana_yuu_(yakitomato),5499692
grem_(gigi_murin),9791539
rie_petoriyacowa,5415062
yamada_hifumi,7540314
jinu_(kpop_demon_hunters),9525083
female_priest_(dungeon_and_fighter),2651258
toudou_naoya,7304482
mr._game_&_watch,5555842
remoraid,5746600
watanabe_no_tsuna_(fate),9221342
cordelia_glauca,2505222
aang,329365
rakan_(league_of_legends),3068717
medic_(tf2),8337209
yamabushi_kunihiro,2917841
dromarch_(xenoblade),2951590
mariya_mikhailovna_kujou,7965312
ikeda_kana,480633
noda_(angel_beats!),2053504
kurusu_kimihito,5993804
ani_(xai),9639258
kaneshiya_sitara,4867278
futaba_rio,9772324
clift,9376899
wendy_(wendy's),5165716
nakatsukasa_tsubaki,404597
nakamori_aoko,9950776
jing_ke_(fate),6941371
yasuo_(league_of_legends),5467701
atlantic_puffin_(kemono_friends),3219010
nyopu,7056060
sasaki_makie,77027
qubeley,9102851
alice_(genshin_impact),9688658
saegusa_kii,8694384
rebecca_bluegarden,6071647
yuuki_aoi,6700465
knight_(yu-gi-oh!),9022141
amahane_madoka,7259333
jeanne_(bayonetta),10058940
marisa_(street_fighter),9395308
honda_sora,5992486
itokonoue_kaoru,8109793
ashe_(overwatch),3334356
kuroi_nanako,8953954
sunohara_mei,6985863
tom_nook_(animal_crossing),4195889
musume_(yuunama),6465999
takamine_midori,8695142
pinsir,9393594
kusakabe_wakaba,5654191
louhi_(fate),10005409
faust_(arknights),8741312
graham_aker,3087123
tamanami_(kancolle),5208006
isaac_foster,7815858
senoo_aiko,8533422
ak-alfa_(girls'_frontline),3926257
tsukamoto_tenma,39279
yuzuriha_(jigokuraku),6308318
amano_maya,7046358
kirishima_(aoki_hagane_no_arpeggio),7109728
kokonoe_tsubaki,4274366
kendo_itsuka,5682448
kuraki_suzuna,7631423
yashiro_(kancolle),6341879
meryl_stryfe,6333306
micha_jawkan,4757146
snorunt,3630490
hikasa_tomoshika,3960239
giroro,110623
aoyama_motoko,6451716
doduo,9387868
mireyu,3504158
rei_(princess_connect!),8418071
pyotr_(madoka_magica),7778573
allenby_beardsley,7043582
kamen_rider_blade,7419420
lucky_lilac_(umamusume),8905995
cacnea,9420854
doctor_strange,8661823
mikeneko_(vtuber),8896478
takopii,9923634
galarian_zigzagoon,3590029
aleph_(reverse:1999),9501919
tita_russell,3334548
charlotte_(fire_emblem),3323651
solgaleo,9564468
yamada_ichiro,9690354
janus_(azur_lane),5778316
spinda,9852833
aria_wintermint,3875075
giant_armadillo_(kemono_friends),7075542
caroline_(persona_5),9306469
stg44_(girls'_frontline),6281429
jet_black,5674705
sistine_fibel,8556842
tsukishima_kei,8132924
tachibana_rei,4722535
general_student_council_president_(blue_archive),7440285
aozora_kyoka,8270664
sinistea,4977631
minstrel_(ragnarok_online),8722094
hasegawa_langa,4577133
nekomiya_ryuu,3451353
venom_snake,6684218
nina_wang,18875
zetton,4695906
adagumo_no_yaorochi,1663726
kamigishi_akari,9913663
kazamatsuri_fuuka,6826121
shiozaki_suzume,6240972
farah_oersted,8999303
tseng,5412443
labrys_(persona),5666998
senadina,10004657
sdf-1,3165077
sakurai_ayaka_(lonely_girl_ni_sakaraenai),6831655
sumomo_(blue_archive),6389608
sims_(azur_lane),9117723
kazama_akira,4456913
akagi_(warship_girls_r),9222295
xerneas,6973082
aizawa_yuuichi,3657221
emily_stock,2987500
ilyana_(fire_emblem),4107709
oukawa_kohaku,6413095
raito-kun_(uenomigi),7591345
nishina_toriko,5758682
hatori_chise,7674605
myaku-myaku,5660117
blau_(mechanical_buddy_universe),8782720
komiyama_kotomi,3291529
yoshimoto_shizuka,7404297
koby_(one_piece),6683569
alice_(tales),891309
vaan_(ff12),24518
sothe_(fire_emblem),2983636
irisu_makina,7356970
hazuki_watora,2462779
karina_(aespa),9027269
clause_(len'en),9898678
hiiragi_nemu,7788912
selina_kyle,7242906
aoi_hinata,8547239
ciel_(elsword),9016385
utsugi_uyu,6414932
naruse_yuu,3485781
renee_graves,9543617
oura_rukako,7987964
fudou_akira,7061040
l'arachel_(fire_emblem),9401000
punishing_bird,6447525
meinya_(made_in_abyss),5540613
sakasaki_natsume,8020725
octillery,3850382
gaius_julius_caesar_(fate),4069965
otonashi_kyouko,9219353
cubchoo,3896740
uma_(magipoka),38271
lu_xueqi_(zhu_xian),9885544
sp//dr,5789772
yun_lee,7948849
mikado_shiina,757228
dom_(mobile_suit),9070586
iron_valiant,5826210
nihongou_(touken_ranbu),2288872
helldiver_(helldivers),7239816
frederic_chopin_(trusty_bell),325882
elizabeth_f._beurling,406348
vepley_(girls'_frontline_2),7711467
tamade_chiyu,8537366
fukube_tamaki,6921608
kirasaka_sayaka,8513750
tearju_lunatique,1058314
dagon_(housamo),8536126
beta_(inazuma_eleven),2104696
jin_(xenoblade),6857149
cresselia,5307724
cornet_espoir,6742710
sakura_megumi,5588538
kamiya_kaoru,6894192
wakazato_haruna,3529514
ranulf_(fire_emblem),9192948
kenjaku,7781478
triela,72360
trish_(devil_may_cry),6952178
xiao_qiong,8299341
fuka_reventon,3308023
sagae_haruki,2603416
otoshiro_seira,2881598
adachi_tenka,4060226
vf-25,1140704
fir_(fire_emblem),8755456
kecleon,8775056
merurulince_rede_arls,8125365
suzuki_masaru,4602393
elsa_granhilte,5434773
tsukumo_ima,8780308
persian_(pokemon),2301009
chrono_harlaown,179312
charon_(project_moon),6444380
starscourge_radahn,8073807
sakurasawa_sumi,9546092
cottonee,3807943
tina_sprout,5713972
chitose_yuma,8084740
mage_(disgaea),101028
hidaka_hokuto,8497177
dewott,2990639
shion_(tensura),6319507
sage_(valorant),4428387
aziraphale_(good_omens),9953926
craig_tucker,5476032
amano_nene_(vtuber),5957860
yuri_seo,5906709
lucy_(reverse:1999),8231475
gipsy_danger,1493986
kuchiki_byakuya,7692258
woobat,2715454
miyashiro_takuru,9580823
lutecia_alpine,199427
kusuha_mizuha,357830
drossel_von_flugel,4141977
katou_marika,3447306
kamen_rider_revi,7571085
megara_(disney),8908376
marona_(phantom_brave),7777320
ignatz_victor,9023204
kaida_haru,7990870
fukase,9798427
sakura_(nikke),7217552
professor_sada,5400455
satyr_(granblue_fantasy),5941807
vil_schoenheit,5216835
sneasler,5378044
kuroda_kunika,9258361
mizuki_nana,6473866
blue_whale_(kemono_friends),3218996
kakyouin_chieri,9456775
exeggutor,5621379
will_anthonio_zeppeli,6343120
venonat,9081135
cicin_mage_(genshin_impact),7262885
hiita_(yu-gi-oh!),10061042
magus_(chrono_trigger),1593160
deviljho,5828799
artemis_of_the_blue,8047946
harusaki_nodoka,10060188
georgette_lemare,3547272
panda_(jujutsu_kaisen),8321765
takashi_shirogane,6419978
alicia_melchiott,7531564
eldegoss,5909438
hiiragi_tsubomi,7512092
ayukawa_madoka,6077336
nishijou_takumi,9696797
ishida_uryuu,8392176
girlfriend_(houkago_play),497155
rebecca_(one_piece),7612369
kurumi_momoka,1408956
orchis,9237994
nina_williams,6053142
sakimori_toji,3927189
kreide_(arknights),5480059
komine_sachi,9059757
sheeta,6123490
wander_(shadow_of_the_colossus),9961957
katagiri_himeko,10621
satan_(puyopuyo),8063900
chigiri_hyoma,5910178
snow_white_(mahoiku),7121530
ushiromiya_krauss,6705289
jirou_tachi,3722500
nikola_tesla_(fate),8746545
morino_korisu,7451879
indigo_(arknights),4556380
shiro_(sewayaki_kitsune_no_senko-san),8898906
normad,9424
shizuru_viola,2280960
kokutou_azaka,3268209
azuma_lim,3096136
yawata_maru_(kancolle),7193339
white_dragon_(kemono_friends),8162715
oinari-sama_(kemono_friends),2705519
emma_(nikke),6989215
natsuki_kruger,2280959
miyoshi_karin,1877101
hamazura_shiage,5620437
silky_anteater_(kemono_friends),6911156
iijima_renka,9015741
priite_hari_(torriet),9547875
akai_shuuichi,4025543
eris_(konosuba),8071193
toki_(senran_kagura),8417539
kamishiro_rize,3033833
naima_(ado),7760926
hoshino_ichika_(collar_x_malice),6106644
luo_binghe,9799068
gumiya,3365325
todd_ingram,6900015
kururun_(precure),5048811
uesugi_u._kyouko,2679939
zigzagoon,7363043
ashen_one_(dark_souls),7017013
matsuzaka_satou,8780215
chlorella_observation_club_member_(blue_archive),9212633
hachiroku_(maitetsu),3030250
glameow,7879750
rufus_shinra,6948704
saegusa_wakaba,7121481
sinistcha,6815889
ulpianus_(arknights),5662631
dusclops,2990617
female_slayer_(dungeon_and_fighter),5753345
edward_geraldine,9730125
mimi-chan,3093778
krolik_(girls'_frontline_2),8560236
trung_trac_(fate),5343761
glorious_(azur_lane),3194136
rena_(blue_archive),9867569
vritra_(fate),9561621
victorious_(kancolle),5585070
hachisuka_kotetsu,1934148
sharkry_(girls'_frontline_2),7363488
lucio_(overwatch),2446436
taiga_takeru,5994598
konata_(kankin_jk),5472727
romg,6120984
harusaruhi,6081628
erina_makina,7960276
mashiro_tomoya,2312088
ninten,6072383
saotome_noa,8623885
el_(girls_und_panzer),3582768
regice,6624634
porygon2,7801441
evelysse_(star_ocean),3440640
eunhwa_(nikke),6748353
combee,7461161
li_xingke,7575256
sakishima_hikari,1763229
maki_oze,10030752
barbatos_(genshin_impact),5679475
zanki_mugen-chan,8051920
emma_(pokemon),9706325
marshtomp,9411378
muk,7000413
celica_a._mercury,3597454
tsukimi_eiko,5406893
zenos_yae_galvus,7833391
narberal_gamma,3373738
iris_yuma,7631251
pearl_(steven_universe),8037787
lord_dearche,5383717
hanamiya_nina,9103635
akiyama_hayato,6303688
nukumizu_kaju,8444561
protagonist_(tokimemo_gs3),6927312
hitotsubashi_yurie,1808675
shurelia_(ar_tonelico),558426
diana_(league_of_legends),7602840
itsuwa,863218
tsuchimikado_motoharu,776347
cofagrigus,7940869
elle_mel_marta,2408826
katou_keiko,2532302
cramorant,3618727
yashio_rui,6877002
watase_kiui,7300177
mimi_houllier_von_schwarzlang,3468430
asagiri_youko,5610786
siegfried_(granblue_fantasy),6201412
maple_(nekopara),3586031
ashe_(mega_man),739605
langley_(kancolle),7658201
tanigawa_ruri,9925662
mikejima_madara,7687327
kosegawa_shiromi,9826833
hathaway_noa,9068947
thorfinn,7307659
brown_thoroughbred_(kemono_friends),5737333
sabin_rene_figaro,7170761
mary_jane_watson,9224410
akami_karubi,7369800
pholia,3645277
sumia_(fire_emblem),3195617
princess_chain_chomp,3265831
sai_(naruto),4839238
hisamura_natsuki_(munmu-san),8225657
gneisenau_(azur_lane),3454333
touka_(utawarerumono),4909780
princess_luna,1677701
meme_(me!me!me!),1858139
meroune_lorelei,5386357
daida,6319848
coquelic_(path_to_nowhere),7179476
genryuusai_maki,5873203
wurmple,7844516
king_(one_piece),5830352
saeba_ryou,6703124
satsuki_yomi,8845903
onion_knight,5869046
kyouno_natsumi,7436680
fumi_(nijisanji),5139370
souma_hiroomi,6965990
eve_(chihuri),4464322
azami_(kagerou_project),5144812
shiiba_tsumugi,9898131
persica_(girls'_frontline),3298040
alma_armas,2421640
silvers_rayleigh,6243784
ksvk_(girls'_frontline),6796242
nemesis_(girls'_frontline_2),7592517
machi_komacine,5374814
remnan_(gnosia),7254355
justine_(persona_5),9306476
freddy_fazbear,7314594
flutter_mane,7715204
inoue_marina,1176857
the_dark_urge_(baldur's_gate),8754591
compa,7604377
amatori_chika,7202678
yellow_diamond_(houseki_no_kuni),7303992
hilda_(under_night_in-birth),8541130
s-force_rappa_chiyomaru,6218523
crusader_(ragnarok_online),8692730
shimizu_hinako,9044804
seychelles_(hetalia),1937159
quna_(pso2),2790990
bill_cipher,8161136
manako,5493612
william_shakespeare_(fate),4362808
iri_flina,1791059
kanne_(sousou_no_frieren),7389387
park_moo-hyun,6393693
aoi_yuta,9115471
noctowl,9910025
fenrir_(final_fantasy),6435456
suzunoki_rin,6765603
willow_(reverse:1999),8372775
lin_(breath_of_fire),7319548
littorio_(azur_lane),7437762
moriyama_shiemi,9837389
guncannon,5950192
merry_(ado),7544769
atra_mixta,2147227
mizuki_(gegege_no_kitarou),9271378
finneon,9476329
leizi_(arknights),3798807
argus_(reverse:1999),8608332
miwa_kasumi,8764520
kamen_rider_build,9458912
noel_(sora_no_method),1795919
cherche_(fire_emblem),6829783
sakuya_(p&d),8506932
beerus,3548496
angeling,8201401
galahad_(fate),3739571
gunnthra_(fire_emblem),2969270
kujou_tenn,9156027
romulus_quirinus_(fate),5745467
kuroe_(madoka_magica),7229141
usa_mimi,1501487
britomart_(fate),5902047
sha_wujing,5829325
yuuhi_kurenai,1870568
kamen_rider_ryuki,8892653
gale_(baldur's_gate),7217479
aeru_(simoun),1089084
monk_(fft),3453534
eri_(pokemon),6108597
bambinata_(pgr),7433992
laplace_(nikke),6336925
emerald_sustrai,2518141
makihatayama_hana,6640103
urameshi_yusuke,9610134
tsukumo_yuma,8818482
blissey,3800300
glycine_bleumer,7961119
noire_(fire_emblem),9423087
merrin_(fire_emblem),8163893
m1918_(girls'_frontline),5885960
venomoth,8261774
nevada_(kancolle),6626985
ameth_(princess_connect!),8942035
terrence_(ff16),8182480
aphelios,6592496
cure_parfait,9729226
hiyori_sou,6444417
ishigami_yuu,9766886
carbuncle_(reverse:1999),8886540
duryodhana_(fate),6466092
asuka_momoko,4158904
ohnuma_kurumi,7392714
ichijou_hikaru,791751
shinei_nouzen,6345883
francoise_(eurasia),9575463
nana_(kemono_friends),7071046
nyubara_reona,3453136
wolf-chan_(wataame27),7541290
fujii_tomo,7300320
carly_nagisa,7736455
geo_stelar_(mega_man),238750
hol_horse,5301301
nogi_sonoko,9041745
tamura_yukari,9107816
touyama_nao,7208281
ho-class_light_cruiser,1918063
regigigas,2990650
hasekura_rei,64003
kitakoji_hisui,4706110
sakurai_yumeko,6691824
momogaa_(girls_und_panzer),6046332
konnosuke,2389424
suzuhara_touji,543448
ambriel_(arknights),3769502
azhdaha_(genshin_impact),8973071
persicaria_(neural_cloud),8965858
nogizaka_haruka,533281
shiina_kokomi,3458354
agria_(tales),1175241
gloom_(pokemon),9360757
uchiha_madara,8981868
cloyster,4102513
apricot_sakuraba,84232
nakai_hisao,8771844
patty_fleur,3179174
zz_gundam,9943893
alisa_boskonovich,5717488
alolan_meowth,3808679
houshou_hanon,7659338
raphael_kirsten,3580636
misato_(princess_connect!),8224196
girlfriend_(friday_night_funkin'),5813884
poipole,3849469
kururu_(little_princess),6506689
ushimi_ichigo,7574719
skorpion_(girls'_frontline),3712141
professor_juniper,9918306
entelechia_(arknights),8885915
quincy_(nu_carnival),6223178
oliver_evans,8902014
keith_(voltron),6423527
muramatsu_sakura,9063860
hitmontop,7976916
hermione_(azur_lane),4195870
ebihara_naho,7904001
president_maa,8716856
spy_(tf2),9168165
sorano_aoi,1914203
astgenne_(arknights),5464309
lal'c_mellk_mal,8917987
sakuya_(sister_princess),124929
vice_(kof),1083829
iris_chateaubriand,5741858
super_novice_(ragnarok_online),8712165
laguna_loire,9831429
kurosawa_rin,2857560
misha_(honkai:_star_rail),8661427
yaezawa_natori,3452382
faye_(fire_emblem),2690525
lordgenome,140865
yoshioka_chie,496
sawatari_akane_(chainsaw_man),9776564
shikishima_mirei,5516322
nishi_yuuko,1560288
tokugawa_ieyasu_(sengoku_basara),8032146
murrue_ramius,7877062
satou_mafuyu,7274046
mariah_(jojo),5701095
le_temeraire_(azur_lane),3623789
raqio,7577091
darumaka,9517371
enjoji_michiru,8223522
hong_kong_(hetalia),8126173
parasect,9292145
leonmitchelli_galette_des_rois,942075
tachikoma,198889
chainsaw_devil,5855083
hizaki_gamma,5369310
servine,2990644
julia_chang,4244565
vaseraga,6362577
united_kingdom_(female)_(hetalia),10030804
shinso_hitoshi,7647483
nanase_kureha,3510324
rugal_bernstein,6506379
maria_(fire_emblem),2663046
archeops,10034457
asahi_(kancolle),6586054
violet_(ac8231),8380764
ed_(street_fighter),7888539
pekora_(jashin-chan_dropkick),3782158
dianna_soreil,7119345
arianna_the_labrynth_servant,7553945
abelia_(ogami_kazuki),7412715
biko_pegasus_(umamusume),3076158
saotome_genma_(panda),9886540
jynx,8937560
shinobu_(ninin_ga_shinobuden),8102616
wahoo_(kancolle),9817048
kongiku,2737276
aron,9831907
four_murasame,9375334
cure_wink,9259486
hirume_of_heavenly_incense,4931287
akabane_youko,3552403
tanuki_(kemono_friends),3218989
soldier_(tf2),9097191
gemini_sunrise,7361501
erdos_helia,8492150
cure_coral,9277425
suzumiya_haruka,124236
timido_cute,5939365
m4_sopmod_ii_jr,5282164
hatsuseno_alpha,183611
taigong_wang_(fate),6910500
maria_renard,5445736
manuela_casagranda,7996140
minori_(senran_kagura),6895482
yayoi_sakura,3367995
peri_(fire_emblem),6569207
anosillus_ii,8154784
fuurin_asumi,6748789
cap'n_cuttlefish,3759950
miwa_mitsune,5342888
isurugi_futaba,3314791
miriam_(bloodstained),3544780
inutade,8109472
sage_harpuia_(mega_man),7489303
alma_(monster_hunter_wilds),8940493
maetel,4084073
karakuri_chachamaru,236001
dipplin,6845027
aiba_uiha,5941064
hibari_kyouya,8241651
seox_(granblue_fantasy),2543375
cinccino,6959451
torgal_(ff16),6474405
kurosaki_ruri,6942863
luna_(shadowverse),7255393
zuko,7487220
larvesta,5803791
utsugi_rangiri,9115197
maruko_gaku,8780304
nagase_kaede,231132
inuzuka_kiba,9681937
alchemist_(girls'_frontline),7311819
wakiyama_tamami,8176084
ijuuin_hokuto,5994715
fuyuki_minami,5490976
batou_(gits),8763647
intrepid_(azur_lane),5818390
greater_roadrunner_(kemono_friends),4086596
nacchan_(ohisashiburi),5280221
mito_(sao),9402453
hirose_sumire,1413929
cure_spicy,9465189
hitori_bocchi,8725051
chikage_(sister_princess),2087
yamask,7917085
lucid_(maplestory),4920800
kibutsuji_muzan,8896502
yachi_hitoka,2868665
ladybug_(miraculous_ladybug),6737009
lexington_(cv-16)_(warship_girls_r),2804243
lantern_(honkai_impact),7595558
kalpas_(honkai_impact),6420926
common_vampire_bat_(kemono_friends),4140357
osage_(nukunuku_nigirimeshi),7044922
samurai_(final_fantasy),2636532
penguin_2-gou,1168487
crusch_karsten,9782043
karuizawa_kei,5637985
hastur_(nyaruko-san),1193080
ursaring,9405924
arisaka_mashiro,9636154
ghost_quartz_(houseki_no_kuni),3380200
waka_(yuuhagi_(amaretto-no-natsu)),3405615
krabby,4274030
call_(mighty_no._9),1504516
black_star,8513291
midorima_shintarou,1815635
campo_flicker_(kemono_friends),3233421
poliwrath,9365267
ancient_destroyer_oni,3306069
jenny_(pokemon),8311716
emma_sheen,7700292
dovahkiin,7932400
kurari-chan_(iyowa),7586657
saeki_sayaka,6866359
kaneko_lumi,7302730
clara_dolls_(madoka_magica),8267495
aokiji_(one_piece),8904535
tatsumiya_mana,4856
snowsant_(arknights),3847206
maho_(princess_connect!),8938796
yanma,3925432
yoshizawa_sumire,6923797
registeel,5437640
mifune_fumiko,6678834
chiester00,379559
kako_(kemono_friends),2979085
hattrem,4977481
kim_possible,8791082
protagonist_1_(housamo),5475749
maam,6815463
yanagi_nina,7749806
sakura_(usashiro_mani),1298446
shikabane_itsuka,1637952
haqua_d'rot_herminium,536667
shion_(len'en),9873194
yuuki_makoto_(ensemble_stars!),8522156
saotome_ako,2361842
cyclops_(x-men),8619580
orimura_ichika,897280
ogre_(dq10),9611795
chixia_(wuthering_waves),7826132
motomiya_daisuke,7106635
chouun_shiryuu,7344815
morelull,10061689
caustic_(apex_legends),5300867
napstablook,2190309
zero_(ff14),5716270
tsurugi_minko,980553
yenisei_(reverse:1999),9466959
saionji_sekai,10977
leila_malcal,9179586
kuroki_rei,1823985
rody_roughnight,839780
koko_hekmatyar,7492999
arianne_the_labrynth_servant,8412879
andreana_(arknights),4044971
wiglett,8161325
kamen_rider_fourze,7667316
lulu_(bang_bravern),9841981
rimururu,10111
professor_turo,5398068
nirei_nozomi,8765208
demian_(project_moon),9823902
tsuruki_shizuka,3637543
saix,6992295
kageyama_torako,160034
minos_(jashin-chan_dropkick),6747773
rude_(ff7),6318354
kamen_rider_kiva,5403486
manaka_hitomi,1979239
tympole,9509995
hijiyama_takatoshi,8344687
kagome_misaki,3310358
avery_(pokemon),3743202
dandelion_(girls'_frontline),4062779
senzaki_ema,9896428
natsume_takashi,8476877
jellicent,6308065
male_protagonist_(pokemon_go),2695255
chesnaught,5404511
inubouzaki_fuu,4084581
tojo_yuki,7512066
satou_sakie,2868041
koromon,8364020
isuzu_ren,9222604
jon_talbain,9744260
archer_(pokemon),8922132
matsumoto_rise,10051962
kay_faraday,6199105
monoyoshi_sadamune,2167907
lyle_dylandy,2673869
kimikage_yui,8582308
kolin,4731122
otosaka_yuu,6673253
mashu_(control),1114976
yang_nari,7329877
tweek_tweak,8708855
kosma,7965703
tokiwa_midori,5499849
greymon,6950851
himeji_mizuki,785907
linkle,4633294
king_crimson_(stand),6362008
rime_(cevio),7101667
hinazuki_ririna,7561031
shimamura_joe,8227900
russia_(female)_(hetalia),10030806
ishizu_ishtar,5944629
cai_lin_(doupo_cangqiong),5802281
gourry_gabriev,2097798
siebold_(pokemon),4095266
nikaidou_shinku,7865747
konparu_nozomi,7724849
sakurano_mimito,5798237
quaquaval,6066165
dreamer_(girls'_frontline),3870314
casshern,8093999
tayuya_(naruto),1006133
kougami_shin'ya,5927866
pon_de_lion,9316399
varus,1647357
tailtiu_(fire_emblem),3376232
takami_kouki,9943551
garfield_(character),4587659
sivir,5374740
roadhog_(overwatch),2942394
arsene_(persona_5),2283205
camyu,7910
rock_howard,9276220
hisou_tensoku,6086660
vanitas_(kingdom_hearts),9406504
ousaka_nanami,3687582
yuzurizaki_nero,2504274
edmond_(nu_carnival),7350121
famine_devil_(chainsaw_man),9047227
shirayuki_noa,6333993
dog_(shiba_inu)_(kemono_friends),7072280
hinomoto_hikari,6290425
ji_(arknights),7975182
sekiutsu_maria_tarou,7729667
iris_(asteroid_ill),3276911
shiroe_(log_horizon),3073718
nove_(nanoha),131081
nukumizu_kazuhiko,8548648
james_sunderland,9741696
tachibana_sherry,10047530
galacta_knight,9543031
salazzle,5840193
simon_henriksson,9509144
shiramine_rika,2594180
kotetsu_isane,5240047
coco_bandicoot,8468274
kakuna,8003909
rin_(senran_kagura),8185160
fushimi_yuzuru,7493363
asahina_mafuyu's_mother,7943946
suzumi_tamao,69985
hu-li_the_jewel_mikanko,8780616
present_mic,5061096
toono_minagi,6700928
ichimaru_gin,8849944
rino_(princess_connect!),8874689
wamdus_(granblue_fantasy),6012482
shinazugawa_genya,5378872
lilithmon,6752064
cuora_(arknights),3769509
sina_(pokemon),8443367
kamen_rider_wizard,1460572
leif_(fire_emblem),7668639
621_(armored_core_vi),8220387
japan_(female)_(hetalia),6925429
nu-class_light_aircraft_carrier,2621446
tanigawa_yuzu,654064
phanpy,3767090
aijou_rentarou,7372753
cyrus_albright,3543222
shounan_(kancolle),5615582
vatista_(under_night_in-birth),2886359
feli_(puyopuyo),6185170
nezha_(fate),7482486
mochi_(ebihara_beniko),9666997
matsuno_chifuyu,4664373
pooh,8327032
fubukihime,4025533
lunatic_(tiger_&_bunny),978583
uryuu_minene,1109408
vienna_(vtuber),7735564
sazanami_jun,7687313
no_reason_(umamusume),7248992
kase_tomoka,2936946
nidoqueen,4266519
sethos_(genshin_impact),9391664
tennouji_kotarou,8246360
whismur,9416266
half_slime-chan,2951299
sinbad_(magi),5941724
miofa_(ookami_mio),8604864
tohno_shiki_(2),3875853
kanoe_yuuko,6564013
terui_soushichi,7590293
kashimoto_riko,5247564
courier_(fallout:_new_vegas),7503226
lillipup,2990630
claude_c._kenny,6794003
dunsparce,8496910
lita_(kmnz),3474097
hero's_son_(dq5),8509885
galarian_rapidash,8406301
honma_akehi,5828167
selesia_upitiria,2995634
barbara_parker,7205421
galvantula,3255599
zenigata_kouichi,10004465
albaz_(yu-gi-oh!),8629943
ayase_mayoi,6428822
hoshina_utau,7770030
shenron_(dragon_ball),4462636
agravain_(fate),8470023
canti,4149296
kiyama_harumi,6796038
sagara_sousuke,682680
podenco_(arknights),8134976
vanilla_mieux,8420453
siesta_(tantei_wa_mou_shindeiru),8215976
adagaki_aki,6164729
amon_(lord_of_the_mysteries),4689212
elizabeth_(bioshock_infinite),6667656
tokime_shizuka,7208117
surcouf_(azur_lane),3207739
kongou_(azur_lane),3432790
usalia_(disgaea),7663934
manectric,6315072
impmon,7320141
indra_(arknights),3563910
kanzaki_h._aria,6341814
amakura_mio,8948489
joe_rikiichi,5470927
thancred_waters,4450010
cardboard_box_gundam,8290546
torahiko_oshima,6529504
m1_garand_(girls'_frontline),6628800
jinno_megumi,2753019
tia-chan,2910559
houchou_toushirou,2517683
calamity_jane_(fate),7482504
raziel_(granblue_fantasy),8762368
spinarak,3152160
maita_rui,2271155
nyanko-sensei,582166
arcana_(reverse:1999),9334289
ducklett,9524004
rilakkuma,8512390
saitou_kaede_(yama_no_susume),3922506
aia_amare,5586486
sarutobi_asuma,7366598
tohsaka_rin_(fate/extra),588235
hanazono_shizuma,67822
kray_foresight,8702155
yasuhara_ema,3382937
malamar,9561245
pincurchin,3798703
getian_(reverse:1999),7814743
ericht_samaya,6232505
catherine_(fire_emblem),8951905
lapis_lazuli_(steven_universe),8319277
lyza_(made_in_abyss),2846500
king_k._rool,9676341
quote_(cave_story),1667716
konohana_lucia,6428601
seaking,2474298
asakura_yume,2974126
cortana,9024044
billy_russell_(dickfish),6030399
wojak,7003544
ty_lee,703269
lwmmg_(girls'_frontline),7165425
marufuji_sho,8679685
kurohanya_(niliu_chahui),3592848
cecilia_schariac,6370986
hydaelyn,5082351
pikipek,8080365
scopedog,7518962
fatina,264418
sekka_yufu,9169527
mk23_(girls'_frontline),5284616
hanazuki_(azur_lane),3933646
eizen_(tales),2464261
road_kamelot,8838305
plushmallow,3516210
contender_(girls'_frontline),3761184
himeyuri_sango,345
geronimo_(fate),9131430
kakuzu_(naruto),9671287
damian_wayne,7522912
rally_vincent,5608316
monica_kruszewski,7853483
payila_(granblue_fantasy),8540764
ri_kouran,7665261
sense_(sousou_no_frieren),8217713
suguri_(orange_juice),7796400
ootori_chihaya,6469351
micchan_(ohisashiburi),3465618
guam_(azur_lane),7054358
oohoshi_awai,5522184
hitmonlee,5197438
sakurai_hina,8540586
haruyama_sora_(hizuki_yayoi),9389063
norn_ace_(umamusume),9823599
brigid_(fire_emblem),7121015
king_ghidorah,7293625
ellin_meiji,9278594
shimohira_reika,6493986
himejima_gyoumei,7283760
mokona,5681394
leonidas_(fate),9107308
ariados,6689340
bi_yao_(zhu_xian),5374067
eir_(fire_emblem),7437455
dateko_(92m),5711871
yuuki_noa,7359729
klug_(puyopuyo),9052670
chigusa_asuha,3636422
yuuki_nao,138574
machop,9367591
momomiya_shizuku_(gaoyue_jixiang),9466933
loves_only_you_(umamusume),8896824
munakata_kyosuke,4507854
kashiwagi_tsubasa,2357702
suzuya_(azur_lane),3595952
kayle_(league_of_legends),6281974
ai-chan_(honkai_impact),5770674
selena_(fire_emblem_fates),6504624
oinomori_may,6921228
yae_(ganbare_goemon),9131217
sue_(grandia),9867014
kouzuki_hiyori,8571281
lloyd_bannings,4414548
kuga_yuuma,4123497
rookidee,5965249
peridot_(steven_universe),8402738
utatane_piko,3955372
dark_angel_olivia,9476777
yami_bakura,6126586
mutsu_(azur_lane),3144170
anna_(sennen_sensou_aigis),5942841
elma_leivonen,1887833
greedent,3727295
decapre,6815899
team_yell_grunt,3589937
poi_(last_origin),4790991
master_asia,5538726
kamen_rider_geats,5682439
centiskorch,5695643
ernesto_de_la_cruz,3132275
james_moriarty_(ruler)_(fate),9244201
hyakuya_yuuichirou,3502731
solrock,3785942
haseo_(.hack//),6867418
shanoa_(castlevania),8706316
fakir_(princess_tutu),6631729
pius_(aotu_world),9171519
daan_(fear_&_hunger),9000151
hisuian_decidueye,5608343
tongkkangi_(streamer),6011079
mito_youhei,7183767
hecate_(path_to_nowhere),7544607
john_rottweil_(dickfish),6019920
metis_(persona),9662974
skeledirge,8874928
souryuu_(azur_lane),6299171
croconaw,8652944
cucco,2295103
viego_(league_of_legends),7409578
urahara_kisuke,10019250
yukinoshita_haruno,5487937
layla_(mino),8673994
hiiragi_tsukino_(aldehyde),7525009
ryu_(breath_of_fire_v),9544290
alphamon,4465466
gouf,8451354
est_(fire_emblem),2619152
ayre_(armored_core_vi),6670048
austria_(hetalia),3344908
ogiso_setsuna,7874028
harada_miyo,8430571
rosalinde_(unicorn_overlord),7421919
lidelle_(puyopuyo),6258246
shen_qingqiu,9199924
sakuraba_neku,6889777
castor_(fate),4680915
amakura_mayu,7309670
note-chan,1387635
kuzunoha_(blue_archive),6130918
angelica_rafa_redgrave,9672735
chingling,2050079
irui_guneden,1037764
zhu_yaoxing,8302024
lithuania_(hetalia),480328
mesousa,7134
yoyohara_tsukasa,3090186
venipede,5108448
hoederer_(arknights),10021111
vent_(mega_man),7686190
fortune_teller_(touhou),2279728
akaza_(kimetsu_no_yaiba),6254523
shirokuma-san_(drawingchisanne),5254647
orihime_(tanabata),1559639
tanaka_ichi,6178441
kamen_rider_kabuto,9589898
montpelier_(azur_lane),3529270
oerba_dia_vanille,5925614
akatsuki_miho,1119322
shera_l._greenwood,9761412
nurse_robot_type_t,8205876
princess_celestia,1677698
kasuga_(sengoku_basara),8768451
cheryl_(pokemon),8845079
yamana_akane,1029077
chiyo_(ane_naru_mono),4901547
erika_(popopoka),4381511
sovetsky_soyuz_(azur_lane),8217504
sara_(gundam_build_divers),3095469
kanzaki_aoi_(kimetsu_no_yaiba),8594740
spark_(pokemon),2442607
windblade,4294700
kudo_shinobu,7456825
geralt_of_rivia,9440240
dang_(runescape),9548557
heavyrain_(arknights),4467552
kabuto_daigo,5917543
kiperina,9342009
majokko_(kancolle),1768834
chinese_white_dolphin_(kemono_friends),5922481
fa_mulan_(disney),9431523
juna_crawford,5545136
nene_(sengoku_musou),9483857
noel_(tsukihime),5045696
kyoko_(kunio-kun),5063385
inoue_miyako,8792080
hakubi_washuu,8777298
mint_adenade,3520987
astarotte_ygvar,7312550
adam_(honkai_impact),5024586
scrafty,9518098
cecilia_(fire_emblem),5433081
setsu_(gnosia),7509950
typhon_ephemeros_(fate),9958498
hanya_(honkai:_star_rail),7666881
hakodate_omiko,1687953
heaven's_door,5146841
aaron_wei,9324455
silent_swordsman,8268325
fang_(arknights),5874000
usami_mizuki,5942752
termichan_(not-a-bot),7242893
zheng_chenggong_(fate),7613839
sero_hanta,6889847
capybara_(kemono_friends),3233416
symonne_(tales),6067531
silfa_(to_heart),20340
mutsushika_misumi,7664781
h'aanit_(octopath_traveler),3323792
izumi_kanagi,6022563
watamate,9196853
futoshi_(darling_in_the_franxx),2996184
chiba_kirino,217946
asagiri_asagi,7430986
millium_orion,6974742
yorra_villeneuve_(nyantcha),5688907
hayami_saori,3504780
peach_panther_(kemono_friends),6908265
rya_(elden_ring),5306623
harle_(chrono_cross),5766245
kirisu_mafuyu,3517513
asakura_otome,3970194
t'au,5723714
themis_(ff14),7429411
kazami_kazuki,9373337
endou_araya,5610448
jack_krauser,8658474
semmelweis_(reverse:1999),7140129
layer_(mega_man),4638143
kagura_rei,3112577
hinamizawa_hinami_(tetto),8075917
hitomi_hirosuke_(sayonara_wo_oshiete),7077271
darren_shan,1732998
tsumugi_kokage,9726350
quess_paraya,9200757
takuya_(acceed),7499107
tangrowth,6392138
shirayuri_sakura,3640980
rabu_(blue_archive),5550886
aug_(girls'_frontline),7078612
evil_eye_sigma,9790441
maple_(bofuri),3814155
fiz_(fizintine),5145295
vanilla_the_rabbit,8724606
capybara-san,180455
erebus_(azur_lane),3572883
feitan_portor,6523562
mistorene_callus,859507
gaaruru_(pripara),7352011
hyuuga_hanabi,2008855
cure_yum-yum,9252578
yuuki_kei,172427
marshall_d._teach,7321430
hero_(dq7),3123051
nakagawa_kanon,7054180
agnes_oblige,1588784
kefka_palazzo,7189816
black_suit_(blue_archive),6728106
atom_(tetsuwan_atom),8491073
rin_(yu-gi-oh!),6942865
hessian_(fate),3952883
fenrir_(shingeki_no_bahamut),6098394
fionna_campbell,8173602
masquerain,7978880
rajang,5892624
mika_melatika,5627615
kratos_aurion,4317427
franken_stein_(soul_eater),7648622
fecto_elfilis,6475381
lady_bat,5920757
super_orion_(fate),6509015
fubuki_(azur_lane),3311347
warupeach,6945682
kusakabe_yuuki_(to_heart_2),2704
bulborb,8791858
nanna_(fire_emblem),7685252
plumeria_(fire_emblem),7659261
asakura_nemu,191830
imai_midori,1945449
saotome_haruna,202681
hime_(kaibutsu_oujo),130469
kinomoto_touya,4912433
amanogawa_shiina,7341003
rook_hunt,8359396
kishimoto_ayase,9680964
suzumiya_akane,5703077
ute_(yu-gi-oh!),3122601
april_o'neil,1038125
vayne_(league_of_legends),6671366
jacq_(pokemon),5858728
ayase_ayato_(imamiya_pinoko),9922271
mikudayo,9586977
dvalin_(genshin_impact),8973031
watanabe_minori,7938837
madeline_(celeste),8223726
satake_shougo,2313448
maria_tachibana,7619247
mochizuki_momiji,2845059
nagare_ryoma,4398527
matsuda_yasuke,4659777
hashiri_nio,1738260
hachiko_of_castling,3717956
blooper_(mario),3265041
yoshida_ayumi,9986799
raymond_(animal_crossing),8604934
amarys_(pokemon),6571343
kushizaki_(vtuber),4757463
nate_mitotsudaira,1202155
reindeer_(kemono_friends),6997834
damian_doyle_(cyphers),8553554
akazawa_izumi,1269181
ezra_theodore,7585049
narukami_arashi,7968445
ponyo,7637622
balrog_(street_fighter),9496059
akashi_kuniyuki,8892687
klaus_von_reinhertz,9396569
giant_penguin_(kemono_friends),5747323
sekoshi_(some1else45),5902954
rokurou_rangetsu,6319307
bergman's_bear_(kemono_friends),7323013
sabi_(pokemon),5133241
kanada_toshu,7717502
emerald_(pokemon),4907773
cerberus_(kemono_friends),5415903
guillotine_(nikke),6133344
momoi_azuki,7765860
toono_mizuki,5828717
inubousaki_shian,6129668
sasaki_fuuka,4002929
m590_(girls'_frontline),3587787
chibikko_(morihito),2627568
mym_(dragalia_lost),3281429
yamashio_maru_(kancolle),5251871
moon_rabbit_extra_(touhou),9484990
escavalier,3906209
firewatch_(arknights),3564038
emperor_of_mankind,1037362
colorado_(azur_lane),3618636
rico_(mega_man),3637500
hollow_knight_(character),6637305
durin_(arknights),3769504
mae_(fire_emblem),2929143
silco_(arcane),5907458
latooni_subota,395556
lickitung,8887114
hope_estheim,606340
shizuki_soujuurou,9308283
medli,7457117
soul_linker_(ragnarok_online),8720950
reki_(haibane_renmei),8606378
yamano_remon,1082775
vegapunk_lilith,10068373
p7_(girls'_frontline),3230950
lind_(hotathino),7838289
northampton_(kancolle),4961264
aek-999_(girls'_frontline),3963012
cheetah_(kemono_friends),5991372
hanna_england,3543936
futaba_akane,3326307
excadrill,5219412
nezumi_(no.6),9299928
hazekura_mikitaka,9655942
catra,3330463
oomuro_nadeshiko,4316554
izetta,2524968
male_kana_(fire_emblem),9177313
kamen_rider_gaim,1608669
hood_(warship_girls_r),2774248
sita_vilosa,2439220
osanai_(shashaki),4230501
kurusu_kanako,893591
karin_(fear_&_hunger),8865440
happiny,6610106
idunn_(fire_emblem),3437413
ruquia,213648
surge_(pokemon),3218765
kamen_rider_hibiki,184148
tadano_genji,6512223
anew_returner,420207
geomancer_(fft),6358624
shirai_hinako,6634225
shiguma_rika,9446546
grimmsnarl,8831135
sakurada_hane,7840417
ichijou_ayaka,7902272
gamon_yuuta,9817363
kagari_(rewrite),8323481
okamura_nao,5995144
rutile_(houseki_no_kuni),6205771
ico_(character),3531253
zaraki_kenpachi,8997061
hoshizaki_akari,8555225
mantyke,9476550
moana_waialiki,4629484
anti_(ssss.gridman),6189881
hori_kyouko,7244331
ling_yao,3134730
hyoudou_issei,8857797
sawamura_eijun,4846778
thresh_(league_of_legends),9963431
asou_yuuko,5222782
godot_(ace_attorney),6082938
hayase_misa,6997359
roberta_(arknights),4799284
kawai_rie,3491848
yat_sen_(azur_lane),8310818
tachibana_shiro_(idolmaster),7486191
captain_price,7137872
plains_zebra_(kemono_friends),2979201
wakana_rei,5554448
komatsu_ibuki,7035163
akiyama_yoshiko,5804738
ifa_(genshin_impact),9008594
pram_(phantom_kingdom),352433
shinozaki_sayoko,7208302
nightingale_(path_to_nowhere),7604230
quina_quen,5703892
doge,4366262
winona_(pokemon),5549859
tejina_senpai,9074513
lupusregina_beta,7468357
tiffa_adill,4525432
yuki_onna_(nurarihyon_no_mago),607111
male_protagonist_(live_a_hero),6766136
kururu_(rhapsody),7521895
espresso_cookie,4466940
tatsumi_kon,2883087
fukagawa_mahiro,9329738
simon_belmont,3217768
k11_(girls'_frontline),9074788
marshadow,8208597
reunion_soldier_(arknights),6376429
elf_(dq10),8371709
valvatorez_(disgaea),7518442
whispy_woods,10018753
suzuki_sayaka,15897
beenic,6730909
prinz_rupprecht_(azur_lane),5877884
sheffy_(princess_connect!),8928049
drang_(granblue_fantasy),3231103
elma_(xenoblade_x),9048709
uesaka_sumire,3501115
elekid,3891518
taillow,7970470
yuyusu_(cookie),9059769
cress_albane,724286
madarame_harunobu,4370
duo_maxwell,8219172
pepper_(pepper&carrot),8703744
kamen_rider_den-o,505035
asura_(onmyoji),7375873
ooyama_(angel_beats!),1947456
miyamura_izumi,6446456
summoner_(final_fantasy),7771001
camerupt,9420674
jeong_taeui,8111820
katsuragi_yako,6288307
toadette,8784247
kanna_asumi,1820099
ortho_shroud,5450673
komajirou,9463763
lrl_(last_origin),5133575
agatsuma_kaede,5155869
jessica_(granblue_fantasy),2266690
sakino_asuka,55974
tsu-class_light_cruiser,2778408
hosokawa_kanako,84820
the_batter_(off),10007584
arimura_hinae,9815719
edgar_valden,6328888
golbez,7771148
asukagawa_chise,8111463
monkey_d._garp,8283714
chidouin_sara,6555234
kurogane_tama,6480394
chai_xianghua,349790
akaza_akane,1074614
bakura_ryou,527961
drew_(pokemon),4772402
getter-1,2271868
koyanagi_rou,8488368
tsukishima_shijima,6750671
hitmonchan,5196161
miss_crane_(fate),8630865
marui_futaba,715272
black_sister,6940783
magnezone,5706672
tsukumo_yuki_(jujutsu_kaisen),5856960
shiori_(kamioka_shun'ya),3106266
hapu_(pokemon),4401830
sena_mikoto,8736518
qian_renxue_(douluo_dalu),5401444
matsu_(kancolle),9384697
minato_mio,9884612
miriel_(fire_emblem),4963564
nel_(fire_emblem),6245357
l-elf,5861490
aoi_yusuke,5994930
asuka_ryou,7049274
tapu_lele,3678099
hoshina_soshiro,9734234
eustace_winner,5947265
park_dona,7112248
kobuchizawa_shirase,9826169
irisu_kyouko,4172837
owain_(fire_emblem),9446430
taoqi_(wuthering_waves),9053076
ainchase_ishmael,8953172
dog_child_(doitsuken),2912292
shinjo_hinaki,5687145
ootori_tatta,9881158
kalifa_(one_piece),8098140
sticky_fingers_(stand),2313224
nijihara_ink,6507191
makihara_arina,6621914
sakayanagi_arisu,8541271
delcatty,10055016
rose_(tales),3375096
chikuwa_(yurucamp),3980917
saotome_mary,5229686
momobami_kirari,5229665
asellus_(saga_frontier),7336822
ichinose_haru,2601732
usami_tokishige,7554353
scarecrow_(girls'_frontline),5469714
phara_suyuf,3406606
peter_b_parker,6646756
exia_(nikke),6133352
shirayuki_(arknights),3769061
joeri_(yu-gi-oh!),6016930
alina_clover,8833383
winter_(aespa),7377868
ashleigh_reid,6015176
surskit,3571456
ninamori_eri,5090437
minette_(skullgirls),6203411
kine_(kirby),9302522
yihdra_arvoln,8733939
bojji,5547646
theodore_(persona),9099433
sanzu_haruchiyo,7334300
aikawa_chinatsu,3096253
adell_(disgaea),2966068
spearow,9358669
kunisaki_yukito,465749
hiuchidani_mei,7162534
jia_qiu_(project_moon),9480806
juni_(street_fighter),9517124
boney,7032621
javelin_(kancolle),9141100
krizalid,4409688
shindou_hatsune,9562176
dtto.,9489624
honjou_ruri,6138330
bhima_(fate),6495355
hanazono_hahari,7404574
ciel_alencon,1823012
lilith_(yamibou),12986
anna_williams,9494670
nekoma_karin,6719803
miyake_hinata,9826177
noibat,3377243
toucannon,4132498
god_gundam,149345
minion_(despicable_me),8670445
nqrse,5222546
deino_(pokemon),4254896
ophelia_(merryweather),9901466
houjuu_chimi,9726075
chipp_zanuff,3782355
okita_sawa,3389613
ayesha_altugle,2250530
kureha_yuna,5099183
golduck,9363687
aizawa_mint,9858485
aura_bella_fiora,9776609
skwovet,9564748
nakahara_mizuki,7364791
milfa_(to_heart),2942151
ppsh-41_(girls'_frontline),6119725
toxel,4793825
akame_(akame_ga_kill!),8393458
kakizaki_megu,79143
osana_najimi_(komi-san_wa_komyushou_desu),9131972
cynthia_(fire_emblem),3532611
pecharunt,7087209
melissabelle,3648756
sniper_(tf2),1532671
ursula_(fire_emblem),6781913
haiyi,8324602
natsugumo_(kancolle),5773425
kafuru_(senran_kagura),3731020
passenger_pigeon_(kemono_friends),3460333
fuji_aoi,3323142
lana_(fire_emblem),1877343
izumi_ako,193298
kratos_(god_of_war),5843946
yang_lee,9525697
sandygast,3894900
buzzwole,3260175
neko_(neko_to_chiyo),6271114
enterprise_(warship_girls_r),8302307
sunohara_ayaka,3156312
meredy_(tales),7661395
mohg_lord_of_blood,8671807
ueno_(ueno-san_wa_bukiyou),6730674
kishitani_shinra,2645387
kali_(fate),9591393
rey_(star_wars),2224752
aoba_tsumugi,6861853
orihara_mairu,634368
braviary,6842298
layla_prismriver,8203497
ikezawa_kazuma,8995746
mudsdale,3697941
hashimoto_fumie,8426296
eiai_nano,7404411
logix_ficsario,8130925
kamen_rider_agito,4327928
li'l_judd_(splatoon),2620103
takanashi_yomi,1090833
peco_peco,9313210
kofji_(cookie),5453767
trey_clover,8900142
genis_sage,8100770
kadabra,9993885
so-class_submarine,2307252
princess_laura,6527282
hermes_(ff14),6796392
shirakumo_(kancolle),6571099
smug_nun_(diva),6889197
elfnein,6747861
dier_(girls'_frontline),6584538
poland_(hetalia),1701180
bartholomew_kuma,9416675
garou_(one-punch_man),8551701
nari_(cougar1404),5374214
lilith_(fire_emblem),3852240
g3_(girls'_frontline),5797371
shinohata_sachie_(hamsterfragment),7214568
professor_neroli,6516315
kurokami_medaka,8060179
xelloss,6136338
ushiromiya_rudolf,7414290
duosion,6228497
harukawa_sora,3406600
todoroki_touya,4690101
altair_ibn_la-ahad,4833615
haneyama_kazuho,9499953
tsona_(nyantcha),5632905
murakumo_kagetsu,9764245
okuyama_saori,3969436
amane_(dream_c_club),568788
yoo_mina,5775564
izumi_noa,3569087
bismarck_(warship_girls_r),8302377
miriam_hildegard_von_gropius,5791983
xueyi_(honkai:_star_rail),8153442
zenyatta_(overwatch),8660011
clervie_(genshin_impact),7683552
yano_kuromu,9726297
cuphead,8783028
amajiki_tamaki,5418271
baby_5,5915031
z1_leberecht_maass_(azur_lane),3627877
sorakado_ai,6722585
onsokumaru,27524
alabama_(azur_lane),9983867
fubuki_(senran_kagura),7401928
mouse_girl_(yuuki_(yuyuki000)),3651998
daphne_blake,8635514
arancia,466042
yuri_(girls_und_panzer),9347725
lachesis_(fire_emblem),9126907
andy_bogard,4381096
type_80_(girls'_frontline),8440729
v_(devil_may_cry),4528098
oosuzuki_kurara,9286883
isis_(p&d),1791085
axl_low,7982968
mr._koiwai,6651964
ishigami_senkuu,9748523
marley_(pokemon),8779051
f91_gundam,6653575
hacka_doll_1,2489109
ovelia_atkascha,3465055
bianca_(pokemon_heroes),8098467
kido_saori,9464619
zelgadiss_graywords,8284016
gokudera_hayato,7038257
opal_(pokemon),3744230
ilay_riegrow,6267556
combusken,7825449
killer_(one_piece),7617278
lyre_(fire_emblem),8076224
hiura_mihate,6928561
ji-yoon_(jourd4n),6630228
futaba_minato,7525325
asbestos_(arknights),3936503
hibachi_mana,9121254
family_computer_robot,6757685
hakuowlo,5314552
african_rock_python_(kemono_friends),6051662
hatsukano_yo,7670917
mishima_heihachi,7078591
kashihara_noa_(kindatsu),6829401
uzaki_yanagi,4784497
lincoro,7558246
arene_(arknights),7736169
dark_meta_knight,6161878
stella_hoshii,7166390
tokonome_mamori,5806018
choukai_(azur_lane),6976222
momose_kurumi,9384
primeape,7998862
gunvolt,8659502
chloe_lemaire,5482856
misono_kirika,8785868
istaroth_(genshin_impact),9642532
charybdis_(azur_lane),7439905
sawakita_eiji,6954560
slurpuff,3378807
karin_(naruto),5594492
prospera_mercury,6224692
marowak,9389068
k5_(girls'_frontline),5597878
himeno_mikoto,3245796
monet_(one_piece),6350387
paul_(pokemon),5449562
a_(xenoblade),6357982
kira_yoshikage_(jojolion),6346127
kuwabara_kazuma,5376460
haruka_karibu,4406855
asahi_rokka,4645343
cz75_(girls'_frontline),6571231
esia_mariveninne_(komone_ushio),8660551
yonah,3962639
kurusu_natsume,5772749
leonardo_watch,4104589
laevatein_(fire_emblem),3256118
tsubasa_(kureha),3362977
bettie_(pokemon),7254909
edinburgh_(azur_lane),3899527
clair_vaux_bernardus,6597345
rumia_tingel,4034220
marichka,9227474
leysritt_(fate),2092747
ten'i_(ikkitousen),5930510
yennefer_of_vengerberg,8627591
tsuchimiya_kagura,1554334
tenkawa_kaoruko,7531275
mint_(dewprism),7374245
cody_travers,6281844
hoshikawa_shizuku,7160150
rose_(blackpink),6292830
hina_(genshin_impact),8609097
aranea_highwind,7980270
cecile_croomy,7208392
katasumi_amari,6950640
xuhuai_(the_legend_of_luoxiaohei),5408614
melusine_(ibuki_notsu),4853374
reed_richards,9788782
isoi_rai,9065291
ikeda_chizuru,6376860
archer_(disgaea),7757845
ashlock_(arknights),4580629
orihara_kozue,6933140
akechi_kokoro,792474
dream_tiger_(govy9807),7647131
tsuchiya_ako,6149517
hinazuki_kayo,2604845
homeko,728
pantheon_(league_of_legends),7176028
saint_tail,3744711
hosshiwa,7313089
sengo_muramasa_(touken_ranbu),2615564
yamato_iori,3146485
goat-chan_(enarane),7127536
leonard_mitchell,9011493
yanase_miyuki,7804311
kakita_(92m),5711875
kushida_kikyou,7571124
slither_wing,8787199
sugimoto_chisato,8293004
screwllum_(honkai:_star_rail),8489058
amatsuka_megumi_(gj-bu),9348686
aizawa_eiko,8686408
melinoe_(hades),7668246
anchor_(nikke),6560910
black_dragon_(kemono_friends),7054620
tougou_hifumi,6265710
repulse_(azur_lane),2909585
vander_(arcane),6895902
yakuzen_kusuri,7404492
nadja_applefield,5509242
satsuki_mari,7609012
lyon_(fire_emblem),2997463
hibino_kafka,9731830
caligula_(fate),4142108
minagi_mikoto,8414
saltwater_crocodile_(kemono_friends),5668577
luis_cammy,8787393
ibaraki_douji's_arm,3601342
himeyuri_ruri,818977
lord_raptor,9755202
rennala_queen_of_the_full_moon,6124676
arisen_(dragon's_dogma),5450072
gweon_sua,8189538
tsube_aika,3547551
white_tiger_(kemono_friends),6471143
teresa_(claymore),9613078
minori_(blue_archive),9702237
leonardo_(tmnt),7297710
takajo_kyoji,5995034
laufen_(sousou_no_frieren),7389353
envy_(fma),3334610
gliscor,5928081
freedom_gundam,8394114
devola,5970134
frederica_baumann,8115166
happy_chaos,6142624
amatsuka_mao,1382016
thea_(nekojira),5767836
colress_(pokemon),8788860
nyx_(fire_emblem),7473165
rebecca_(fire_emblem),1958660
ultimecia,6615394
red_panda_(kemono_friends),6817154
cheshire_cat_(monster_girl_encyclopedia),3626433
leonhardt_(arknights),3960597
reala_(tales),5641727
fuyumi_jun,5986239
yzak_joule,9226301
bartholomew_roberts_(fate),7567194
nitori_aiichirou,1506670
riselia_ray_crystalia,6739305
ouma_shuu,1042957
merchant_(dq3),7888216
otowa_rui_(saibou_shinkyoku),7879504
amamiya_yuuko,240924
nina_einstein,115319
papyrus_(arknights),8804333
yashiro_momoka,3323467
tsuruta_himeko,3605400
felsi_rollo,6245359
suzuki_iruma,8687264
crow_hogan,7139315
male_builder_(dqb2),8801296
erstin_ho,54749
akuno_hideo,6318787
mai_(dragon_ball),7818574
indra_(fate),9567121
kazooie_(banjo-kazooie),4512374
timekeeper_cookie,8810053
janine_(pokemon),9918264
medicham,5449582
lunatic_(ragnarok_online),9313205
hyaku_shiki,4190557
kannabi_no_mikoto,1415
charles_babbage_(fate),2967439
billy_kane,7915104
joseph_oda,1839378
lucia_(pangya),317059
yuiman_asama,9811559
brooklyn_(kancolle),6543977
queen_sectonia,7814878
fan_la_norne,3510325
shion_(no.6),3427347
todo_erena,2607879
lenora_(pokemon),9918286
uenoyama_ritsuka,8210205
shiromiya_mimi,4298353
dodrio,9387884
kongou_mitsuko,3876216
teucer_(genshin_impact),5107010
komahime_(fate),6996981
midarezaki_kyouka,257332
jp_(street_fighter),7709143
meru_(blue_archive),6632247
aoi_sena,9680943
gothitelle,7723966
hissabeth,9208851
franky_franklin,9879897
hugo_(yu-gi-oh!),9214203
centurii-chan_(character),3772012
aoi_kyosuke,5994944
klefki,5956393
wakui_rumi,4454790
duckman,8376653
sarutobi_sasuke_(sengoku_basara),8530322
team_plasma_grunt,7705323
pain_(naruto),5197346
jitomi_monoe,4323105
rickshaw_student_(blue_archive),9569328
max_(pokemon),5992211
kuronuma_sawako,2476944
kawai_miruku,6881054
lumineon,2198136
grian_(youtuber),8084246
lopmon,6857188
tsunami_jousuke,1190157
shidou_maki_(toji_no_miko),8871907
maou_sadao,9696600
kiryu_kuro,8146844
dragon_slayer_ornstein,3417903
nautika_(reverse:1999),10041039
terror_(azur_lane),3650029
tennouji_nae,3466709
alicia_testarossa,466952
ayase_naru,7476295
azusagawa_tsukino,3622
midorikawa_hana,2083701
amiya_aranha,7167054
ferdinand_(honzuki_no_gekokujou),7830318
peter_quill,9383447
shikoku_metan,8861150
yumi_sayaka,7884091
sandslash,4387582
rebellion_(ragnarok_online),7301427
yami_sukehiro,8169862
ricotta_elmar,1227232
genny_(fire_emblem),2689054
espio_the_chameleon,6274799
wendy_corduroy,8616243
juli_(street_fighter),2720444
g28_(girls'_frontline),3549269
bunny_girl_(yuuhagi_(amaretto-no-natsu)),3512262
sigui_(queen's_blade),1640674
terakomari_gandezblood,7071281
valerie_(pokemon),4437747
usami_rito,7592554
murakumo_(senran_kagura),9624939
vigil_(arknights),6925080
scathach_(fire_emblem),8050784
galarian_farfetch'd,9387852
kanzaki_adelheid,7062440
kirin_(kemono_friends),7054585
ekko_(ejami),4392819
aeiou_(yoako),9199139
kotae_(otomari_koibito_lolita),9960197
hodaka_natsumi,4464083
duffy_the_disney_bear,9560982
revolver_ocelot,376705
perrault_(last_origin),3562858
susannah_manatt,6160375
osaragi_hazumu,19560
cure_kyunkyun,9291143
kiryuu_miya,6776523
asimov_(spindle_(aidenr0)),8869517
april_(arknights),5761278
dartrix,6891427
fudou_yukimitsu,2895058
azuma_tokaku,2603422
queen_of_sunlight_gwynevere,6722813
minneapolis_(kancolle),9638186
nikki_(swapnote),1325863
legoshi,5515737
ryekie_(live_a_hero),5674470
klin_(girls'_frontline),3624194
briar_rose_(sinoalice),4855003
death_(puss_in_boots),6013916
aina_rive,5582244
gina_(gnosia),7422676
suride_miku,6408812
nakahara_masaru,7716633
suzunami_(kancolle),7113068
wakaouji_ichigo,726738
larxene,3163904
ume-sensei,1278049
baji_keisuke,4989319
eucliwood_hellscythe,1471798
enforcer_(arknights),5196754
courier_(arknights),5640812
akoya_matama,9128900
popola,7049300
mizuori_shizuku,6488625
kurusu_shou,5316059
gangle_(the_amazing_digital_circus),9816721
murasakibara_atsushi,5846734
friede_(pokemon),7364788
feower_(granblue_fantasy),2541690
lucilius_(granblue_fantasy),6942926
aoi_sora_(pairan),7619557
pino_(jashin-chan_dropkick),6316677
makino_yume,7765941
fujimasa_march_(umamusume),9823580
electivire,9996787
namazu_(touhou),9813962
porno_(dohna_dohna),6127354
aquila_(azur_lane),6460787
stylist_(nikki),9455874
inigo_(fire_emblem),3545793
greed_(fma),7055747
mima_sachi,8977515
takashima_zakuro,6561139
shoboon,9225124
cure_felice,9755011
ametsukana_yago,5798236
sasaki_(suzumiya_haruhi),6169260
tearlaments_scheiren,8451949
so_dakki,3079916
tibarn_(fire_emblem),9117713
jun_(princess_connect!),3661092
misaki_shiki,8111904
nyan_cat,8125440
european_hare_(kemono_friends),3219782
ashton_anchors,6862862
snubbull,3798713
veigar,5964718
garterbelt_(psg),805202
bangalore_(apex_legends),5368245
titania_(fire_emblem),2704129
nameless_king,7690529
sakurai_yuuto_(senpai_ga_uzai),4063615
towa_(slow_damage),7622297
tangaroa_(housamo),4434492
tsubakuro_yume,8332662
paffy_pafuricia,5027432
bunny_nun_(diva),6899985
raphael_(tmnt),9148830
feebas,8303959
ortega_(pokemon),7368699
kido_hyde,2789899
lanz_(xenoblade),8504738
myucel_foalan,1526417
lisa_silverman,7567202
aiko_(magipoka),9239244
nishizawa_ayumu,3872565
koube_shio,3270558
yumeno_uta,156223
tsunashi_takuto,983089
insane_black_rock_shooter,8103534
vice_(alchemy_stars),5814308
duca_degli_abruzzi_(azur_lane),9554411
kaori_(princess_connect!),9249591
togo_ai,4923497
eustace_(granblue_fantasy),2976555
aoki_lapis,8133150
sakaki_natsuki,2357636
sasa_kazamori,8677127
t-800,6945180
nanami_(suikoden),6060757
suzuran's_father_(arknights),9728756
zinogre,7257787
warwick,8417206
kishibe_taiga,8496905
gotoh_michiyo,8656415
eclair_(girls_und_panzer),3056423
serah_farron,8366635
ghirahim,6490800
ogawa_sumireko,9842047
shouhou_(azur_lane),2989715
isaki_riona,10021972
baselard,2743428
aurica_nestmile,558431
aoi_(princess_connect!),8924714
konig_(call_of_duty),6545995
oshino_meme,1958557
odysseus_(fate),6208421
night_angel_(last_origin),3950643
laphicet_(tales),6412669
raoh_(hokuto_no_ken),547887
yokoyama_ishimi,8882672
seaplane_tender_princess,2570807
maleficent,9992045
kaalaa_baunaa,6770942
korea_(hetalia),8589985
lucy_steel,7455243
ibuki_munemasa,2288227
tamaki_mari,9826157
clint_barton,3742798
nowareno_(azuma_shino),4775244
copy_x_(mega_man),6333339
norway_(hetalia),9862632
fernandia_malvezzi,9270026
kuhouin_murasaki,1414922
00_gundam,365707
fuwafuwa-chan_(kamiyoshi_rika),5244906
luca_balsa,6898391
pochimaru_(vtuber),5212079
mafuyu_(vrchat),9061826
luxio,8959591
burgh_(pokemon),4401412
kaku_(one_piece),8086129
golurk,9815122
phalaenopsis_(msa_(fary_white)),6283911
abomasnow,3772453
kusakabe_maron,9566591
regirock,3480218
raffina_(puyopuyo),6840258
carcano_m1891_(girls'_frontline),3393908
faba_(pokemon),4622907
kan_kanna,9229384
melania_(reverse:1999),8417932
agito_(nanoha),203450
imaichi_moenai_ko,5956232
mankey,5466494
silver_vanrouge,7991843
lan_yan_(genshin_impact),9352835
reinhard_van_astrea,9782121
omastar,8441615
alina_(girls_und_panzer),3298642
lie_ren,3240040
orga_itsuka,2446633
shihou_matsuri,154202
adolf_hitler,8536931
balthier,1181413
buratei_marii,3153836
neviril_(simoun),196858
ookanehira_(touken_ranbu),2589610
sovetskaya_belorussiya_(azur_lane),9233082
medusa_gorgon,7499865
jack-o'_ran-tan,7236216
jaffar_(fire_emblem),2080650
kyouyama_anna,4451501
morisawa_yuu,4416986
sakura_hime,8929249
lynx_landau,7726890
moran_(nikke),7139601
great_grey_wolf_sif,4055740
david_king_(dead_by_daylight),5373542
espoir_city_(umamusume),7248942
shellin_burgundy,7459182
harmony_(pokemon),8921972
otonashi_kiruko,1466811
suelle_malen,8125497
aisha_clanclan,9227348
audrey_hall,6153676
minase_ichigo,10053561
hyoudou_michiru,2342410
greavard,5773248
shikimiya_mana,7162451
kiruko_(tengoku_daimakyou),8794915
clarine_(fire_emblem),2619187
hattori_heiji,3291763
dark_willow,5905936
gloire_(kancolle),8816059
flay_allster,5538673
gullveig_(fire_emblem),6932933
sq_(gnosia),7607764
killy,210283
nophica,6126899
patriot_(arknights),7744814
kipfel_(vrchat),8501410
marisa_(fire_emblem),8500690
chiikawa_(character),8026041
himegami_aisa,2604650
tang_wutong_(douluo_dalu),6482191
ueda_suzuho,2728621
kihel_heim,7128778
sadaharu,1214311
sylvia_(dq11),9173701
elena_olegovna_owen,6463218
aurora_(league_of_legends),8442537
nagumo_(sakamoto_days),9748407
kurosaki_honoka,7317107
koga_norio,7409651
itomi_sayaka,8331756
kusakabe_satsuki,8045947
biscuit_krueger,8869644
type_79_(girls'_frontline),7544069
shikinagi_akira,7168492
shirafuji_kyouko,6701417
kohagura_ellen,8331787
nappa,6132657
nino_(sunaba_suzume),5954974
essex_(warship_girls_r),8307290
inkay,2634428
rokuhira_chihiro,8657152
yatonokami_kanata,5290518
tachimukai_yuuki,1498248
luozhu_(the_legend_of_luoxiaohei),4426170
schierke_(berserk),3583997
sierra_mikain,7531361
patty_(fire_emblem),6684871
coquelicot_(sakura_taisen),7465493
black_leopard_(kemono_friends),5991382
saionji_reimi,5730576
talim,9230436
tine_(fire_emblem),6355181
winston_(overwatch),2942381
giant_otter_(kemono_friends)_(kuro_(kurojill)),2931167
draven,9687700
swellow,7970473
helel_ben_shalem,5551365
sakazuki_(one_piece),5893207
gotenks,8547438
sweden_(hetalia),9735941
momiji_(binbougami_ga!),1239579
hoshino_yuumi,11658
mitsuzuri_ayako,2092754
ninjask,7224388
reid_hershel,5853890
yoshinoya_(hidamari_sketch),3399054
inne_sulistya_robin,5599784
liza_(pokemon),9918272
kazama_jun,8954146
aiba_ibuki,7749790
amy_sorel,9543411
seifer_almasy,6146141
xeno_a,8021832
fuyusaka_iori,9633136
nishizono_shinsuke,2284539
amarant_coral,6948169
alyssa_(specktech),5363849
asakura_yoh,8900951
xiaomu,1041520
zan_partizanne,7835099
nana_(girls_band_cry),9222382
linie_(sousou_no_frieren),6866014
kaitou_jeanne,7699960
shanna_(fire_emblem),2619149
sakuraba_kaoru,2400700
fujiwara_zakuro,9858741
mei_(honkai_impact),5655787
devilot_de_deathsatan_ix,7307994
rosia_(show_by_rock!!),7846183
king_(nanatsu_no_taizai),8974625
jin_musou,1133805
mochida_arisa,6169513
yaya_(machine-doll),7137050
kamen_rider_vice,7571089
torii_eriko,5167
will_(pokemon),5377635
langley_(path_to_nowhere),7194760
kampfer_(mobile_suit),7518382
granbull,9402802
nagara_(azur_lane),3422932
hyakuya_mikaela,1982052
aika_himena,7805458
koga_(pokemon),5203062
armarouge,5653032
shinomiya_rina,9639450
nakasuga_emi,5834235
nasu_no_yoichi_(drifters),2300187
cabba,8320235
golem_(pokemon),3850373
ringorou_(idolmaster),3983206
ron_weasley,5237615
bon_(vtuber),9747237
ralf_jones,5915348
giselle_gewelle,7729197
micro_uzi_(girls'_frontline),5284618
ayase_saki,7845225
norn_greyrat,7577072
kusunoki_yukimura,4021799
pacifica_northwest,2798701
joe_(sk8),9733542
matsumoto_yoriko,6224938
ahagon_umiko,6939944
whiskey_project,6761618
shindou_kei_(ef),93260
vanilmirth_(ragnarok_online),9570505
shigure_(fire_emblem),7151720
ichihara_yuuko,8939494
quinella,3511267
taunie_(pokemon),8921975
inubouzaki_itsuki,3640248
seteth_(fire_emblem),3814149
mafumafu,8323491
rinna_milford,8032872
hi-nu_gundam,5348582
kiryuu_michiru,6324483
shima_sakon_(sengoku_basara),8252394
cellval,3217063
kriemhild_gretchen,9037857
goodtimeswithscar,8377696
mizuki_(vtuber),5448619
asahina_mitsuru,216421
ranboo,8006720
donald_trump,8406784
viktoriya_ivanovna_serebryakov,2781135
sonia_(zelda),10017207
ponto_nei,7101547
ryu_(breath_of_fire_iii),9426589
nagumo_tetora,2312081
fortune_(last_origin),6006445
sukone_tei,9516215
and_uge,6972703
western_parotia_(kemono_friends),7589221
chuchu_(show_by_rock!!),8483170
dana_iclucia,3470274
carlos_oliveira,5239899
cupitan_(granblue_fantasy),6676378
seer_(apex_legends),5042251
subaki_(fire_emblem),2623304
chroche_latel_pastalie,577054
moa_(show_by_rock!!),6624989
tiphereth_b_(project_moon),6877316
yuni_(nikke),9095104
falinks,9808950
mashiro_blan_de_windbloom,364699
alice_(pandora_hearts),9835158
kisaragi_honey,6780349
limone_(simoun),74160
nagatsuki_sanae,827646
rodney_(kancolle),6808759
abyss_mage_(genshin_impact),5382957
noah_ebalon,8912416
yanmega,3274658
fionn_mac_cumhaill_(fate/grand_order),9127306
switzerland_(hetalia),9021321
wanshi_(pgr),9217375
inui_shinju,9698596
sakuraba_aoi,166150
torracat,6065912
tomitake_jirou,6947668
wakaba_hinata,9047146
machine_(nier),2659934
maimoto_keisuke,6557850
tenma_mitsuru,2721098
koishikawa_iko,6747458
hyodo_rena,7663885
hanna_rudel,1339230
ine_(vtuber),5877369
yanai_ichiru,7717492
finland_(hetalia),8621247
pignite,8515828
otogari_adonis,6337252
billy_herrington,3434480
hishida_haru,6660618
kimura_ryu,6549440
corphish,3792621
g-self,2057772
adora_(she-ra),9402405
triandra_(fire_emblem),3707404
u-official_(arknights),8250766
merii_(mazohaha),3704951
levi_elipha,8924771
totsuka_saika,3765243
cradily,8541039
banshouya_ena,7541684
lily_(granblue_fantasy),4267740
juniper_actias,6507358
drake_(azur_lane),5828234
ohara_michiru,8148033
susuwatari,2620119
kagura_nana,6056444
rosetta_(pgr),5125007
koguma_(super_cub),7565824
daughter_(yoru_mac),6768102
suzuki_sonoko,9955015
okapi_(kemono_friends),3195924
princess_(slay_the_princess),8386575
sakura_ritsuki,3843053
nihilister_(nikke),7711128
tonberry,9172157
fraux,7833638
marivel_armitage,862651
kara_(go!_go!_gris!),9935379
kashimiya_karua,9580081
ludicolo,9412924
kycilia_zabi,9546487
minfilia_warde,9643359
klein_(sao),2447008
metalgreymon,6346475
konami_kirie,5502271
nina_(breath_of_fire_i),7285515
athena_(p&d),6605082
tapu_koko,8901183
alphen_(tales),3550821
yasuri_shichika,8799837
yue_(cardcaptor_sakura),3637424
yatsu_murasaki,5639236
elena_(ff7),6326009
susanna_hopkins,5096357
shiki_(samurai_spirits),7679732
elias_ainsworth,2919306
pastel_ink,136546
houndour,6269325
azmaria_hendric,5223136
meimei_(p&d),1742377
lavenza_(persona_5),7435084
spartacus_(fate),3288921
christina_mackenzie,8319681
zeong,9070747
lisa_(blackpink),9400280
caine_(the_amazing_digital_circus),7535105
eliza_(tekken),5711148
selettrice_vaalmonica,7810865
cardinal_(ragnarok_online),6231351
nakajima_atsushi_(bungou_stray_dogs),6233840
asaka_kaori,7261415
qu_(pgr),6157680
maractus,6200393
vivy,5746518
bkornblume,9735371
sui_(isekai_ojisan),9634295
kikunojo_(one_piece),7056886
shiteyan'yo,4138690
kaiboukan_no._30_(kancolle),6049910
ishizuka_fujino,8495864
sabito_(kimetsu),4175562
lene_(fire_emblem),6415488
nakajima_youko,7551686
tsurime-chan,8894302
kokoro_(doa),3482029
izanami_(persona),2497964
freyjadour_falenas,6562964
amemiya_taiyou,1059435
mitama_(fire_emblem),8428522
mr._chopped,9872902
pandora_(p&d),1810102
panpour,2990614
shinouji_matsurika,390136
murakami_tamotsu,6423322
manaka_ao,7800293
kusakabe_mei,3904270
zed_(league_of_legends),8531092
poli_(nikke),6155424
girafarig,3890029
dirty_deeds_done_dirt_cheap,9737240
dante_alighieri_(fate),9704381
portgas_d._rouge,7886907
kaiki_deishuu,7814674
shion_uzuki,5871903
rucora_(fushigi_na_neko_no_machi_meltier),7469682
v'ehxness,10022683
oichi_(sengoku_basara),7936172
yamashita_jiro,8875045
suzume_(princess_connect!),8873896
mg4_(girls'_frontline),3405167
luluco,5354189
akabane_karma,8149458
kokado_shido_(domo),7057638
av-98_ingram,3324460
na'el_(xenoblade),6243018
furby,4915785
ogami_shirou,7920944
reszurre,7056970
mistilteinn_(closers),6650282
galuf_halm_baldesion,7554635
shijou_mitsue,65011
konohana_suzuka,8871924
saiki_ittetsu,9094938
rengar,7389980
cioccolata,2095154
twisted_fate,7167654
midorikawa_lettuce,9858542
aino_ai,3644563
gelgoog,4907265
madame_ping_(genshin_impact),5796040
hokma_(project_moon),9460544
misako_(kunio-kun),3642106
king_boo,6094505
skull_kid,6123910
marin_(zelda),3636858
methode_(sousou_no_frieren),7389350
aerith_gainsborough_(midgard_seventh_high_school),9954307
morimoto_yuni,6675093
z'gok,9437022
hasunoue_keroppi,6185729
nicole_(class_of_09),8322431
eupha_(metaphor:_refantazio),8261492
demon_cleric,5682889
xurkitree,5725262
zeri_(league_of_legends),7017664
yaten_kou,1377940
iwato_suzume,5260011
bass.exe_(mega_man),4907723
nidorino,9855453
morino_ichigo,1669
albel_nox,7301728
kashiwaba_tomoe,11574
flint_(arknights),5716008
marron_(dragon_ball),2081722
admiral_nakhimov_(azur_lane),7880824
natsuki_mikuru,8693350
dulcinea_(project_moon),9482740
takashima_yuuna,5900907
kaguyahime_(mahjong_soul),5601788
touri_sei,7996298
tsukisaka_sayu,9702427
grimlock,6292247
khezu,4849333
moegi_emo,7303697
nrvnqsr_chaos,8778230
shiranui_(azur_lane),2895408
logician_(16personalities),7715274
nosepass,8893346
old_snake,308018
katakura_kojuurou_(sengoku_basara),6298984
matt_(pokemon),7005570
porom,154442
azusagawa_sakuta,9711050
kronshtadt_(azur_lane),5425819
beruka_(fire_emblem),2618711
jade_(azur_lane),9972080
ichinose_tokiya,5947540
kunosato_mio,9815660
devil_(housamo),6477208
kurata_tome,5505341
miss_christine_(arknights),9962934
aihara_mai,5245265
isshiki_momo,1352744
fujisaki_shiori,9553377
annie_(skullgirls),7119151
yakumo_mikage,7823829
grimer,8903770
ichinose_hajime,4356597
wormmon,9799776
sengoku_kamuri,3039200
quackity,8087459
fukuyama_jeanne_sachie,9269405
ran_(urusei_yatsura),9525841
fujimiya_kaori,1688350
x_drake,5935849
riley_(pokemon),4895209
jellal_fernandes,2654921
akasaka_mamoru,6947619
onodera_karen,156693
fubuki_atsuya,861258
dark_dream,989951
ushiromiya_kinzou,1527133
tsukishiro_yukito,2428034
vf-1s,8335334
tyler_(merryweather),9915254
rin_(kemurikusa),6090205
gothorita,8404909
medama_oyaji_(human),8885319
hugo_andore,9468965
sam_porter_bridges,8998119
kazuhira_miller,3531258
miakis_(suikoden),6453815
henry_(fire_emblem),2749449
appletun,8874965
raven_branwen,7611965
forrest_(fire_emblem),7345086
admire_groove_(umamusume),9838140
yona_(akatsuki_no_yona),6042354
oerba_yun_fang,8427942
zatsune_miku,9067178
richelieu_(warship_girls_r),8303322
liliya_(kaetzchen),4834359
kanbara_satomi,916090
yagyuu_kyuubei,4849670
torrent_(elden_ring),6064948
beam_(chainsaw_man),5862325
aino_heart,3456001
shurou,7994460
is_(kamen_rider_01),9055019
seel,9387890
brittany_(pikmin),7909770
eusine_(pokemon),6403021
pharos,9784651
gundam_calibarn,8216781
himeru_(ensemble_stars!),5381848
brera_sterne,1033091
wendi_(nanoha),6020223
trubbish,3824157
jedah_dohma,3073435
haru_estia,7408539
menhera-chan_(ezaki_bisuko)_(character),8496204
shinomiya_natsuki_(uta_no_prince-sama),5707167
dorodra_(kisaragi_kaya),6897434
armored_aircraft_carrier_oni,1706982
terazaki_kaoru,9474070
hamburger-chan_(hundredburger),8198305
seulgi_(red_velvet),7530293
ayanokouji_kiyotaka,7044485
bastet_(mythology),7331627
ylgr_(fire_emblem),3118003
shitara_seiji,7509668
midori_(kimi_ga_shine),6534397
jellymon,6791643
leander_(azur_lane),6447770
kadaj,8722280
ezo_brown_bear_(kemono_friends),7072200
jade_(houseki_no_kuni),6624611
killer_t_(hataraku_saibou),4388289
seedot,5408105
barcarola_(reverse:1999),8801690
geno_(mario),8542355
mizuo_haruichi,8078114
roark_(pokemon),4426100
charlotte_(seiken_densetsu_3),3666415
shiraori,7263251
black-headed_ibis_(kemono_friends),7352147
archerko_(himura_kiseki),8964039
sendo_yuuhi,7614083
kingler,10028289
amaretto_(girls_und_panzer),3276559
deemo_(character),1999021
nargacuga,6935464
nanamegi_nagisa,4359915
serizawa_katsuya,5931884
matatagi_hayato,8524765
stufful,7034728
anlucea,8424088
bikko,2056973
mars_(pokemon),653958
marie_(peripeteia),8812048
fuu_(samurai_champloo),4686644
askeladd,4136990
shaddiq_zenelli,6549243
hime_granzchesta,8754931
kufei,77024
bai_winchester,6653558
amemiya_sekira,3338789
li_dailin,7563309
black_lilith_(last_origin),4093108
mao_(disgaea),3199890
nine-colored_deer,5583923
drops_(ragnarok_online),8070704
hiiragi_miki,199833
herrscher_of_corruption,7709863
miyake_shinobu,7075804
jodio_joestar,9216839
mini-ikamusume,3783646
sphene_(ff14),7962195
bruce_banner,7966137
white_bomberman,4334392
lunlun_(nijisanji),9622384
marnie_(omoide_no_marnie),2159449
iori_yuzuru,4792440
shin_getter-1,8280326
kabutops,3432767
komachi_panko,7340205
edomae_lunar,7529762
leilan_(p&d),3300235
marlone,173340
gum_(jsr),4866298
reco,485345
bright_noa,6467254
gabi_braun,5227318
taguchi_ryuuya,8795646
kabuto_(pokemon),8895903
anchorage_oni,2668143
hiiragi_shino,7647539
anna_nishikinomiya,4775534
submarine_princess,2258274
tosh_(splatoon),7517930
celesteela,3988868
eugen_(granblue_fantasy),4861104
senou_natsuru,577869
siduri_(fate),3637153
suwa_yorishige_(nige_jouzu_no_wakagimi),8238300
momo_(kancolle),4604125
sofia_valmer,9697169
king_(one-punch_man),7223640
juno_(overwatch),8064563
takahashi_rie,7270696
ash_(fire_emblem),4961493
jennie_(blackpink),7842006
machiko_ryou,2076845
pidge_gunderson,7171765
cis_(tiger_&_bunny),973323
koori_chikage,9950923
minakata_hizuru,5835335
bronzong,6829101
aohitsugi_samatoki,5547709
japanese_black_bear_(kemono_friends),3232415
daisy_(dq),7230709
walter_white,5631413
graveler,9397402
naraka_(nijisanji),4654224
aymeric_de_borel,7081462
lilpa,6649015
yukihiro_ayaka,226481
zeke_yeager,5585650
minakami_hina,8696676
nasus,8318573
yakumo_(nu_carnival),7350129
girl_with_a_blonde_braid_(tomoshibi_hidekazu),8953370
kite_(hunter_x_hunter),8735361
amauri_miruki,7419302
drayden_(pokemon),4754534
guilty_(nikke),8266578
tokiwa_nanaka,7936226
ellie_(the_last_of_us),5657090
michael_jackson,8430168
aisha_greyrat,7113126
samidare_yui,8008317
ash_blossom_&_joyous_spring,7188872
taira_no_chouki,9064776
alpha_(alpha_1918),8658680
amano_ririsa,8408786
aikawa_chiho,5146067
calcharo_(wuthering_waves),9178323
crow_(nikke),9033167
miguel_rivera,3742364
magician's_red,7290490
kawamura_yuzuriha,6698378
kondou_isao,9893675
karen_(sister_princess),3796397
caim_(drag-on_dragoon),7930903
yamaba_yume,8985719
mileina_vashti,4519900
shinada_takumi,7014900
malik_caesars,654007
kotoura_haruka,1369861
mirabel_madrigal,9524164
kasumi_(azur_lane),6917506
creamy_mami,8828839
tb_(azur_lane),4261024
malva_(pokemon),7233526
frey_(rune_factory),4362516
umeki_otoha,6743940
kani_nayuta,6750646
m99_(girls'_frontline),2555865
tsugikuni_yoriichi,9848109
radagon_of_the_golden_order,9248335
brassius_(pokemon),6716862
candy_apple_cookie,9339159
yagiri_namie,710095
akiha_gongen_(housamo),6986006
oogami_ichirou,7962993
shiramine_nokia,9645244
ittoki_otoya,8548811
norea_du_noc,6579622
kaili_(aotu_world),9678555
kokubunji_suou,4393131
stoutland,2990625
kawajiri_shinobu,5701329
pansear,2990619
uka-no-mitama-no-kami_(inakon),1806024
clown_(ragnarok_online),8716785
toki_sunao,5784909
maliss_<p>_white_rabbit,9811661
white_serval_(kemono_friends),5194451
hershel_layton,6055128
tanizaki_yukari,7428431
camila_(vtuber),8967617
saejima_kiyomi,7042194
dizzy_dokuro,7892753
dagger_(marvel),9205486
miyazen_sakura,7235421
leylah_(honkai_impact),9227521
mare_bello_fiore,9776624
igarashi_haruna,7505681
ogino_ichiko,7638103
takanashi_kim_anouk_mei,7300178
sachi_(sao),3430611
anmicius,9640761
yotsuba_tamaki,8519167
taiyo_pepper,7303083
phantom_thief_(kkmomo67),6826829
honda_tohru,3959381
midoriya_inko,6122133
sakagami_ayumi,3348317
ajiro_shinpei,5432980
kurusu_nono,9815745
philia_(sao),2864046
sugawara_koushi,3317767
kobayakawa_sena,4235398
lobelia_carlini,7961187
emma_woods,3574823
momoki_run,7498779
girl_(mokufuu),3365266
etna_(kuzuyu),6772314
jeralt_reus_eisner,3991395
renown_(azur_lane),6933916
nameless_bard_(genshin_impact),5974204
carol_(skullgirls),5587878
nagasawa_yuki_(assault_lily),6535577
lois_griffin,8381634
mysterious_ranmaru_x_(fate),4957149
vulcan_(arknights),3884170
hazama_michio,6598400
desco_(disgaea),5900400
bahamut_(final_fantasy),7867713
ludwig_van_beethoven_(classicaloid),8708543
lydie_malen,3262639
suzuki_ayane,6691820
nessen_(live_a_hero),7747283
itsumura_haruka,9702499
lilith_(evangelion),6079330
maribelle_(fire_emblem),3195604
medjed_(mythology),2621307
kiryuu_kaoru,6324490
kagura_suzu_(.live),3634167
heidi_(arknights),7138956
galbrena_(wuthering_waves),9832959
daruk,4243896
grace_(sound_voltex),9713806
yanagi_kiyora,6398658
husk_(hazbin_hotel),7132409
rx_boss,7940035
osaka_sougo,5512194
ikuchan_kaoru_(character),5532924
malyna_(malberrybush),8460277
namba_emi,6185562
donatello_(tmnt),6559593
viola_(majo_no_ie),1452166
ohitome_kohane,8116350
mito_anji,4551559
electabuzz,4263249
seraph_dazzlegarden,7022114
uehara_miyako,4300998
kaori_(azumanga_daioh),7178933
inami_rai,7459173
tyrantrum,6838545
scotch_(meitantei_conan),8062835
nightmare_(arknights),3563891
destiny_gundam,7418356
fearow,9358675
ayumu_(blue_archive),6634552
northern_water_princess,2722222
ren_(dramatical_murder),8593340
sera_honoka,7955691
maiden_in_black,5663324
foch_(azur_lane),6330798
dracky,9604307
ashikaga_chachamaru,892101
lafiel,9286212
chi_lian_(qinshi_mingyue),5417776
hayasaka_akira,6877041
silk_(marvel),5610077
dracovish,5692608
tenko_kuugen,1558401
team_magma_grunt,8068179
jelly_hoshiumi,7308169
miya_osamu,9594449
saizo_(fire_emblem),2618713
kusajishi_yachiru,5889521
galarian_corsola,8352027
makidera_kaede,179289
yuna_(sao),2657294
kasuga_ichiban,6708729
octavio,7737032
alolan_marowak,5725725
ana_(mother),7682268
umino_iruka,9454324
orsola_aquinas,5819293
kamiko_kana,6013718
millicent_(elden_ring),5350028
yashahime_(momotarou_densetsu),60008
nishinoya_yuu,7733084
eclair_martinozzi,889123
dr._light_(mega_man),9755870
ryuumonbuchi_touka,3645842
fujikura_uruka,6818376
chane_laforet,425438
bruno_(pokemon),4401382
click_(arknights),4013659
gullinbursti_(housamo),7130803
mercuria_(reverse:1999),8777175
momo_(gundam_build_divers),5646527
divus_crewel,8030535
ishida_shouya,2444132
priscilla_(fire_emblem),3442624
ojiro_mashirao,5811340
luca_truelywaath,5429012
lapwing_(vrchat),9195229
lee_hoon,4011622
anubis_(surio),8014480
takahashi_maya,972631
ni-ni_the_mirror_mikanko,7257443
talho_yuuki,287854
serana,9111155
giant_pangolin_(kemono_friends),7075538
missouri_(warship_girls_r),8304114
minazuki_kyoko,8064301
mystery_(kpop_demon_hunters),9917666
luke_triton,6776881
midori_(fire_emblem),8476037
isla_(plastic_memories),6399666
jean_bart_(kancolle),5663563
ayano_rika,7207586
yokota_haruna,9362260
eto_(tokyo_ghoul),8403385
arrietty,929173
billy_(peach88),7290571
howe_(azur_lane),6891974
cacturne,4261562
baphomet_(grizz),5378584
claude_frollo_(disney),7321797
sebek_zigvolt,8431871
yuzuhara_haruka,26219
wada_don,4615799
sabina_fardin,5877394
scarlett_(unicorn_overlord),7369134
kirara_(arknights),4556363
barawa,2573625
medusa_(mythology),5819014
futaba_hotaru,4238372
yulha_(nikke),8646869
gorebyss,9438651
rodney_(warship_girls_r),8305007
momo_(breath_of_fire),3480219
nox_(path_to_nowhere),7539357
fuka-chan,5973887
pure_vanilla_cookie,9388287
kirigoe_mima,9679350
mikazuki_shizuka,7298978
hidaka_reina_(denonbu),5658351
run_elsie_jewelria,1065509
kurosaki_kazui,5358689
knives_chau,7004680
gholdengo,7822682
kirishima_kanna,7572398
mello_(death_note),9116949
ashiharatsumori_koito,8373469
daniel_j._d'arby,2047760
hiiro_(alchemy_stars),4713114
dr._wily_(mega_man),9755868
sigilyph,5210600
sein_(sousou_no_frieren),6936650
emerald_herald,9370701
fuwa_aya,8555285
caper_(arknights),7559046
isaac_clarke,2956602
schala_zeal,5572198
anezaki_mamori,2717291
shinjin-chan_(douki-chan),5116821
arato_hisako,9122295
chrome_(mon-musu_quest!),7664784
nagao_kei,6504579
tandemaus,8552225
wynaut,9433409
ronye_arabel,4217123
jeanne_d'arc_(azur_lane),4932353
frederica_nikola_tesla,5399596
chirizuka_ubame,9793934
nohara_rin,9612818
marco_bott,6536098
pippi_(osu!),7898261
mashiko_kaoru,3534058
meteorite_(arknights),9862181
king_(tekken),8972894
monica_von_ochs,5459596
velvette_(hazbin_hotel),9892472
mof's_silver_haired_twintailed_girl,288283
ando_ruruka,4763725
kurumi_(hazakura_hinata),7899154
mk48_(girls'_frontline),4782950
pisaro,7202184
raisa_pottgen,1141824
umbral_knight_(ender_lilies),7154317
shikimori_miyako,9920173
drasna_(pokemon),9918545
nezha_(the_legend_of_luoxiaohei),4919792
chen_qianyu_(arknights),8593253
konomori_kanon,3441023
near_(death_note),5858651
kuran_arisa,7349171
mainz_(azur_lane),5260475
polyurethane_(psg),9866160
jack_skellington,9591648
inagi_(kancolle),7068513
shirakawa_nanaka,6783702
peter_strasser_(azur_lane),5813338
succubus_(disgaea),332750
aiba_ami,9653840
leiur_darahim,8206133
kannonzaka_doppo,9920375
taniguchi_(suzumiya_haruhi),5928043
yamashita_majime,7198730
yu_xuan_(yewang19),5343707
coco_adel,3496153
fei_fong_wong,4446186
bethy,9704020
rouxls_kaard,9732432
wolfgang_amadeus_mozart_(classicaloid),8679552
fujiwara_no_shirogane_no_sanra,5774849
airy_(bravely_default),6151625
primm_(seiken_densetsu_2),8392288
oribe_tsubasa,5984717
mamoswine,6479236
nishikata_chii,7461602
vanilluxe,6825111
weepinbell,9367650
violet_(closers),6656671
higashikata_daiya,3436025
chtholly_nota_seniorious,3553047
otako_(galko),2314660
little_match_girl,6099364
feena_(ys),7230950
lailah_(tales),3422134
misaka_kaori,6701249
ki_(druaga),9225314
connor_(detroit),7694973
lumera_(fire_emblem),7155617
wing_gundam_zero_custom,4340095
hinomoto_reiko,7322665
aoandon,4372954
misteln_schariac,5963479
penguin_(one_piece),7589214
milsiril,7708354
makino_yuna,6264979
the_lamb_(cult_of_the_lamb),8999438
protagonist_(doki_doki_literature_club),7525096
juliet_starling,6903949
rue_(princess_tutu),13443
misumaru_yurika,3494173
fayt_leingod,7334486
rumeld_othmayer,7616700
dark_haired_kappa,5245926
tendou_kasumi,1523208
kanzaki_akari,9981217
shiratsuyu_(azur_lane),3902285
carim_gracia,129680
daring_heart_(umamusume),7913676
keldeo,5725263
smoochum,9407891
jecht,8493609
sarutobi_ayame,9893742
yue_(arifureta),9805122
matou_zouken,8431537
fukasaku_aoi,2807375
misaki_sango,7752002
allial_(coefont),6881805
m870_(girls'_frontline),4099574
inia_sestina,5148965
wendy_o._koopa,7151454
renee_(negative_hero),5902100
vistake,1646774
big_bird_(project_moon),6447568
krile_baldesion_(ff14),3556618
a-chan_(little_busters!),6974733
ulala,6449199
allmind_(armored_core_vi),6766612
yanhe,7798598
pisces_aphrodite,9438268
mikami_chiori,5198055
poporon_(jashin-chan_dropkick),9988440
pegasus_seiya,8635155
kouzuki_oden,8147057
nagatomi_hasumi,3930983
liter_(nikke),6341693
crested_porcupine_(kemono_friends),7804579
kurebayashi_juri,2362284
twice_(boku_no_hero_academia),8188924
hagimura_suzu,3528506
candela_(pokemon),2454207
march_hare_(alice_in_wonderland),9646508
mito_mashiro,3727231
sutera_(granblue_fantasy),2204066
shiitake_(love_live!),9565483
captain_syrup,5441018
musse_egret,7198999
joseph_desaulniers,4300925
enid_sinclair,6632553
magmar,9393565
sul-lin-a_(hurukku),6283257
ning_hai_(warship_girls_r),7673081
ernesti_echevalier,4957582
mr._hood,8561804
leo_kliesen,9009101
amelie_planchard,1487825
rinne_berlinetta,3270396
katase_shima,8999341
hanemiya_kazutora,6327176
anetai_toyone,9826856
donphan,9406333
kazuki_hana,9580987
model_zx_(mega_man),9039199
gwenpool,8042159
christopher_columbus_(fate),7567185
gouda_takeshi,8613951
calenda_(kemono_friends),7071011
inaba_himeko,6395253
sterkenburg_cranach,8131073
eclair_(kiddy_grade),117972
chisaka_airi,6032968
aoki_ruri,5504078
taisui_xingjun_(fate),5275067
aizono_manami,6019471
tiese_schtrinen,4217128
toriyama_akira_(character),7307598
gundam_aerial_rebuild,6045189
stunfisk,6857564
seadra,9393235
morrighan,6714799
little_cocon_(umamusume),5859823
meruem,8064046
lilica_felchenerow,4623384
hina_(one_piece),7601980
kiba_manami,6180043
hipa_(some1else45),9102157
elf_elysia,9946249
aurorus,8685371
inoue_toro,8374009
shizuka_joestar,9227408
serpo_(dandadan),8941640
white_lily_cookie,5799423
meteora_osterreich,4887084
tsumugi_(blue_archive),8631056
mousse_(duck)_(ranma_1/2),7851682
juliet_nao_zhang,53998
johanna_(fate),9726066
mantis_(marvel),8837482
greythroat_(arknights),9862155
sakura_airi,5619469
sally_acorn,7810822
saturn_(pokemon),5234875
lacrima_the_crimson_tears,8243849
tirpitz_(warship_girls_r),2414670
toriningen,235745
chaika_bogdan,1866842
akeuraji_tsukasa,9069298
aster_arcadia,6905743
senkou_(senran_kagura),9401896
mandragora_(arknights),5339036
suzuya_aki,8238003
cooler_(dragon_ball),9520771
yukishiro_mahiro,9131135
emporio_alnino,5231703
sounds_of_earth_(umamusume),7720855
nishigoori_yuuko,3450133
nijiiro_nino,7300764
kamen_rider_black,6887252
marco_rossi,262581
kirahoshi_kanna,9210485
gauma,7525555
carleen_(alchemy_stars),7641703
shimura_tae,3196399
needle_knight_leda,9919758
kuroe_mayu,7917956
marco_polo_(azur_lane),6029119
clark_still,6941135
benn_beckman,6250449
midorikawa_ryuuji,8507793
medusa_(jashin-chan_dropkick),7056178
lancer_(deltarune),8604510
nerthuz_(fire_emblem),8434123
josie_rizal,5595208
strike_gundam,4142374
renjouji_beru,6170773
elisabeth_blanctorche,5072903
haaselia,3580069
yukari_(princess_connect!),8945583
sakyumama_(kedama_milk),8822364
alpha_(kage_no_jitsuryokusha_ni_naritakute!),9589000
aoba_misaki,5595444
kanzaki_rio,6569850
koyoi_(iroha_(iroha_matsurika)),6831189
skully_j._graves,8231997
tabris-xx,3332905
kurame,9951814
naga_u-chan,4616670
red_fox_(kemono_friends),7510305
lime_(saber_j),8949879
orca_(chonkyorca),8191800
francisca_(kirby),6222551
dango-chan_(4shi),6370910
nt-tan,192275
aria_(sister_princess),178664
saiki_kusuo,7292020
bubbly_voyage_(infinity_nikki),8760503
sato_masuki,3492386
viki_(suikoden),5918256
gundam_alex,4617147
kitamura_sora,6029280
haneoka_meimi,5970930
childhood_friend_(ominaeshi),5791001
yoshioka_saki,7304988
shokatsuryou_(koihime_musou),7911974
charles_zi_britannia,7208014
shishigami_bang,9675957
sigma_(mega_man),4310425
cutter_(arknights),3873394
fenrir_(last_origin),4842524
tsukiyono_ruli,7453232
resna_sternenlicht,9044319
dark_link,9960449
flamie_speeddraw,2118295
mikono_suzushiro,1126635
rhyhorn,3890205
gourai,9484701
ja'far_(magi),9873453
northern_goshawk_(kemono_friends),3217076
yao_fueifuei,5151259
tama_(wixoss),7407399
noiz_(dramatical_murder),5411217
chef_kawasaki,5830759
kitaooji_hanabi,7364936
aurora_e._juutilainen,5774664
riki_(xenoblade),3956701
cinderella_(sinoalice),4495732
asakura_mihono,8586003
bolin,6812273
sakakibara_satomi,6750466
aizawa_azusa,9677317
youhu_(wuthering_waves),9822275
dustox,3762362
fiona_belli,8322932
ibis_douglas,165268
kakei_sumire,5467133
gouden_leeuw_(azur_lane),9720473
pinky_pop_hepburn,7341413
komala,2409470
tuye_(arknights),8246424
rei_(blue_archive),8875942
protagonist_(lost_property_control_organization),5378270
alfyn_greengrass,9220888
kitsugai_sese,7179512
kiichi_hogen_(fate),8863972
yasaka_mahiro,1459359
igawa_aoi,6569852
lion_(azur_lane),9451084
someya_mako,9826403
axia_krone,8493335
tigrex,7570937
kitaooji_satsuki,9133236
zeta_(vtuber),6639082
archen,7922808
abyssal_crane_princess,4511092
kaya_(hazakura_hinata),7383906
rivier_(kuzuyu),3564815
might_guy,9836032
hasumi_keito,6083357
dongbaek_(project_moon),7034407
big_the_cat,7923540
ayase_ena,10563
looker_(pokemon),4754646
lida_(pokemon),9675241
makihara_shiho,7184335
kusunoki_yua,9681048
satou_hina_(kamisama_ni_natta_hi),6770123
spathodea_(reverse:1999),7476215
wu_song_(female)_(touqi_guaitan),7992161
hiro_hamada,6824892
echidna_(p&d),1826392
hagino_chiaki,2875414
yatonokami_nayuta,6879575
sutou_iku,8235347
tinkatink,9572215
sylvanas_windrunner,7463423
snover,9974463
haruna_(azur_lane),3403921
shangri-la_(azur_lane),3456116
jackal_(nikke),6441322
lillia_(league_of_legends),6726230
boyfriend_(friday_night_funkin'),8110704
hiker_(pokemon),5861539
kashiwagi_azusa,318497
sashou_mihiro_(infinote),4527253
avrora_(azur_lane),3246292
aegis_(takunomi),3373912
romero_(zombie_land_saga),3449076
kisara_(yu-gi-oh!),454329
clanne_(fire_emblem),7763572
croissant_cookie,7984071
frederick_(fire_emblem),3546009
coco_(eogks),6918106
guardian_(elden_ring),9430994
kamiki_izumo,9837478
mr._nothing_(arknights),8506870
hirasawa_susumu,5853501
shadow_kirby,6981357
golden_hind_(azur_lane),8532261
whis,6919031
erina_(rabi-ribi),3426742
kunou_tatewaki,9886724
alice_elliot,5720531
kotoishi_naru,6232001
clamperl,3423589
hachiware_(chiikawa),7551914
tooyama_kazuha,8676216
ciel_sacred,7207634
anneliese,7927877
steam_delivery_girl,10065447
chien-pao,6228275
stitch_(lilo_&_stitch),6458325
unicorn_gundam_banshee,1133772
ursula_(takunomi),2977816
tsubaki_(kunoichi_tsubaki_no_mune_no_uchi),6034944
kagari_ayaka,9301651
sochie_heim,8499779
aizawa_hikaru,755597
hinata_aki,4211798
lucena_winter,5565247
nagakura_shinpachi_(fate),9286550
anpanman_(character),9088422
senpai-san_(douki-chan),5455637
sumizome_nozomi,7932214
violette_(sound_horizon),245916
madaraki_fran,4159922
inoue_yurina,8101731
ningyo_hime_(sinoalice),4274662
ise_nanao,5879303
reset_kalar,9598432
weddie_(dq10),8268783
akitaru_oubi,4914623
ohdo_yuamu,6686524
mai_(pokemon),5120229
ozu_kanon,1660517
arctic_hare_(kemono_friends),6657011
yomi_(p&d),2429524
harsha_(eisu),8046927
flaky_(happy_tree_friends),1753284
jochuu-san,56927
marie_mjolnir,9369316
aciddrop_(arknights),4615015
dj_octavio,2146451
kurotsuchi_mayuri,5846831
akemi_(blue_archive),8007765
kokutenshi_hibaru,7449799
talon_(league_of_legends),5467705
arisugawa_dice,7314307
cinia_pacifica,1518178
geese_howard,5384155
gibraltar_(apex_legends),4417428
pawn_(dragon's_dogma),5466977
yamamoto_akira,3564388
princess_hilda,2008088
hallessena,8011688
stylet,6055497
zombie_(minecraft),1148981
hiiragi_nana,7995778
prinplup,8774949
shimura_nana,7814914
sanka_rea,7439668
kuraishi_tanpopo,1613805
angelic_buster,8128211
mike_wazowski,5801500
cut_man,221092
tk_(angel_beats!),680336
twilight_(go!_princess_precure),5971381
takahara_ayumi,7230112
bat-eared_fox_(kemono_friends),6940600
akane_canna,9357365
hortense_(sound_horizon),6524409
mothra,9713619
red_shoes_(nikke),8435306
pangoro,4330097
chloe_valens,885340
dongrang_(project_moon),8147406
chuugoku_usagi,9966508
chronoa,3440783
anemo_nemo,10019988
raine_sage,5109834
splash_woman,1284879
tennousu_athena,503650
carcano_m91/38_(girls'_frontline),4974089
glados,2037913
kamioka_senri,3387315
snufkin,10034148
renata_alekseevna_tsvetaeva,3487442
kamen_rider_zero-one,6887332
eternity_(reverse:1999),8712252
trevenant,8246792
q_(control),8557959
shaula_(re:zero),9441188
iris_(takunomi),8392031
hirayama_yukio,8565317
ineffa_(genshin_impact),9528769
kim_kitsuragi,9990260
hollow_ichigo,6784494
mizushiro_celica,7571978
netherlands_(hetalia),9446239
soriz,4114926
ichijou_(pani_poni),44874
ban_hada,9061192
kazami_kuku,6804302
akai_suzaku,6163473
jubei_(blazblue),829075
shirayuki_mishiro,7341564
arisugawa_juri,5548867
flamberge_(kirby),6222501
kuji_toi,10056243
yamamoto_takeshi,8058898
ursula_(breath_of_fire),5714044
symbareangoramon,7181846
mamehinata,9314254
liz_(kmnz),6935896
butters_stotch,1108437
kogara_toto,9785153
etou_misaki_(idolmaster),7283844
akino_(princess_connect!),8945492
takahashi_reiko,7551706
koto_satsuki,8492388
roger_smith,8413559
wendy_testaburger,9016917
patrat,4243213
kokuriko_(blue_archive),9378674
enokawa_miyu,5840122
hishimiya_tsugaru,2696048
kricketune,9444773
gelatoni,9502635
chao_lingshen,5829152
herme_(ohisashiburi),2880395
yaguchi_miu,6147609
bebinn,5077878
lowell_(project_moon),6453131
judith_lanster,7624709
charlotte_izoard,2709183
setsuko_ohara,307219
rem_galeu,9761428
fukuyama_chihiro,8013966
miura_asahi,5784849
kujou_kazuya,1157323
sora_(no_game_no_life),3169553
ooto_ai,8694465
benten_(urusei_yatsura),8886927
fail_(djmax),8082070
kuranami_shiki,6322804
thundercracker,5205242
filene_(shadowverse),8519831
tali'zorah,5576887
uzi_(murder_drones),9318225
tullece,9580230
takahashi_keita_(yakitomato),6615138
amagami_asahi,9900543
kanzaki_mizuki,3353355
shutumon,7303356
silas_(fire_emblem),3384669
temmie,3312124
taikoubou,3457181
nahia_(some1else45),6927784
natasha_(honkai:_star_rail),8974255
observer_alpha_(azur_lane),7289532
ots-12_(girls'_frontline),4769906
fukatsu_kazunari,6933360
koto_(kyousougiga),1523801
haru_(tsuritama),1513305
vanir,8071154
suenaga_mirai,1186905
shigure_kira,6524203
ottilie_(spindle_(aidenr0)),7827866
shantotto,7311857
kurousagi_(mondaiji),2875404
aislinn_wishart,9826838
mao-chan_(uramakaron),7445706
le_triomphant_(azur_lane),5598636
shirma,9226389
hercules_(disney),9095112
mathilda_lando,6433884
hilda_(hilda),5987029
nidorina,6480532
pronghorn_(kemono_friends),5906685
andrew_kreiss,5953987
izumi_reina,2292599
koda_michiru,9934595
ghostface,5547684
momoi_satsuki,1565802
suzuna_(princess_connect!),5897985
maintenance_musume_(kancolle),3972260
nini_yuuna,5132966
lafter_frankland,7881372
stiyl_magnus,789763
hinata_(fire_emblem),8086127
yang_wen-li,6480741
poncirus_(arknights),7105859
tadokoro_megumi,9122293
prairie_(mega_man),8226661
quincy_(warship_girls_r),1814161
black_forest_cookie,9208024
gekkou_(senran_kagura),9401825
kuchisake-onna,4710567
inui_sana,5989377
kirigaya_toko,6080296
slugma,5596702
cursola,5183257
diola_(granblue_fantasy),2301153
kazari_jun,8351599
monica_(little_witch_nobeta),6526678
nishigoori_axel,2737952
bari_(project_moon),9794689
michelangelo_(tmnt),7435902
iwanaga_ariya,9918927
kurosu_jun,8629076
okano_kei,2661590
chiester556,379574
charlotte_linlin,7255384
proton_(pokemon),4761947
kshatriya,7652195
chikujouin_magane,9771764
badtz-maru,6188453
manticore_(monster_girl_encyclopedia),2891350
karin_(vrchat),6225369
secre_swallowtail,5564899
pinocchio_(sinoalice),3291100
minase_inori,7340048
tora_tentei,3464103
lana_(hyrule_warriors),2400718
pawniard,9540359
amanomiya_jun,7155198
yone_(league_of_legends),7720088
dahlia_(genshin_impact),9244391
badeni,9115200
omega_auru,7096015
blitzle,5844997
jean_grey,8233603
hamada_kiyo,4451016
white_rock_shooter,9733373
lily_bloomerchen,5477780
sakura_akari,669717
yoshii_akihisa,999786
nozaki_yuuki,8631817
kongou_sensei,2902831
jinnai_enta,4506972
karma_(league_of_legends),5916585
chuu_totoro,3471232
azumaya_koyuki,8695292
tsuruhime_(sengoku_basara),1077276
irizaki_mei,2593460
hiroe_chiharu,5784358
lif_(ragnarok_online),9317281
diantha_(granblue_fantasy),5404248
suminoe_shion,9210635
tomoe_umari,9831142
sissela_kyle,9381528
flamme_(sousou_no_frieren),7323579
sogiita_gunha,955137
cacodemon,5533683
ember_amane,9167778
konno_mitsune,6487825
momoshina_fumika,6139969
kuro_the_divine_heir,3516877
kusunoki_shio,3726530
fushimi_saruhiko,9675856
clear_(dramatical_murder),8530154
narumi_yui,8333279
star_force_mega_man,7831674
io_(code_vein),6844281
numel,9972965
squidward_tentacles,6164025
clarice_(disney),9394068
shinra_kusakabe,7630916
misaki_(princess_connect!),8224192
seripa,9306040
pink_(ohasi),5810297
glacia_(pokemon),4401646
shachi_(one_piece),7589538
meryl_silverburgh,5470374
shichimiya_satone,3692709
crustle,8391639
ivy_(sparrowl),6365329
akimichi_chouji,7932150
sorami_kanata,593590
rockrock_(arknights),5764734
myamu,6905596
coomer_(meme),5686783
pet_shop,6346314
rinne_(rinrinne),6613495
ena_(dream_bbq),9085315
fujimi_nemu,9351447
yoshino_sakura,5616987
kati_mannequin,207646
red_hood_(black_souls),7403318
effie_(fire_emblem),2622516
anice_farm,9324170
greta_hofmann,7259984
ayerscarpe_(arknights),9035368
shamane,6823160
purple_haze_(stand),9424624
kamihira_mao,6084259
lyse_hext,7659602
magnamon,9577793
nicolina_(project_moon),9349609
yamifuka-san_(hoshi_san_3),5469821
bagon,4627576
gaius_(fire_emblem),7606830
kamen_rider_drive,7728826
eclipse_(brown_dust_2),7685799
galarian_meowth,7569045
omega_(mega_man),7575360
00_qan[t],5918877
hiiragi_kae,9702444
shindou_hikaru,7448486
amanogi_akira,9989591
tiffany_lords,2294376
cater_diamond,7143258
alexandrite_(houseki_no_kuni),9013795
toki_(hokuto_no_ken),1429008
vueko,9331828
nao_(kuzuyu),3415347
warmy_(arknights),9375139
ionasal_kkll_preciel,9322628
dee_jay,9515795
vietnam_(hetalia),8423460
buro_(muse_dash),5713276
julius_pringles,6394411
renekton,6132558
yukifune_airi,9300839
makura_(granblue_fantasy),6943120
momochi_tamate,7958158
pig_(kemono_friends),3325894
tachibana_hibiki_(another)_(symphogear),9719900
rauru_(tears_of_the_kingdom),6403289
ogata_rizu,3555852
jonathan_morris,293177
popoi_(seiken_densetsu_2),5846862
rosie_(animal_crossing),4956811
royal_fortune_(azur_lane),6332284
olberic_eisenberg,9220842
kenzaki_ririka,3290188
ryougi_mana,1678257
draco_malfoy,5553577
yurizaki_mira,8129819
angelise_ikaruga_misurugi,8481531
cosmo_(chainsaw_man),8370201
night_of_wallachia,10065761
meltan,4243460
mie_ai,6451676
kogure_kiminobu,7371552
hanazono_shuka,7242260
featherine_augustus_aurora,9413644
harada_makoto,9182416
hawkeye_(seiken_densetsu_3),3666416
vesti_(nikke),5849529
wilbur_soot,8144574
antonina_(neural_cloud),4676270
fox_mask_(silent_hill),10037973
fuse_(apex_legends),4401290
azuma_hazuki,6875201
yamada_michiru,5668874
arisawa_tatsuki,66439
takanashi_koyomi,5750952
alice_(black_souls),5048190
wimpod,2449671
sybilla,3496474
kinger_(the_amazing_digital_circus),6872718
matsuda_jinpei,6668336
takase_mizuki,3939
lich_(granblue_fantasy),5072646
jegan,9159154
vector_the_crocodile,6274665
maximilian_jenius,7304246
duo_(duolingo),6738940
nanakura_koharu,3285918
kinu_(azur_lane),4559259
orochi_(fire_emblem),5744169
kaiko_(vocaloid),7774907
japanese_otter_(kemono_friends),4983002
amethyst_(houseki_no_kuni),5186541
twitter_bird,6558550
eguchi_sera,3510007
marcy_(chrono_cross),5708580
nanbara_chizuru,8597769
helios_(sailor_moon),1997357
momiji_(ninja_gaiden),798268
naitou_maia,6828326
invincible_dragon_(last_origin),5913925
unused_character_(kill_me_baby),3299342
delta_(kage_no_jitsuryokusha_ni_naritakute!),6350870
aino_(genshin_impact),9776501
hijirikawa_masato,5730007
pennywise,8659789
prefect_team_member_(blue_archive),9518730
krookodile,9517215
orihara_sumika,8070828
mediator_(16personalities),8797332
w.d._gaster,9960058
kajiyama_fuuta,6827225
inari_(summer_pockets),9883018
tohno_gen,8724665
otonashi_ryouko,5745163
izumi_kanata,162803
kalluto_zoldyck,5579830
noto_mamiko,30949
polyester_(psg),10006051
tono_hanna,9832115
adnachiel_(arknights),7288910
purugly,8281620
erinys_(fire_emblem),4366720
h.n.elly_(kirsten),926521
orianna_(league_of_legends),6671367
nocchi_(perfume),1408902
makinohara_shouko,9711141
nickit,3891589
fat_gum_(boku_no_hero_academia),5601583
annie_mei,6760112
takanashi_rei,5439649
arietta_(tales),6218007
protagonist_5_(housamo),6403892
roman_torchwick,8753647
koujaku,7076024
venom_(guilty_gear),9080676
nougami_neuro,6288299
koborii_(amaburi),1838995
lord's_blade_ciaran,1646049
rinwell_(tales),6229646
ginrei_(giant_robo),7869462
minami_rio,5484121
luknight_(himemori_luna),8865320
snow_(housamo),4376628
garbodor,5436191
kaleina_(ricegnat),1714095
claire_stanfield,2357242
denmark_(hetalia),691927
destroyer_water_oni,6208010
tim_drake,9727593
bunnelby,4875514
acrobatic_silky_(dandadan),8946288
fraw_bow,9805565
yuki_madoka,5416034
sonia_(p&d),1724028
saeki_ritsuka,4704056
jasminka_antonenko,6706197
nishihara_yasoko,4575421
bmo,4331279
kimura_seiko,6363280
shimada_minami,5454092
elbing_(azur_lane),5506659
kashiyuka,2568502
petra_johanna_lagerkvist,4623499
hero_(dq6),9650772
higuruma_hiromi,6856991
gogo_tomago,7372781
itsumura_yukari,9702491
daitoku_junna,9988448
harry_du_bois,8191325
ice_pikmin,8374891
hibino_matsuri,6891743
komodo_dragon_(kemono_friends),7838643
bad_end_happy,1354662
daroach,9254976
galarian_moltres,3892028
mouri_kogoro,9195661
carole_peppers,5962048
sakurakouji_luna,6978999
creighton_of_mirrah,10058955
lead_white_(tsurunoka),4308090
kururu_(keroro_gunsou),8260237
eleanor_hume,3469630
kasumi_mahiru,6453483
miniwa_tsumiki,4575846
atago_hiroe,9826550
umbrella_(skullgirls),1394304
tribios_(honkai:_star_rail),9534099
punk_girl_(pokemon),3634885
tomoe_(kamisama_hajimemashita),8072890
kodama_izayoi,9214827
tachibana_rui,3465327
fusaichi_pandora_(umamusume),8211689
skywarp,7939393
lady's_dragonmaid,8746354
furutani_kaede,9078914
nomura_miki,6825039
kyo_kaneko,5591229
sightseer_(pokemon),9297956
oriana_thomason,825108
iwakura_mitsumi,6354278
kirishima_kano,6796336
nanase_kurumi_(menhera-chan),3924355
ethan_winters,8212931
fujita_asagao,5684099
druddigon,4454016
blanche_(pokemon),2615004
mandy_(grim_adventures),9891444
kunoichi_(sengoku_musou),288012
whisper_(ragnarok_online),7970160
guntank,7911313
shiho_(yuuhagi_(amaretto-no-natsu)),3965226
akai_ringo_(ookami-san),10060005
saegusa_matsuri,11085
mono_(shadow_of_the_colossus),389559
sailor_cosmos,5855942
kamen_rider_ghost,7679976
castiel,7351138
fia_the_deathbed_companion,5219254
ares_(fire_emblem),3121562
horizon_(counter:side),5779323
dean_winchester,7441880
mononobe_kyoma,8328455
quick_man,7619435
devilman_(character),5182099
ilias,9277648
lingyang_(wuthering_waves),7637143
konohata_mira,7773288
bloom_(winx_club),9526699
miyafuji_miina,36616
osaragi_(sakamoto_days),9748447
sita_(fate),7060543
greig_(dq11),9541711
centi_(nikke),7576650
triss_merigold,9217625
blackfire,7353593
cul,959342
akutagawa_ryuunosuke_(bungou_stray_dogs),6553974
petelgeuse_romaneeconti,9782177
zell_dincht,9040168
vy1,7311317
yamada_asaemon_sagiri,6295220
joffre_(azur_lane),5842062
cyllene_(pokemon),4712918
shelliemay,9459157
maria_campbell,6656793
cha_hae-in,7434301
suzushiro_haruka,1141917
octopus_devil_(chainsaw_man),5893941
theresis_(arknights),10003743
weno's_blonde_original_character,170568
chell,1490113
puss_in_boots_(shrek),6017697
anita_king,29552
miria_marigold_mackenzie,1487645
matsuri_(yume_no_owari),3226259
going_merry,2102263
madobe_nanami,8584091
jesse_pinkman,5660197
atticus_(pokemon),5902279
ooba_juri,7798165
vanillish,9524166
hiromachi_nanami,7086365
yste,7943921
mamiina_(simoun),65735
viichan,7166614
shiftry,5408107
sekiya_naru,7519011
ueno_koyori,6176716
escort_water_princess,3073900
takahashi_amato,3848329
ifrit_(final_fantasy),9752908
usuzawa_sae,9826846
mavis_dracula,7576857
siyudi_(cookie),7797179
a~chan,649841
washizu_iwao,8298101
relicanth,1178490
matsuno_chiya,2987256
nanawo_akari,7296033
sarashiki_tatenashi,2632431
stainless_(arknights),5270274
schneizel_el_britannia,7215941
hayama_mizuki,930550
carl_clover,564229
oz_vessalius,8574276
pawmo,8903838
kamen_rider_zi-o,5065601
sumeragi_shion,1625486
tamaki_(princess_connect!),8946957
liara_t'soni,7129843
otosaka_ayumi,2722551
chijou_noko,2652698
kiryu_touko,7980777
rock_bison,1193423
estelle_(arknights),8560448
hanada_kirame,3540553
mileena_(mortal_kombat),8310717
ume_(kancolle),6022276
chis-a,6705739
honedge,3824150
ebisu_(dorohedoro),5448048
yoshinaga_koi,7974790
yasu_(umineko),6806604
kafka_(arknights),5387587
haruka_(tactics),2237831
saginomiya_isumi,137684
gammamon,5048616
mitsuba_greyvalley,4795594
nishihara_tetsuya,2812292
ogami_koga,5445377
ichinose_kaede,2843791
elena_trafalgar,5499033
eclair_(la_pucelle),6547594
elc_(arc_the_lad),6813480
xiang_yu_(fate),3343115
byakko_(kemono_friends),6797069
shiraishi_yuzuki,9826182
terumi_mei,6337667
kai_(blue_archive),8205909
sella_(fate),2056030
rinne_(pretty_rhythm),8634895
blacephalon,9066076
zatanna_zatara,5086147
charcadet,8303223
finch_(xenoblade),8213770
z_(reverse:1999),8332190
yatogami_tenka,7432623
valac_clara,5869805
yuzu_(mahjong_soul),8853825
eve_(black_cat),6107827
urianger_augurelt,9352325
rellana_twin_moon_knight,7875057
jin_yuuichi,9206461
cecily_cambell,476555
orbeetle,4901632
pilot_(titanfall_2),7307121
biscione_(fate),9195461
fushimi_chihiro,7191271
sokka,4001528
amagami_yae,9900522
kurozumi_tama,7111540
sakamoto_tatsuma,9531897
kanzarin_(vtuber),4918274
cremia,3377930
croix_meridies,5748873
igor_(persona),1136633
yun_yun_(doupo_cangqiong),5101109
gilzaren_iii,5981736
inamori_mika,118801
kurai_yonaka,6236756
nikaidou_misato,7133973
nonaka_kokona,8794005
dwyer_(fire_emblem),8966975
filian_(vtuber),9908288
tokishima_haruto,3356110
utsumi_shou,3328285
hisakawa_tetsudou,2798680
rurun_rururica,5898777
i-402_(aoki_hagane_no_arpeggio),1582517
seffyna,7371525
miyazawa_yukine,6985848
greil,4508714
ghast,9163215
carrot_(pepper&carrot),8923411
vickie_(cryingrobot)_(character),9156587
okinawa_habu_(kemono_friends),6500988
jimmy_(mouthwashing),9124913
ysayle_dangoulain,6657362
ribbon_girl_(arms),2758766
yukimi_koume,6642954
yata_misaki,9675863
anzai_miyako,7299981
7-tan,9051218
richard_i_(fate),8622657
carnivine,8803658
alain_(unicorn_overlord),7369133
toyohara_etsuko,8831793
yato_(noragami),3305148
sajou_ayaka_(fate/prototype),9041264
monai-chan_(nii_manabu),5838761
aozora_himari,7370373
floatzel,4264788
dubwool,6818567
eikthyrnir_(fire_emblem),8835770
komori_kinoko,6555301
leopard_(kemono_friends),5991378
fleurdelis_(yu-gi-oh!),6160548
cleo_(dragalia_lost),5740312
shikiya_yumeko,8718466
jungle_crow_(kemono_friends),5695459
nergigante,7256085
jinx_(dc),7520760
omega_rio,7561126
ebitetsu,1027491
yune_(ikoku_meiro_no_croisee),963235
ripper_(girls'_frontline),8794112
hasaha,5474361
magadori_kyoshika,8780316
houshou_kirika,9955705
stantler,9406359
potato_(pui_pui_molcar),5168749
taki_fuuko,6920625
tendou_karen,3451499
fafnir_(maidragon),3859151
hana_n._fountainstand,7520228
toxicroak,4742084
luciana_mazzei,1810294
tennessee_(azur_lane),9775951
martina_crespi,698521
camazotz_(fate),7657129
saki_(ar_tonelico),556582
norman_(pokemon),3451955
ogasawara_hisame,7137897
kurama_norihito,1323005
jarvan_iv_(league_of_legends),5793390
nakiri_asahi,5811753
himuro_hitoshi,1741225
ecolo_(puyopuyo),8657798
sunny_emmerich,5485395
natsume_inori,8998575
suou_kuyou,5531911
hirasaka_yotsuyu,8657401
niwa_(genshin_impact),5939670
palossand,8415173
volley-bu-chan_(tawawa),5280252
tikoh,8081316
rudolph_von_stroheim,5232276
nene_(dokusen_yoku_ga_tsuyo_sugiru_yandere_kai_neko-chan),7169363
kawakita_tomoe,8631813
fl-chan,189050
kiragi_(fire_emblem),2118479
nemissa,5889148
saitou_shuka,6849773
zephirin_de_valhourdin,7271204
gabriel_(granblue_fantasy),3033446
behoimi,36138
black_knight_(granblue_fantasy),2537603
kipi-san,167417
big_sister_(navigavi),6558862
rackam_(granblue_fantasy),3441676
noumi_(kancolle),6150642
lily_hawk,9224162
kirin_(nijiura_maids),8763627
nanahira,8097053
sydney_(degrees_of_lewdity),8656595
celine_jules,6954910
xuan_ying,2381530
dunbine,7597448
umegiri_iroha,3049785
honshou_aru,4046016
nekomiya_nono,37393
strawberry_crepe_cookie,8787170
tulip_(pokemon),7368843
smilodon_(kemono_friends),7070952
liliweiss_(nikke),6838000
izou_(one_piece),6580357
izumi_kouhei,3720565
kitagou_fumika,990727
hellboy,3082074
kagami_kira,4034010
hisuian_lilligant,8658954
gunbuster,7994489
marin_(ragnarok_online),7970197
draculina_(last_origin),5391145
nagumo_midori,10039634
kokushibou,4239924
rutee_katrea,8208241
malayan_tapir_(kemono_friends),7072396
omega_(final_fantasy),7688837
origin_alpha,8017267
grimm_(black_souls),8791920
hagoromo_gitsune,7222551
stellalou,9560975
teddy_(pgr),9393508
bataan_(azur_lane),3582849
pengy_(granblue_fantasy),2544672
swoobat,2715456
takao_(d-frag!),8424682
tamaki_(doa),8373083
sakaki_shizuka,1945443
julia_(cowboy_bebop),3442938
fran_(tensei_shitara_ken_deshita),5707697
peppino_spaghetti,6212373
lunacub_(arknights),7055732
johan_liebert,6130594
slowking,2975757
air_messiah_(umamusume),7176954
red_dragon_(kemono_friends),7054634
jack_van_burace,839765
glowworm_(warship_girls_r),8307023
leena_(chrono_cross),5585665
muska,1694541
glimmora,6532201
sawk,9512453
futaba_tsukushi,4104317
freya_(danmachi),9885782
patxi_(fate),7833668
asagiri_shiori,1347221
mystic_flour_cookie,9231541
sendou_erika,1260913
tataru_taru,5612458
female_seth_(street_fighter),9432837
regina_(dino_crisis),8310663
paracelsus_von_hohenheim_(fate),9984788
jindai_komaki,9826461
paris_(fate),8884688
hidari_shoutarou,8053016
chaozu,8408709
cress_(pokemon),6421846
eileen_the_crow,4059164
kazehaya_tatsumi,9870217
crimzon_ruze,7055511
fatutu,9608864
baiheng_(honkai:_star_rail),8279568
harpy_(puyopuyo),5908114
vault_boy,7039389
sugisaka_umi,6183737
m1911_(girls'_frontline),3406103
ichinose_hotaru,7512143
malos_(xenoblade),3991760
jervis_(azur_lane),9109823
farrah_(granblue_fantasy),8230932
sorceress_sellen,5714615
hattori_(one_piece),7205005
ak74m_(girls'_frontline),4795964
type_00_takemikazuchi,4977838
koro-sensei,2867778
abella_(fear_&_hunger),7841169
haru_(kuzuyu),3415348
eliisa_(mahjong_soul),5208568
chii_aruel,5393168
miyawaki_sana,8269544
exosister_irene,8828270
candice_catnipp,8829510
alba_(senyuu),5965029
date_akari,6831605
hs2000_(girls'_frontline),7470202
cornea_(asteroid_ill),4273040
namari_(dungeon_meshi),7305695
ushijima_wakatoshi,7321123
paxton_(pokemon),8921971
shinonome_kazune,5658356
slayer_(guilty_gear),1536251
liz_hohenstein,5174204
mustard_seeds,401263
lucian_(pokemon),4987387
nijimura_keicho,6211340
linoone,3031463
amethyst_(steven_universe),9927932
aikawa_haruno,9940243
beauty_(pokemon),9162881
omega_ray,7561155
matou_byakuya,1164552
gertrud_(madoka_magica),7703199
hinomoto_oniko,793866
phione,8351528
super_tama_musume,3770592
nohara_misae,7329898
ilima_(pokemon),5882452
clavell_(pokemon),5876879
lulla_(comodox),9440559
little_red_riding_hooded_mercenary,7390524
mokuren_(kunoichi_tsubaki_no_mune_no_uchi),5778694
kagawa_makina,8507983
sakakibara_kouichi,10052925
aya_drevis,2592558
zossie_(pokemon),3123483
renown_(warship_girls_r),8310789
straizo,1948791
makino_kanna,1355921
haraga_kurumi,8235346
dhelmise,4473494
shiratama_kitsune,2490439
n'doul,5256382
peony_(fire_emblem),6710001
izumi_hiyori,9921897
ash_lynx,6100140
louis_(metaphor:_refantazio),8582232
fantina_(pokemon),4401579
katsuya_megu,9046148
satella_(re:zero),5258173
kodiak_bear_(kemono_friends),6001136
amifumi_inko,1975899
kumano_maru_(kancolle),6113140
luetzow_(azur_lane),9500637
ichijou_akari,20476
giant_panda_(kemono_friends),5779207
ico_(megaman_x_dive),4843180
elisabeth_von_wettin,7544368
yamanbagiri_chougi,3502188
randolph_orlando,7704523
saimon_tamaki,6666362
orimoto_izumi,9027038
sanakan,7417310
zilch_alexander,6746341
iceland_(hetalia),8621356
elinalise_dragonroad,6100731
tomoe_marguerite,28367
melissa_kinrenka,6191461
kaneki_ichika,3337955
wang_yuanji_(shin_sangoku_musou),10048376
sophie_pulone,6416240
nayuki_hiori,9181239
ground_gundam,7909861
rose_(elsword),9011125
rem_(death_note),8781533
kousaka_haruka,6906466
refia,9949469
yomi_hellsmile,7371577
sarah_bryant,1851932
ashley_winchester,3593762
shishigou_kairi,1729654
sliggoo,8556423
rosetta_passel,22690
yuyaki_(senran_kagura),7288413
gloomy_bear,7976016
shiomiya_shiori,923925
leo_(mafuyu),5032356
quercus_(arknights),8452446
halara_nightmare,7368121
myuri_(spice_and_wolf),5618771
hook_(honkai:_star_rail),6442452
r_daneel_olivaw,1408249
leanne_(fire_emblem),3379622
narantuya_(arknights),8104524
momo_(idolish7),9963404
rebecca_streisand,829403
umatachi_tsugumi,7101164
hatsuzuki_(azur_lane),9329653
minamisawa_atsushi,2283797
leaf_(black_souls),8581097
estelle_(cieluscian),6781102
honekawa_suneo,536030
boyd_(fire_emblem),3195796
kuroyoru_umidori,3861112
kakura_kurumi,9826842
otomore_(shashaki),5961699
may_chang,1148473
nyamou,330789
big_o_(mecha),3714986
mash_burnedead,7552047
mia_(world_flipper),4837318
godolphin_barb_(umamusume),6151264
stardust_dragon,9567241
azura_cecillia,4938317
magic_knight_(disgaea),8640326
watanabe_kanako,845131
zaha,9336909
luna_lovegood,6067547
jurard_t_rexford,6926130
shirin_bakhtiar,358269
duran_(seiken_densetsu_3),3666412
fong_pudding,9858662
mayu_(yuizaki_kazuya),3514957
spinel_(pokemon),7364890
milltina_(vrchat),8951275
kuzunoha_amehiko,8511807
klein_(honkai_impact),5554034
joule_(gunvolt),8873298
vault_girl,7771230
shuna_(tensura),3584546
makarov_(girls'_frontline),6148045
alex_(stardew_valley),7835508
carbink,8977605
mutsuki_tooru,8433486
boogeyman_(housamo),7048021
ranamon,9577888
gosegu,6044935
daisuke_(mouthwashing),8700965
kohinata_aoi_(dokidoki_sister_aoi-chan),6238995
sten_mkii_(girls'_frontline),6800248
two_(tsu_(lovesick1964)),4134905
lessar,6053384
seto_miyako,8942075
kusuriuri-san,6899548
libe_(hentai_elf_to_majime_orc),8890281
qwilfish,7969954
atoli_(.hack//),320627
philip_(kamen_rider),1425701
kamen_rider_black_rx,4838263
datenshi-chan_(nanawo_akari),5467865
clair_lasbard,3031771
watanabe_akari,8651241
ren_hakuryuu,8713248
lexington_(kancolle),7994738
beauty_(bobobo-bo_bo-bobo),6472598
hidden_phantom_(mega_man),7690783
haruna_(korezom),894161
matsuyama_kumiko,2656173
lileep,9426590
waguri_kaoruko,9772750
kurihara_nene,5404864
himemiya_rie,6647618
pubraseer_(live_a_hero),6177611
shinjin_succubus_(konosuba),7068985
toujou_aya,3081326
team_galactic_grunt,9328776
tsuzura_saki,4623364
sejuani,6085659
morizono_wakana,3187576
piloswine,9406028
adeptus_mechanicus,8771200
audie_(animal_crossing),8661472
ogasawara_haruka,3221395
amano_tora,2576981
melli_(pokemon),5138888
kurusu_tomari,39778
akagi_takenori,6006759
jet_link,8686653
black_rose_dragon,2605532
kagenui_yozuru,9248580
yat_sen_(warship_girls_r),8312546
soletta_orihime,8238470
ai_hyperion_lambda,7839216
shishio_makoto,9792016
baphomet_(monster_girl_encyclopedia),3413972
tenjin_kotone,3754371
vibrava,9420833
fox_devil_(chainsaw_man),5910551
munak,9313208
alice_(ragnarok_online),9313196
suzuki_shou,5832932
ledyba,3807721
luthica_preventer,1024093
bell_zephyr,542170
kawana_tsubasa,8780302
armaldo,5673645
saegusa_mayumi,3304161
rashid_(street_fighter),2357695
minamoto_chikaru,71324
metal_man,221096
anastasia_hoshin,9782160
ryuukyuu,6215850
sill_plain,6000300
seshima_rui,9620929
hyuuga_(aoki_hagane_no_arpeggio),1582513
kamishiro_natsume,6974180
glynda_goodwitch,2301017
lemres_(puyopuyo),6152110
umegiri_ameto,2246289
bianca_(black_survival),6084477
asano_fuka,6284775
mako_(azuumori),5547849
fuyutsuki_kouzou,6776458
mallow_(mario),7620517
poppi_(reimu_endou),5507929
kamek,7053112
youjo_(creek_(moon-sky)),2206276
gaius_(tales),1249016
scharnhorst_(azur_lane),3452704
shikimiya_aone,7498502
hoshigaki_kisame,7624136
rinkah_(fire_emblem),9219855
ichinomiya_kantarou,6226277
ganon,5864260
mina_tepes,8327171
cherno_alpha,1511163
elmerulia_frixell,3445399
itoshi_sae,6285393
izumi_iori,5517429
tamasaka_makoto,2690743
osanai_yuki,9303571
prince_of_wales_(warship_girls_r),8304420
chili_(pokemon),4156407
rina_(kemurikusa),3422969
secretary-san_(zannen_onna-kanbu_black_general-san),5388262
luna_aegis_(closers),6652378
dark_feather_alma,9904972
riou_(suikoden),9421295
kusunoki_tomori,5806565
red_girl_(yuuhagi_(amaretto-no-natsu)),5176052
mamarissa,6699846
geiru_toneido,5485133
oora_kanako,4573352
cherry_blossom_(sk8),6114547
minazuki_shigure,7888442
amano_miu,9223205
comandante_cappellini_(kancolle),6663169
christie_monteiro,9518510
danboo,1019854
diesel_(nikke),6219593
subaru_(houkago_no_pleiades),2058791
fio-chan_(big_o_pants),7652940
kasuga_yui,3077293
tamachi_mahiru,6178504
serena_cadenzavna_eve,5546071
genesect,5205333
yumeno_akari,8019624
uzuki_makio,5995876
shifty_(nikke),8107752
ela_(rainbow_six_siege),8693733
euclase_(houseki_no_kuni),6020683
asakura_kazumi,2053
momioka_risa,2752886
yamada_saburo,9344308
olivine_(nu_carnival),8463425
sakuma_rinko,8501911
yagami_toa,8477136
cynthia_riddle,4358302
hwoarang_(tekken),7078659
ichinose_hana,4336288
mikazuki_silvi,7769913
honjou_nia,5746543
hyness,3899292
lucy_loud,2491131
fii-tan,18409
prometheus_(honkai_impact),6593091
kisaragi_ayumi,9469141
shuto_aoi,7443305
yvonne_(arknights),8680192
vespiquen,3759698
slavya-chan,3493654
ethlyn_(fire_emblem),7073110
amakubo_kaede,9713841
izumi_kyouka_(bungou_stray_dogs),6911606
choi_mochimazzui,1377969
zero_(kirby),7826069
shionji_yuuko,4903391
lucius_(fire_emblem),2718103
thief_(dq3),8609180
kristoph_gavin,9433461
milk_(nikke),5988273
gamma_2,8570545
mr._silvair,8690328
haoumaru,6062833
lumi_(wuthering_waves),8586339
david_(fate),6133670
basori_tiara,9437648
fukuyama_kenta,8032518
ambipom,9461767
liquid_snake,7663994
dima_(girls'_frontline),6272916
fors_wall,5060607
i-36_(kancolle),7335672
kyoichi_(live_a_hero),9283371
ryuuguuji_ken,6426313
nicky_blake,6084517
red_gundam,9314028
segawa_izumi,886406
asahina_yuni,6919790
horned_girl_(jaco),5858021
kinemon,6840454
kamen_rider_ex-aid,6178763
seira_orgel,9373836
nishimori_yusa,6567237
reinhard_von_lohengramm,6480346
azusa_(vtuber),6073400
arikawa_hime,1331387
vision_(marvel),2365319
pantalone_(genshin_impact),5640960
charlie_nash,8974856
cima_garahau,495424
takanashi_hikari,2626505
kamazuki_suzuno,9696699
ken_marinaris,9201445
hisuian_braviary,4713597
cordelia_(saga),6784847
abby_(kpop_demon_hunters),10026374
nagoriyuki,8818227
kaze_(fire_emblem),3100250
yuri_hyuga,9180009
tenjouin_fubuki,9580406
takamiya_mio,7447256
shirogane_lily,2592162
gouda_toshirou,613409
serizawa_fumino,2942137
munakata_hinano,4745428
lee_sin,5467686
kashima_hiiragi_(given),7554942
zilu_(project_moon),9749826
fuuchouin_kazuki,588913
howan_(show_by_rock!!),7820020
julius_will_kresnik,1900954
ciela_(yuuhagi_(amaretto-no-natsu)),5727682
tamoto_(genshin_impact),7983748
quaxwell,9567871
sonogami_rinne,8462570
miho_(last_origin),3724521
karla_(fire_emblem),51708
gabite,6681748
mamiya_takuji,7135454
kuwahara_sayako,168457
doppel_(monster_musume),6527071
dudley,6924984
yu_(bosshi),7090010
ran_straherz,1988400
zero_(zero_kara_hajimeru_mahou_no_sho),2748284
shishigami_leona,6848754
meracle_chamlotte,6106968
worker_(lethal_company),7124078
xerxes_break,10048191
manabe_itsuki,7303449
yuasa_hiromi,198824
blast_onepiece_(umamusume),8491733
kirin_(gunvolt),9111843
kagura_(inuyasha),645817
lewisia_aquablue,7499101
ha-re_the_sword_mikanko,7946821
yasuyori_(housamo),6487354
innes_(fire_emblem),2821769
ph1lza,8162020
presea_testarossa,655147
elza_straherz,2388669
bluesona_(bluethebone),4522490
shi_qingxuan,8986269
ratchet_(transformers),2757472
june_(hyyun_ho),9874850
risette_twinings,8498771
izayoi_sonosuke,3510903
sagimori_arata,4997687
juuichi_mikazuki,8794479
inami_anju,6843044
beagle_(arknights),5496072
milinda_brantini,2660408
tao_pai_pai,8240071
juzumaru_tsunetsugu,9701079
delphinium_(darling_in_the_franxx),9238850
ayato_utae,9208273
yuumi_(league_of_legends),6607843
kamen_rider_gotchard,7558823
madeleine_cookie,8574367
mona_(2ch),8124622
kaede-chan_(higuchi_kaede),8726379
kaminagi_ryouko,204244
atago_kinue,9826560
quirrel,8485067
sarya_(granblue_fantasy),3418375
delmin_(show_by_rock!!),7093374
akagi_wen,6701562
aladdin_(disney),9502625
chinatsu_remiel,9792586
shiro_(mignon),8825055
strike_freedom_gundam,6125254
dikke_(reverse:1999),6815663
penguin_keeper_(diva),7512792
hiratsuka_shizuka,2007004
enraenra_(youkai_watch),7797659
perisie_(star_ocean),8240817
yamawaki_bon_ivar,6019315
mari_(dream_c_club),5674820
mugen_mochi,9075045
lydia_macarthur,10050030
you_jiujiu,7977920
kasugano_haruka,6086920
v_(cyberpunk),8691264
ping_myu_ring_(tandohark),3480320
agatha_(pokemon),4401282
vanilla_(arknights),5619209
kagami_tina,3247970
hanabusa_sumireko,2602486
leaf_nun_(diva),6903158
kurono_genbu,3382704
aalto_(wuthering_waves),7710599
minamisawa_senri,9815716
ruki_(senyuu),6020682
kasuga_maori,6121153
minagi_koharu,5520405
thwackey,3704354
narusawa_yui,7810695
sinanju,6084565
claydol,6822021
mikhail_(drag-on_dragoon),3107156
frederica_sawyer,5970393
tsukumo_kazuki,8281470
irvine_kinneas,6914757
clair_(fire_emblem),2856663
wilbell_voll-ersleid,1155350
komadori_renge,6365252
lieserl_albert_einstein,5572922
vermouth_(meitantei_conan),6286480
iwanaga_kotoko,7244120
aquila_yuna,8912852
seira_(mermaid_melody_pichi_pichi_pitch),3783060
tierno_(pokemon),4909889
sin_(nikke),6512833
ogata_rina,207269
traptrix_sera,8951417
usami_nanako,2202983
yamaguchi_tamon,2812716
nadia_rayne,7411286
ellis_(el_cazador_de_la_bruja),193970
yamiyono_moruru,3397966
aisaka_sayo,9808
osaki_nana,9958226
jazz_(transformers),8758969
katarina_(fire_emblem),3382675
koyomi_(shironeko_project),4164854
james_p._sullivan,8413583
skeleton_(minecraft),1148969
kaavi,5211569
lycoris_princess,7546351
walter_c._dornez,7305859
komugi_(hunter_x_hunter),8901756
auron,253301
takamiya_keika,8680030
elena_(project_moon),6474003
asahina_mikuru_(adult),5093537
tsuru_(love_live!),8919604
maeno_aki,7001609
piyoko,9518762
poltchageist,7375101
chris_lightfellow,67177
dominica_s._gentile,3396816
hisuian_samurott,6395993
konohana_hikari,67823
shaggy_rogers,3399853
hinata_mashu,6452552
poniko_(lielos),702022
riko_(machikado_mazoku),5421532
deepcolor_(arknights),5393731
vanellope_von_schweetz,8403269
zato-1,5354146
professor_birch,6138711
prince_(sennen_sensou_aigis),5786853
nosa_kouko,4257340
millia_jenius,5977878
aloy_(horizon),7677106
kiyoura_setsuna,8645
uno_(nanoha),406256
brey,711952
maeda_keiji_(sengoku_basara),8307308
laslow_(fire_emblem),2843992
investigator_(watson_amelia),8229669
asuka_r._kreutz,6804058
angemon,6400590
onishima_homare,3633962
mizutsune,3500499
hamburglar,1073469
kamura_(rain_prophet),6533052
amanomori_shou,9469314
tapris_chisaki_sugarbell,2670744
superbi_squalo,1040297
whitesnake_(stand),5969794
laevateinn_(phantom_of_the_kill),8005074
masou_shizuka,8388388
kitakami_futaba,6194386
ichikawa_kana,6204896
altina_(fire_emblem),3700055
kaminari_ai,1038788
mimori_suzuko,2407675
ajna_(indivisible),2198276
yamaguchi_kisaragi,4793277
ed-chan_(edkuroki),7080543
marluxia,8984827
u-81_(azur_lane),8253518
hinata_(pure_pure),57966
vivia_twilight,6862548
colt_revolver_(girls'_frontline),3299452
cerberus_(last_origin),6006414
blue_mage_(final_fantasy),657970
sakuragi_mai,5487813
gundam_gp-02_physalis,7924877
protagonist_(light_and_night_love),9016596
rikuo_(darkstalkers),9744430
bonanus_(genshin_impact),5416844
cornelia_(umineko),503929
nanami_izu,8993040
cliffjumper,2567022
norton_campbell,6898321
jonathan_kent,2860860
hal_emmerich,4385470
kitaoji_sakura,4202707
ayano_aishi,2509650
menace_mamaki,9254980
penelope_(hathaway's_flash),7089610
shirokane_aki,5658330
reni_milchstrasse,7963004
gamma_1,8162250
sister_almonde_(nyantcha),6802470
airi_(satosi),3567591
rufflet,5844836
kagura_(senran_kagura),6220796
violence_fiend_(chainsaw_man),5398214
mametchi,7011928
kurusugawa_serika,9202849
doctor_doom,8932231
randall_boggs,8772532
hinokuma_ran,3503886
seto_mitsuki,5658375
misha_(pita_ten),5133915
enigma_(reverse:1999),7139973
kurusu_rin,9772637
kukuru_(dq8),8337026
chouhi_(koihime_musou),544199
metang,4979511
gothita,9521779
shen_zechuan,9089700
bungo_yayoi,5930167
fujiwara_aya,4851460
ran_(shugo_chara!),223867
asahina_arumi,18184
beartic,6829049
huai_tianpei_(arknights),7460590
gaogaigar,3399375
ippan_josei,8026247
raidy,372779
carvanha,3881325
youko_(tactics),8963319
itou_hikari,9042530
bibarel,9444205
saotome_rei,9144791
dunban_(xenoblade),1032462
dark_chao,8975708
lorem_(mazohaha),5203065
great_fairy_(zelda),6075496
qbz-191_(girls'_frontline),7467516
red_panda_(ex)_(kemono_friends),8983335
meili_portroute,9634847
samarie_(fear_&_hunger),7750063
aperture_science_weighted_companion_cube,7655370
mikumo_osamu,6537626
walrein,3420970
marcia_(fire_emblem),4920205
imu_(senran_kagura),7153964
dororo_(keroro_gunsou),8432370
kawajiri_hayato,2188246
calcifer,9009016
hata_matsuri,9398893
misakino_kukuru,7387943
asuka_hina,3353279
mario_(pripara),7275951
fomantis,2441130
magcargo,5726864
noel_cerquetti,3195528
murmansk_(azur_lane),6063542
aaron_(pokemon),5323998
irie_kyousuke,5432497
abyss_watcher,3871324
bluecher_(azur_lane),5625479
aida_rikako,3602574
yashiro_kasumi,5952268
huntail,3427866
hal_jordan,6326253
acguy,8134426
lymle_lemuri_phi,6185053
naba_chizuru,268313
kaho_(sister_princess),96780
gaelio_bauduin,7627369
amagai_ruka,9240202
riddhe_marcenas,4312241
wyrdeer,4713328
m2hb_(girls'_frontline),6919218
mare_s._ephemeral,6425857
isabe_(girls_und_panzer),6361406
yukimura_chizuru,7418015
jaina_proudmoore,7157817
ankokuboshi_kurome,4196442
peppy_(honkai:_star_rail),7012871
haze_(arknights),3564817
player_character_(roblox),7208667
fumika,211031
galarian_slowpoke,3743245
rollo_(tales),8225367
watanabe_tsuki,4299715
mimosa_vermillion,7010211
aizawa_inori,1651637
fat_cat_(ff14),7570518
azama_(fire_emblem),2793836
stechkin_(girls'_frontline),3260801
aikawa_aika,9756879
nojiko_(one_piece),6504373
accelgor,6294547
amamiya_manami,9009828
matoimaru_(arknights),3565076
angoramon,7453293
crescent_(azur_lane),2873670
lucy_(pokemon),4403875
pish,3259495
nila_(telepurte),8062968
hayama_kotono,99662
little_sister_(navigavi),4270093
cynthia_lane,606631
vile_(mega_man),3092667
rowen_j._ilbert,1249029
zena_(project_moon),9378389
navigator_(alchemy_stars),5416172
lemrina_vers_envers,1945258
kajiwara_sora,640146
ramiel_(evangelion),7069539
tom_(tom_and_jerry),9164251
fujiwara_no_sai,7549467
fuumin_(youkai_watch),9641892
kouyama_mitsuki,9300444
lopera_(reverse:1999),9853953
rinkou_ashelia,7196434
prometheus_(mega_man),9017160
pavia_(reverse:1999),9594268
tira_misu,6280623
shi_zhaoying,8217707
watanabe_(pgr),7084416
suruga_(azur_lane),3469301
glow_pikmin,8735073
granberia,6199480
alisa_(pgr),7853957
yamada_jiro,9506935
android_(blue_archive),9266727
santa_claus_(chainsaw_man),6951508
kushana,8770607
gumchi,9420255
chang_chun_(azur_lane),3017587
hamakawa_ayuna,7624008
sousou_(koihime_musou),5803605
sharla_(xenoblade),6972975
mio_(arknights),9874494
midorikaze_fuwari,7377051
nishigaki_nana,4021237
acfun_girl,5497533
roynase_(msa_(fary_white)),6638005
pohwaran,6735192
dandy_(space_dandy),9445090
tuka_luna_marceau,2103924
polar_bear_(kemono_friends),2979064
dragon_lord,9997787
asmoday_(genshin_impact),7630558
oczy,9784746
argo_the_rat,4476956
metalgarurumon,8872131
ozu_shion,2413479
chester_burklight,5846300
earl_grey_(girls_und_panzer),3253778
empress_(dmfd),7686584
take_(kancolle),4336525
nishiura_sora,8011738
mugendramon,6476608
nino_(arakawa),1272711
j_(reverse:1999),8477894
kricketot,9444220
handler_(monster_hunter_world),3437176
konoe_subaru,7267661
kuroki_francisca_yuria,6642510
ayamine_kei,6904149
kelda_(akairiot),3392879
asselin_bb_ii,2403922
arcana_(nikke),9343817
watanuki_kimihiro,9113885
alain_(pokemon),5338381
nadie,144395
dekomegane,7056971
blue_(among_us),9048342
houjou_(takagi-san),4930568
makoto_kagutsuchi,6492653
svarog_(honkai:_star_rail),6360273
kohiruimaki_karen,3310994
taki_suzuna,7471412
sekine_moeko,6609453
rinu_(stpri),7989141
kayano_kaede,9638430
isuzu_(azur_lane),6081735
y-0_(generic_ooban_yaki),9731062
itou_noemi,3030
nora_arento,8698191
tarountula,6767411
aihara_nana,31192
aries_muu,9109247
soma_(closers),6653503
clear_(djmax),7874116
amatsuka_tsurara,221681
ujiie_mutsumi,9211977
boise_(azur_lane),4564781
tachibana_ginchiyo_(sengoku_musou),300831
uchida_yuka,1745765
hikasa_youko,954922
fuwa_(precure),7424270
bonsly,7902879
andrea_davenport,7500479
inogashira_gorou,3005560
cassiopeia_(league_of_legends),6006264
clio_aite,6586183
kosaka_chihiro,7233206
fennel_(pokemon),9582436
highmore_(arknights),6149234
professor_laventon,4712899
makimura_kaori,9194521
silque_(fire_emblem),2689056
slokai_(iron_saga),3462669
heatran,7080700
luc_(suikoden),9821084
kagura_chizuru,5583168
xiaolang,2309872
kagano_ai,745801
nyarlathotep,2526046
rose_(mahoutsukai_rose_no_sado_life),5989231
umihara_kawase_(character),9110721
mori_tatsuki,6334047
choko_(arc_the_lad),6370609
mammon_(reborn),140251
maniwa_roka,6981085
mountain_hare_(kemono_friends),3219786
monster_kid_(undertale),2456501
maya_(aoki_hagane_no_arpeggio),1582518
hana_macchia,4941378
hilda_ware,4404773
minato_matsuki,7582233
nilgiri_(girls_und_panzer),7105868
hassu,3356361
elise_liedl,7518757
blitzcrank,4473973
touin_rina,6042978
nyx_(queen's_blade),6915009
minato_aya,2853575
sayo_(voicevox),10047896
tino_ashberry,9637318
nelly_(xyronii),9008698
trance_(hijiri),2299448
coco_(tongari_boushi_no_atelier),5947553
inu-t,3374147
shiinotic,3257204
liltotto_lamperd,8163707
saji_crossroad,8379634
seeking_the_pearl_(umamusume),3076113
kaiba_mokuba,7529499
torbjorn_(overwatch),2631021
thea_(fire_emblem),3437380
hisuian_sneasel,5243198
kimiyoshi_kazuho,9051808
marshal_(pokemon),6237692
naihe_(male)_(touqi_guaitan),7967723
amber_(darker_than_black),192044
kashimo_hajime,9614665
kazesawa_sora,2654197
hato_kenjirou,1132573
kamen_rider_2,8095152
joe_higashi,9539538
hina_misora,5674210
neon_(valorant),7438285
paldea_mother,5844365
baigaoji,10016006
deren_(path_to_nowhere),7328897
musubime_yui,7829090
ulrich_(reverse:1999),8568728
orchid_(arknights),7995783
shiro_(fire_emblem),2940072
akimoto_katherine_reiko,8370208
finn_(fire_emblem),5470392
lorelei_(reverse:1999),8841424
lear_(pokemon),4969146
airi_(ogami_kazuki),5021111
lancet-2_(arknights),3756740
shima_tetsuo,6615568
nekoyanagi_kirio,8419799
trinity_student_(blue_archive),6961386
ayuhara_natsu,95736
gradriel,640
cissnei,7628507
larry_butz,9194933
kawakami_gensai_(fate),10040896
mike_haggar,3633604
alex_louis_armstrong,2652758
enma-chan,4270977
mikogami_riko,1108785
tachibana_misato,3015065
ameno_hitsuka,3272750
craig_boone,8965115
virizion,5725266
thief_(disgaea),9876295
de_la_fille,2195195
donkey_(kemono_friends),7070995
oribe_shiori,1509765
habara_(danshi_koukousei),1145339
mu_qing_(tianguan_cifu),9376565
eagle_(reverse:1999),8515369
yohack,7482877
kujou_subaru,5307988
collin_(pikmin),6992041
strea_(sao),3438544
kudou_chitose,3522067
aoyama_kotoha_(mitsuboshi_colors),4407825
massachusetts_(kancolle),9167038
rorschach,1175065
matsuhime_mujina,3318594
aoba_kozue,8845257
slayer_of_demons,9469452
alice_lendrott,9883793
yufine_(epic_seven),3590344
agoshi_sakina,6034421
niihashi_noel,6833736
alois_trancy,1342392
renga_(yakihebi),5707477
nuzleaf,6018685
yuzu_(konohana_kitan),3032009
roxanne_(isekai_meikyuu_de_harem_wo),3903826
souen_chiaki,5777042
bastion_(overwatch),2453914
erika_wagner,3405547
ledian,3630506
shirogane_souju,38
makuhita,6980363
uesugi_kenshin_(rance),141084
wachi_yuri,2105598
irene_(red_velvet),7842689
chinatsu_(suzutsuki_kurara),8953596
sean_matsuda,9525664
urien,4224270
flower_girl_(yuuhagi_(amaretto-no-natsu)),4572583
serilly_(puyopuyo),1431395
spritzee,9561238
kobayashi_rindou,6794598
haerin_(newjeans),7202438
xerath,5178438
tynamo,9538122
kiryu_kyosuke,7062928
fiorayne_(monster_hunter),5506439
ultraseven,9638048
ena_(ena),9744056
locusta_(fate),9257957
rorisakyubasu-chan_(mochiyuki),3368082
link_(shounen_captain),7314402
hyuse,6055225
rudy_(ikeuchi_tanuma),5533027
karasuma_chitose_(girlish_number),2528420
fire_emblem_(tiger_&_bunny),1193427
zethia,9547070
surge_the_tenrec,8257287
murakami_natsumi_(negima),202676
motoba_kirie,2118822
fenrich_(disgaea),6826119
laojun_(the_legend_of_luoxiaohei),4919771
lauda_neill,9018917
yagatake_arashi_(nekoarashi),3369095
ellen_(majo_no_ie),6604769
yancy_(pokemon),8568008
pazu,7426951
professor_burnet,8331109
barboach,3269572
otto_suewen,9782185
gambit,9412703
gunslinger_(ragnarok_online),7298192
daidouji_(senran_kagura),9428029
ban_(nanatsu_no_taizai),1550455
theodor_bachstein,1628339
potemkin_(guilty_gear),3380715
shinozuka_arashi,12417
denver_(azur_lane),5635498
kasane_ao,5784961
johnny_storm,9920980
jhin,5847048
rathian,6038115
biburi_(precure),3143559
yukina_(yu_yu_hakusho),3604515
aatrox,6534770
bobobo-bo_bo-bobo_(character),4234960
black-tailed_gull_(kemono_friends),6510354
killjoy_(valorant),5744285
stahn_aileron,9218083
sonomura_maki,8330657
yasaka_kazuki,5160200
jelee-chan,7593134
ayame_(tenchuu),8016669
yami_marik,4751697
team_rainbow_rocket_grunt,7101537
mikado_(blazblue),5413381
himuro_mizuki,8577657
tyrfing_(phantom_of_the_kill),8044092
flamigo,7341377
keith_claes,5726004
momose_narumi,3605125
hokaze_junko,6803025
xue_yang,9203888
karasawa_toshiyuki,8597569
female_majin,8230553
fukaziroh_(sao),3431453
sajou_manaka,9228109
madeline_(woofycakes),3785302
kukuru_(arc_the_lad),5373711
nekoha_shizuku,3623213
chika_(princess_connect!),5656055
camilo_madrigal,9528577
suu_(shugo_chara!),8189603
furukawa_akio,8032347
higuchi_seika,7313775
ak-47_(girls'_frontline),4837409
irisdina_bernhard,998908
fox_girl_(togutogu),6986260
london_(azur_lane),3277032
kazemaru_(arknights),8705516
soma_cruz,8125563
takase_rio,9676245
lechonk,5398072
ii_(ayanepuna),3387396
sei_asagiri,9324501
kon_futaba,3290140
youtou_hime_(onmyoji),5528104
kawasaki_saki,8003500
ortfine_fredericka_von_eylstadt,2535833
han_solo,5945910
fritz_rumey_(azur_lane),8643926
elle_vianno,6280151
hasegawa_fumi,3395582
molly_mcgee,7990857
fujisawa_yayoi_(uchuu_no_stellvia),26744
ikeda_emi,6255992
hela_(marvel),9572211
ranpha_(princess_connect!),8938747
tri-brigade_ferrijit_the_barren_blossom,6324928
setzer_gabbiani,4556202
yukime_(jigoku_sensei_nube),6897325
natsume_kako,2917070
paptimus_scirocco,9102858
koashi_mutsumi,9188197
belfraw_martini,9763771
overhaul_(boku_no_hero_academia),5286017
jecka_(class_of_09),7749139
goombella,9148400
haibara_yu,6957573
sarasa_hanna,6109889
gligar,9402784
nishijima_kai,1453306
leon_geeste,7270483
oziko_(ooji_cha),3192242
manbagi_rumiko,7622884
izumi_kiri,9209932
tasogare_mimi,9540009
father_(diva),6913138
himuro_kane,157073
shinjou_akane_(new_order),6862554
anne_shirley,611668
solana_(pokemon),5399306
hasegawa_mii,9702475
maeda_shiori,4625442
takeda_shingen_(fate),9425407
queen_mirage,9565325
ghost_devil_(chainsaw_man),6000198
kishimoto_maria_mirai,6744261
eltolinde_(unicorn_overlord),7732794
imp_(doom),5532681
talos_(housamo),7022800
caterpillar_(alice_in_wonderland),3419946
oswald_(odin_sphere),2695012
pokemon_ranger_(pokemon),8576432
rowan_(mabinogi),9435063
melty_q_melromarc,10046147
hanako_(disgaea),6799282
garnet_(steven_universe),8251663
shiranui_akeno,225631
kamen_rider_kaixa,7418632
nozama_tomoko,999503
paine_(ff10),8529315
hizack,9127112
kasei-san,2542081
kanade_suzu,4642893
kumagawa_misogi,5558134
sienna_(henken),8036256
king_kong,8949960
omega_alpha,5076329
nagase_kotono,6929354
spica_parfait,9017410
tea_party_militant_(blue_archive),5143385
washio_sumi,3518508
makibi_kiyone,6601996
amane_tsukuyo,7793184
mizuno_midori,3592730
renka_(senran_kagura),7378018
orpheus_(identity_v),6136957
pulao_(pgr),5082396
note_(dragon_ball),5768615
azazel_ameri,5845888
ivan_the_terrible_(fate),9173513
hanagaki_takemichi,4468629
vampirella_(character),7670510
amira_(shingeki_no_bahamut),5771844
roland_(fate),9243716
kudou_jun,2093131
mutsuki_(iroha_(iroha_matsurika)),6507082
pandora_(re:zero),8653797
kagami_masara,2831192
aoba_chika,9146655
sasha_(animal_crossing),8568186
mars_people,262880
chirico_cuvie,4160083
swain_(league_of_legends),6140045
ver_vermillion,7810423
ash_(phantom_brave),7777319
inose_mai,7768760
alice_(disney),9641261
lloyd_asplund,7208370
turtonator,9563062
genzuki_toujirou,6883063
shirouzu_mairu,1201885
amami_haruka_(idolmaster_xenoglossia),126433
nakaji_uto,9335612
isurugi_noe,185024
inferna_dragnis_(xoldrek),8519477
tokitou_yuichirou,9907859
yuriko_(gnosia),8649948
trevor_(pokemon),5882472
van_hohenheim,6532438
shiratori_amaha_(re:stage!),6257627
padme_amidala,9566986
sena_airi,6012372
amano_mishio,6704766
himesato_maria,7378081
okazaki_kei,6107724
sylvia_sherwood,9879915
zenigata_mawari,133013
maaka_karin,17204
takadate_orie,6722293
melleau,2091400
ogasawara_rinko,1955969
seha_lee,6771628
perl_(go!_go!_gris!),6532110
hanpen_(love_live!),9072642
kurashima_chiyuri,1169495
olivia_(paper_mario),9032853
patches_(fromsoftware),6786119
lon'qu_(fire_emblem),3545914
fuyumine_naoto,562542
shalnark,5812922
kyle_dunamis,8326527
ledo_(suisei_no_gargantia),1407325
kasane_ted,507072
korilakkuma,8129339
koron_chris,2356875
balloon_party,8712216
yulie_ahtreide,850785
kura_satomi,8838196
bunny_(trickster),8735536
julietta_juris,7627360
noa_(granblue_fantasy),3735023
yhwach,7568318
lycoris_fubuki,6105552
nene_nene,9597573
kagetsu_(fire_emblem),7235936
swalot,9420333
kishima_kouma,8194469
seol_young,9012677
flandre_(azur_lane),6489328
jinguuji_ren,5299643
harune_aira,8995879
ragdoll_(boku_no_hero_academia),5220162
bard_(ragnarok_online),9173033
gumball_watterson,3915198
hamtaro,3002070
quan_(fire_emblem),3393552
ning_rongrong_(douluo_dalu),5819505
hiiragi_kozue,9690581
cham_fau,5453337
toomi_yuna,2150159
kasia_mikolajczyk_(silverfox442),7989519
maika_(ogata),8565974
aurora_(azur_lane),3569137
amagami_yuna,9900572
kanan_(kanan-sama),5409379
mochizuki_ayako,8190932
sagami_jun,3111546
celestine_(letmebid),8420725
classy-black-haired_girl_(hayabusa),7050412
rafal_(fire_emblem),8870694
black_knight_(fire_emblem),2855773
hinomaru_(kotoba),1013412
michelin_man,6673669
lin_(tower_of_fantasy),5844044
eli_clark,6898300
crystal_maiden,5375183
shoji_mezo,3561453
ivlis_(funamusea),7685665
usuta_sumire,2596189
seth_(closers),6787599
thanos,3777235
heliolisk,4718379
luthier_(fire_emblem),8576025
agil,2350628
honjou_kasumi,9702456
andrew_hanbridge,6155768
tsukishima_maira,4873827
jia_huan_(project_moon),9957366
yumeoji_shiori,4504687
mimizuku_(sky:_children_of_the_light),5516585
glamrock_freddy,9175666
jianxin_(wuthering_waves),8353560
kawasaki_sakura_(idoly_pride),6758611
manah,9196056
gowther,7200346
eda_(black_lagoon),7251765
cobra_(space_adventure_cobra),3079843
cassandra_(tangled),8523082
gordon_freeman,90872
makita_yuzu,8023662
erenville,5054141
sekino_roko,4238505
n_(murder_drones),8666207
ellis_(toushinden),5471023
messer_ihlefeld,6361172
tsugino_haru,7141990
kaden_(fire_emblem),8547607
victor_von_gerdenheim,8536076
kamio_haruko,31750
ritsu_(kemurikusa),4173540
galarian_zapdos,6454892
ultra_magnus,2686186
yuna_(mega_man),6681301
amitie_florian,6428440
kinoshita_shizuka,727988
penny_crygor,7319472
henriette_mystere,803066
minami_touma,1343872
aladdin_(sinoalice),3659826
rita_(sweethex),5736243
revive_revival,392544
kannazuki_aoi,9634400
gossifleur,4006596
gyuutarou_(kimetsu_no_yaiba),7133263
haruka_(sister_princess),266707
bow_(paper_mario),7027567
qin_yi,8959441
spice_girl_(stand),9285275
mikoto_(ff9),9006578
natsume_an-an,9832053
horropedia,6828385
oyama_mahiro_(male),9538468
suou_tamaki,6040759
gretel_(black_lagoon),8892244
leivinia_birdway,3550591
asahina_momoko,3061909
tulin_(zelda),6523224
uni_(vocaloid),7558682
tougi_shiro,177394
anakaris,9744354
asami_kei,7550494
sugiura_midori,914200
soft_&_wet,5450745
sir_aaron,9601161
flippy_(happy_tree_friends),7777234
kim_jaehee,6754010
sync_(tales),3524722
air_man,430065
reyna_(valorant),7411722
satozaki_kiko,4010713
reginn_(fire_emblem),5425993
alice_wishheart,5974768
miyazawa_fuuka,4850599
claire_elford,7360764
ruca_milda,6321093
kurosawa_minamo,7013537
oosaki_(ooe),9877895
wolfychu,9376311
kanbara_takuya,5025804
ariana_(pokemon),5667193
ar-57_(girls'_frontline),7506166
avgust_(reverse:1999),9278995
freckles_nun_(diva),6886071
maya_(dq11),7139082
nipako,5676167
vivian_(mvv),7495933
kunizuka_yayoi,1420161
scout_(fantasy_earth),222686
olu_mel,9454154
javid_(shamash)_(dislyte),6374538
kagura_(onmyoji),2574320
fighting_fefnir_(mega_man),240557
etihw_(funamusea),7198587
morino_kirin,2216074
monarch_(amalee),5857679
anastasia_valeria,9483749
umise_yotsuha,5795768
sheriff_woody,9103410
aizawa_chizuru,1008994
chacha_(akazukin_chacha),2684588
yakushiji_megumi,5201880
endou_yuuji,6591900
glenn_quagmire,8381292
kurosaki_shun_(yu-gi-oh!),8250956
belafu,5997995
kcalb_(funamusea),7198393
amumu,9919823
aster_(granblue_fantasy),7944867
sidoh,9125189
suzushima_arisu,8555249
guild_girl_(goblin_slayer!),3398355
teramoto_tomiko,3589385
python_(fire_emblem),2690025
dokuga,2225711
peony_(pokemon),5056260
shiki_(yuureidoushi_(yuurei6214)),3277432
medea_(dq8),8625560
amatsume_akira,371395
speed_symboli_(umamusume),9491191
rico_(gunslinger_girl),7379456
sagara_misae,257646
kurashiki_akane,9623103
habanero-tan,8725941
aburame_shino,9850782
marino_(mega_man),3886120
ultraman_zero,6594212
magneto,9729629
andre_grandier,7029474
darley_arabian_(umamusume),6657507
villager_(minecraft),7961754
yamanashi_hibari,6434353
tikal_the_echidna,7031012
gnosis_(arknights),4993844
teresse_(brown_dust),7697414
tabitha_(pokemon),1715211
marian_(nikke),6242289
twenty-fifth_bam,9497682
dahlia_hawthorne,6040749
rosette_christopher,67504
ooshio_(azur_lane),5826859
oosumi_kanon,9924781
aibo_(gorgeous_mushroom),8586026
kali_belladonna,2521873
odin_(fire_emblem),2843988
shijou_mitsuki,44758
alvis_(last_origin),6053591
kitami_sawako,5223417
mitama_mayo,989868
female_master_(the_tale_of_food),6758539
kurohara_tokio_(choujin_x),7465766
sekka_(kageshio),1966572
mori_sonou,54899
briar_(pokemon),6571340
fuyou-chan,7913517
asou_misaki,1043903
furusawa_yoriko,5718244
brownie_(last_origin),5117293
mera_azusa,6883828
lan_fan,1284656
dante_(nu_carnival),5684612
blonde_girl_(itou),3131616
ideura_shizuri_(neet_kunoichi),9745891
demyx,9064965
gelato_(jojo),8673064
tomoe_tamao,7506675
shindou_hikari,9593852
charjabug,4751878
praxis_(xenoblade),3546801
machiroon_(machina_x_flayon),9025622
noah_(fate),10011509
monkey_d._dragon,7189026
amane_tsukasa,7796611
jetfire,2587365
whiscash,9426555
yuugure_(kancolle),6106081
tokura_eiko,3609088
jane_t._godfrey,3544546
johnathan_mar,1161086
leo_whitefang,6898636
imaizumi_(imaizumin-chi),5502940
tania_(little_witch_nobeta),8364141
setsuna_(miraichizu),5830242
fear_kubrick,1031203
raraiya_monday,8015270
kagura_mutsuki,3355079
maes_hughes,4362
judge_(girls'_frontline),5047714
ashley_taylor,8051443
sarugaki_hiyori,6119901
gaia_(another_eidos),9827248
kannagi_cocoa,1115394
dazzi,9357031
metabee,6378526
rengoku_senjurou,5453071
todoroki_fuyumi,7611283
exdeath,366561
aquarius_camus,5731479
fiora_(fire_emblem),2724037
moroha,5952670
rosseland_(genshin_impact),8196251
independence_(azur_lane),5666340
eruka_frog,321955
secretive_plotter,9958130
koiwai_yoshino,6164737
edogawa_ranpo_(bungou_stray_dogs),6549561
yonebayashi_saiko,3362669
tsukuyomi_(ff14),5022967
mandalay_(boku_no_hero_academia),9107418
leon_magnus,8329990
star_sea_(nikki),9919252
goenitz,4384765
miyabi_shigure,7807960
kevin_(seiken_densetsu_3),8058378
elisa_(girls'_frontline),3403075
hinasaki_miku,8797
aradia_ravencroft,7609256
hoshikawa_kaguya,6418420
kabuto_kouji,6164284
kitagawa_mahiro,7965110
filia_ul_copt,885053
kayano_futaba,5658347
mia_flatpaddy,1126267
makino_mitake,5696798
jusis_albarea,6997234
keaton_(fire_emblem),2286985
nidothing,7364858
wave_the_swallow,8435502
suzu_(torikissa!),1853965
kaminogi_haruka,6960955
emma_the_gentle_blade,3481767
yian_kut-ku,7326434
kongou_iroha,3363829
karin_koenig,6643356
peorth_(aa_megami-sama),9379245
zima_(reverse:1999),6815429
marl_(shironeko_project),5303125
wuk_lamat,7851342
kirin_(monster_hunter),3008276
quatre_raberba_winner,4704643
tove_(nikke),6982325
kawada_tomoko,59985
demiurge_(overlord),9777216
higashimitarai_kiyoshiro,7453255
sasaki_kotoko,8256951
mokota_mememe,3682687
kurosawa_haruto,1934886
jeff_the_killer,6210517
yandere-chan_(ramchi),3886588
reinhardtzar,6871068
chang_wufei,5338937
namae_(magia_exedra),9547821
sissel_(ghost_trick),843274
blaine_(pokemon),4754635
gogoat,5570522
enel,8138589
impidimp,3865222
sein_(nanoha),349416
rindo_(vrchat),9082612
gundam_age-1,4486782
peashooter_(plants_vs._zombies),8408839
shirley_warwick,6045934
fujibayashi_suzu,5468299
rivalz_cardemonde,7204403
aesop_carl,8013156
fox_wife_(batta_(kanzume_quality)),3842320
sera_masumi,9556300
amaui,7146345
akimichi_chouchou,5474306
panne_(fire_emblem),7689538
protoman.exe,7347224
dracula,8389955
haijima_ginka,8696625
envy_elika_(koyashaka),8926708
obi_(1hp_club),9830139
yamaguchi_ryoko,6356969
akama_ichibee_(katsumata_hiroki),9754865
mana_(yu-gi-oh!),9412236
finn_ames,7552051
yun_(simoun),65740
honeyberry_(arknights),4882964
king_bradley,8141996
koinu-chan,3400009
sanjouno_haruhime,8345826
shitaisan,6447508
tryndamere,5825383
chaos_aurora_(grimms_notes),7612155
delita_heiral,6915097
griffon_(last_origin),5222690
megaera_(hades),6028950
renee_costa,5919948
loli_ruri,6556934
admi_(nikke),6130825
heracles_(housamo),3827078
berezovich_kryuger_(girls'_frontline),6218762
makia_(fushigi_na_neko_no_machi_meltier),7418145
lyon_(suikoden),6431457
ayase_chihaya,3427063
adam_(hazbin_hotel),7443536
ex-s_gundam,4931253
kazamatsuri_matsuri,6127145
akasaka_miyuki,9052817
ufo_(kirby),8480541
yamabuki_kasumi,4528980
yuuki_mizuho,4705539
desha_(ousama_ranking),5488581
byerley_turk_(umamusume),6657518
myrrh_(arknights),4622820
snake-eyes_poplar,6777861
takamatsu_(angel_beats!),2023571
tendouji_musubi,5178576
olivia_(fear_&_hunger),8851540
jerry_(tom_and_jerry),7999152
leto_(arknights),8878806
yoizuki_(azur_lane),5061427
king_george_v_(azur_lane),7295446
june_(squeezable),6930011
zhao_linger,6851452
azusagawa_kaede,9772478
shimabara_yuuhi,9378871
chibi_chibi,6302039
dwebble,3881320
julius_juukulius,9782138
nemurin,6557399
chiaki_riko,7204810
kohaku_yuri,9059796
cazador_szarr,9598472
peter_pan_(disney),9238562
shao_siming_(qinshi_mingyue),5495331
grimnir_(granblue_fantasy),3478497
braum_(league_of_legends),7877984
tingle,9854794
suffolk_(azur_lane),2977986
orchid_(maplestory),7547115
pastel_(twinbee),7650160
moira_(overwatch),6033247
nagase_mana,6494993
richard_p._leary_(kancolle),9295365
jogasaki_noah,9832067
oscar_(fire_emblem),2855777
sugisaki_miku,919095
anemone_(flower_knight_girl),3157580
harumi_kajika,1935345
ushiwakamaru_(ookami),9522598
slaking,8774906
media_(pani_poni),36143
bellona_(azur_lane),5382924
petralka_anne_eldant_iii,1550500
kanbayashi_shiori,6161526
takenaka_hanbee_(oda_nobuna_no_yabou),1250536
tyki_mikk,9850092
yao_(sdorica),6019287
catalyst_(apex_legends),5945847
izumo_fuuko,9520568
sage_(final_fantasy),4344401
ol-chan_(udon),8766002
sunflower_(plants_vs._zombies),9702860
valiant_(kancolle),7909997
goldbullet,6886236
the_chicken_that_appears_in_the_middle_of_cookie,7146130
irido_yume,8799543
tokime_(fuuto_tantei),8058241
trowa_barton,7627361
d'arce_(fear_&_hunger),8065079
page_one_(one_piece),7676769
mamiya_chiaki,7779569
metal_slime,2385023
healer_girl_(yuuhagi_(amaretto-no-natsu)),4306973
alexis_kerib,3295696
mai_(avatar),4617206
patrick_colasour,305283
jogo_(jujutsu_kaisen),7003590
oryzae-tan,180887
nimbus_(world_flipper),4556518
kakizaki_misa,55912
kloe_rinz,9187593
kurahashi_riko,3209924
volbeat,9417791
nekobus,4318644
phoenix_(kancolle),8161497
blue_dragon_(kemono_friends),7054598
ichikishima_mizuha,9702435
fungami_yuya,5241815
zeppy_(azur_lane),3483145
franz_schubert_(classicaloid),8689465
harumi_shinju,2006861
maltese_tiger_(kemono_friends),2722091
yori_(princess_connect!),8941882
primiera_(saga),6670765
ukai_zero,6875425
ikari_yui,5728603
little_illustrious_(azur_lane),6309322
sheep_(trickster),8735618
reml,6652644
professor_willow,5423779
kitahara_mio,1130664
oyama_matsuri,8300702
mild_mannered_pate,9085110
lua_asuka,8265213
sepia_belmont,7994134
tsukimiya_miyabi,7528804
mirin_(granblue_fantasy),3431082
loporrit,5442759
eli_conifer,4046140
albert_heinrich,8686565
helen_(idolmaster),7703758
kamisaka_haruhi,16059
annaka_haruna,8749923
robert_garcia,4381133
jintsuu_(azur_lane),3496335
android_16,2918020
kylo_ren,7225521
kitaooji_karen,9286363
pedobear,8034277
coopa,239653
akanishi_erika,6180131
yozakura_tama,3657593
nike_(mahoujin_guruguru),2920449
slender_man,9963371
maegami-chan_(tawawa),6504338
nana_(elfen_lied),8683339
anorith,10034451
scandinavia_peperoncino,8937591
ghost_(9-nine-),8241404
iki_hiyori,7107925
grubbin,9939686
gekiyaku,6624532
kondou_misaka,6065803
salmon_(kancolle),7704861
souma_ria,9125386
asai_miki,1517841
type_64_(girls'_frontline),2527803
grotle,3661707
shinobu_akira_(madoka_magica),9109606
malkuth_(blue_archive),9381938
sumita_mana,7238606
ayane_(princess_connect!),3777816
slaanesh,8294474
miyanokouji_mizuho,143824
marshal_(animal_crossing),3907369
leib_(housamo),9202307
furioso_(umamusume),8738014
nifuji_hirotaka,2801755
tsukishiro_monaka,9151971
suitokuin_tenmu,5922477
zexion,6647110
universal_bulin_(azur_lane),3618204
imouto-chan_(hamaken.),9413831
shima_renzou,9837427
leonne_(futagohime),4466
schroedinger_(hellsing),8655801
python_(girls'_frontline),3261138
hijiri_myouren,2426753
burnin_(boku_no_hero_academia),6043908
sealand_(hetalia),1034661
dracula_(castlevania),8971727
columbia_(azur_lane),3390540
eye_(okame_nin),4143409
seed_sr.,9659876
shrek,4344108
thing_(addams_family),6150874
sasaki_touko,6089511
rip_van_winkle_(hellsing),3417085
walking_wake,9284054
raifort_(pokemon),5966124
fuyunyan,9647740
namiki_meiko,4784186
yidhari_(zenless_zone_zero),9957608
klink,9016470
sera_(mega_man),754201
toudou_kasumi,939895
orochi_(youkai_watch),9683537
mozumi_pichi,9893511
frima_(nikke),8058505
isuzu_(log_horizon),3276656
fray_myste,3346113
oogama_(youkai_watch),9683455
mashima_moyu,7492135
roggenrola,2990605
kea_(eiyuu_densetsu),9185158
hazumi_aileen,7721205
hobby_(azur_lane),3366449
knight_of_despair,9750163
abigail_(black_survival),9207382
kazakiri_hyouka,2788494
ratatoskr_(fire_emblem),6952101
tateishi_shima,2382297
kaitou_reiko,6962007
tawara_touta_(fate),9142745
okiura_mizuki,6376882
burmy,9973999
nomura_taeko,2271632
randi_(seiken_densetsu_2),3450154
ieiri_popo,6856454
takasuga_tsukushi,5715000
niwa_hitomi,7997698
amazon_(azur_lane),2901581
terry_(dq6),9225402
gotou_jun,2930656
noodle_(gorillaz),1319423
hecate_(shakugan_no_shana),4485919
ichimonji_norimune,8453113
fyodor_dostoyevsky_(bungou_stray_dogs),5676686
harpie_girl_(yu-gi-oh!),5107290
chapman's_zebra_(kemono_friends),7952593
otori_tan,9929035
idea_(nagishiro_mito),6302135
tanemon,9389169
alexstrasza,7083731
fox_girl_(jaco),2864550
tearlaments_merrli,6609983
pickles_(reverse:1999),7718970
tiana_(the_princess_and_the_frog),8688165
dunyarzad_(genshin_impact),5625865
cat_baguette_(popopoka),6352668
lucky_chloe,4968154
shiina_mafuyu,8655733
sagara_sanosuke,9791792
kowata_makoto,2357171
kimishima_ayano,7170006
cz2128_delta,3343676
december_holiday,9785172
kalinka_cossack_(mega_man),5240254
valkenhayn_r._hellsing,2459129
blinky_(hunter_x_hunter),7825885
alice_l._malvin,84517
amoonguss,9533321
romance_(kpop_demon_hunters),9988804
kaguya_hime,8828367
tapu_fini,8736294
judgement_bird,5550838
violet_inboots,9052907
adam_taurus,8145492
warrior_(fantasy_earth),8382834
takahashi_polka,9293163
lucio_(granblue_fantasy),5020934
mikuni_sairi,6492328
kubfu,3743234
cherry_(saber_j),8774303
lamretta,6587505
thorton_(pokemon),9493291
garrod_ran,4704153
asagiri_gen,9748760
gu_yuena,5401703
chemist_(fft),8733222
suzutsuki_(azur_lane),8474001
mark_grayson,7973106
shirogane_sara,233
girlfriend_(yoru_mac),6835408
gotcha!_girl_(pokemon),8296586
steward_(arknights),5668750
qi_sili,8779487
marlene_(black_survival),9088918
kotohara_hinari,9926624
magmortar,9477296
boltund,5595422
minashiro_soushi,7204102
kartana,6822014
ohmu,1797840
arc_(arc_the_lad),6815843
fujiki_maka,7634243
kody_(pudgeruffian),6872057
zap_renfro,6637980
pallas's_cat_(kemono_friends),7072328
houou_karin,5658371
shannan_(fire_emblem),2660724
champagne_(azur_lane),7014878
guy_(final_fight),9516177
drapion,9974451
saitou_miyako,6510035
kayano_ai,4196858
fubuki_(nige_jouzu_no_wakagimi),8576780
galarian_articuno,4197209
ramina_(baallore),2372065
lena_liechtenauer,9855962
cinque_izumi,1377551
kaguya_(kagaminomachi_no_kaguya),2355499
leah_(airisubaka),8309199
yarizui_sen,2063385
tennouji_nagisa,3196009
rayet_areash,2449404
kokoa-chan_(pan_(mimi)),3007865
kurumi_(princess_connect!),3121200
sohee,9313217
elly_(tonari_no_kyuuketsuki-san),2533967
fujinami_ryuunosuke,9656934
hagiwara_kenji,4022082
sealeo,9433607
raffaello_(azur_lane),9315538
takenaka_hanbee_(sengoku_basara),8324165
shihoudou_narika,224430
asparagus_(girls_und_panzer),2559356
nonomura_sora,5005056
lazlo_(suikoden),5844432
miria_(iriam),7930245
solution_epsilon,7786256
ana_(warioware),7988199
magby,4499544
van_darkholme,6376476
macrophage_(hataraku_saibou),7421066
chloe_price,6745859
aile-kun,10034844
grey_(aotu_world),9645046
watanabe_ayasa_(jack_dempa),6580275
nakayama_haruki,6285203
miyama_kei,7160406
orla_(pokemon),7364816
qinglong_(housamo),7047420
charmy_bee,8114534
phosphora,9731543
angel_martinez,8936489
izumi_shiho,7745391
pineco,9402743
host_(obj_shep),5833413
chi-yu_(pokemon),9918519
kasukabe_haru,3486668
fei_long,5973458
taki_eri,657726
nonomura_ayumi,377305
sawada_marina,5499788
stephen_stills,6991185
traveler_(journey),9037593
ruby_(jewelpet),2947008
kofune_mio,6545338
harukawa_fuki,5824511
the_girl_(fear_&_hunger),8522665
mochizuki_himari,3627526
nirvash,4077230
miruku_(cutesu),4296435
alpha_omega_nova,2403949
hyakkihime,9175492
kuroi_kuroneko_(katsumata_hiroki),9331081
shizuku_(nige_jouzu_no_wakagimi),7885733
noyamano_ringo,638755
cana_alberona,9320242
orishima_kei,6460707
yamori_kou,9866592
skye_(hcnone),6577343
type_4_(girls'_frontline),3568933
severus_snape,954104
amy_(madoka_magica),4124976
grendizer,4302462
tezcatlipoca_(housamo),4071822
ms._hades,9651781
himuro_lavi,5784870
georgios_(fate),6590456
mendou_shuutarou,5032827
le_fantasque_(warship_girls_r),3298187
asahina_akane_(nijisanji),6465596
harima_kenji,51547
ringabel,1588777
mandragora_(final_fantasy),6962310
eydis_(sao),5605743
suzumura_yuu,6172492
asagi_marin,5553728
osiris_the_sky_dragon,4833416
kesa_kujiru,5774102
seraphita_(xenogears),8202634
awane_kokoro,9146969
scherazard_harvey,9872325
nanako_(chibikki),7261502
mimi-sentry_(flyingpiggles),6353634
kogami_ryoken,8817849
kamura_reiri,133323
alma_beoulve,9430195
shining_glitter_cookie,6923796
namori_(character),1763002
nagatsuka_saki,1484571
mizuguchi_aki,7343007
gray_fox,9569409
arashiyama_hotori,3824023
say'ri_(fire_emblem),7135794
lagiacrus,7821555
sunao_nako,4506006
sangou_shizuku,565975
isla_(kof),5848427
wakamoto_tetsuko,7713910
koromo_naruru,7152628
sorbet_(jojo),8673006
vanguard_(azur_lane),5382938
hira_hikari,5665612
kominato_ruuko,7499737
jehuty,5637725
olivia_(kureiji_ollie),9428997
kunoichi-chan_(iroha_(iroha_matsurika)),4560621
arima_kousei,2116614
misora_inaho,9683363
dun_stallion_(fate),3348843
mechanica_(arms),2758765
sl8_(girls'_frontline),8494547
succubus_(mabinogi),3453041
hero_(dq10),9630477
elisanne,5790148
kirara_bernstein,1382094
li-fen,5403314
nabooru,8545147
nefer_(genshin_impact),9671432
lee_ji-eun,3368652
asmodeus_alice,5841653
aldrich_devourer_of_gods,9537891
kiev_(azur_lane),5146758
koyuki_(kimetsu_no_yaiba),6015333
usapyon,2124564
flash_man,6242711
ilia_(zelda),9349496
mercenary_(zero_kara_hajimeru_mahou_no_sho),9728965
greece_(hetalia),854976
sanguinius,5282312
elsa_maria_(madoka_magica),9182926
kisaragi_saya,6659386
priscilla_asagiri,5600145
yuni_(yuni_channel),3142357
makomo_(kimetsu),3875009
wan_qing_(arknights),9257284
kizuchi_kanna,6196817
ajimu_najimi,1657431
khamsin_nbh'w,1696012
mashiro_rima,8283933
taneda_risa,7586202
amelia_(fire_emblem),7396211
a_knight_(reverse:1999),8487760
throne_anguis,8035602
kareha,12675
sakurano_kurimu,445307
connor_kenway,9411552
okumura_eiji,4020094
mikazuki_(azur_lane),3926988
bad_end_peace,5730645
moge-ko,8340945
ein_(nikke),8034034
rikimatsu_ariko,6179342
mordekaiser,4917153
yi_xi_(synthesizer_v),8227020
nekone_(utawarerumono),3332250
liss_meier_(koyashaka),5657803
setouchi_chie,8855677
mamoru_(sister_princess),997460
gretel_(otogi-jushi_akazukin),107669
rhyperior,9477207
muromi-san,1420096
pinne_(nikke),6266939
mikogami_nagisa,657026
lily_(duolingo),8268606
ogasawara_kaya,7564459
spore_(ragnarok_online),5000480
marie_(dies_irae),686131
shirley_medison,1148420
tuxedo_sam,4628273
jung_freud,9134021
katherine_mcbride,5970185
claude_(housamo),7223749
sasquatch_(darkstalkers),9755276
yagi_yui,5208641
luna_(fizintine),9435129
ziz_glover,2384181
july_(darker_than_black),563608
kageyama_hikaru,1031421
tsurugi_hina,6483140
azuma_hatsumi,313415
suo_kazusa,7195228
azami_(blue_archive),9343998
fiona_(zoids),6224381
tang_san,7486237
ravio,2625327
ansem_seeker_of_darkness,8158859
robo-ky,6688857
kuuki_shoujo,2888009
ariura_kanna,7303277
argos_(ff14),5769310
lance_(voltron),7058235
the_flash,4580935
layla_hamilton,23021
haruno_sora,3490169
hala_(pokemon),2452486
jk_mob-chan_(minami_aomori),9264031
freyja_(p&d),3070707
tachanka_(rainbow_six_siege),7020174
koshi_anko_(shikanoko),7543916
tsukiyama_shuu,3389539
spoink,8169426
admiral_zenker_(azur_lane),9606557
alomomola,9975325
nanase_suzuna,8788266
nase_mitsuki,1942498
mayling_shen_(girls'_frontline_2),7735950
coelacanth_(kemono_friends),6363356
nico_(devil_may_cry),7400195
lan_sizhui,9610408
lawrence_(shiro_seijo_to_kuro_bokushi),6751460
gummigoo,7582910
ramattra_(overwatch),7714525
minazuki_ruka,8618515
cherie_espoir,343954
chelsea_(akame_ga_kill!),5705328
oono_mayu,1294898
rodoreamon_(simoun),72991
honjou_satoru,6710029
tyrunt,3891793
rabite_(seiken_densetsu),7285510
jill_(fire_emblem),4106876
gilbert_nightray,710378
rena_(jiseki_rena),6598845
kisara_(tales),6710646
fukuhara_ann,7313932
mechagodzilla,3398908
saul_goodman,6131067
ps5_chan,5603602
rusalka_schwagerin,3476287
hoshikawa_mitsuki,7370524
ryuujou_(azur_lane),3340752
nishidate_haku,8284014
cranidos,9445338
charlie_su,7823610
minagi_hiyori,5029708
basch_fon_ronsenburg,2386150
yi_(nine_sols),8718963
sky_(sky-freedom),1365031
dust_(konosuba),9789710
kamen_rider_gavv,7944212
kurusu_yuzuko,155373
shirono_mirai,8451583
umegiri_hifumi,7572034
kikuta_mokutaro,5825177
izumo_kasumi_(nijisanji),3586567
clay_(pokemon),5196642
takanashi_sora,1115241
dita_iliner,8440826
shiun'in_sora,2308771
type_94_shiranui,5793668
ryuuto_(vocaloid),7136468
suzaku_(kemono_friends),6797076
kogarasumaru_(touken_ranbu),2573087
miki_(shugo_chara!),181197
eldigan_(fire_emblem),8598162
hashima_izumi,6747022
baldr_(fire_emblem_heroes),9703453
komori_shuri,2204257
kurome_(akame_ga_kill!),9573758
yuki_akira,5234851
harp_note_(mega_man),4757437
hijikata_toshizou_(drifters),2511105
brycen_(pokemon),4401389
beelzebub_(azazel-san),8893219
watari_nina,9819827
cheongmyeong_(return_of_the_mount_hua_sect),8797486
hms_orion_(siirakannu),1731893
giffany,8181389
the_hand_(stand),4990125
denken_(sousou_no_frieren),9793213
alice_liddell_(heart_no_kuni_no_alice),6124530
alfonso_(project_moon),7445256
wendy_darling,9453999
natsume_aya,903829
shiika_(idolmaster),7416317
whirlipede,8880640
princess_allura,4672742
chichiri,8292875
nazono_mito,9947564
virgo_shaka,9388351
peafowl_(kemono_friends),3009888
lanmewko,3632366
tiona_hyryute,7330649
crea_rosenqueen,334926
pinku_(vtuber),9471374
yuki_(idolish7),6054647
sizzlipede,5031033
happosai,7564635
vikavolt,2409445
igarashi_sayaka,8057980
prinz_eugen_(warship_girls_r),8303455
shropshire_(azur_lane),2886360
ribbonko-chan,4938521
marine_the_raccoon,6299351
hayama_marin,6141239
ai-chan's_sister_(tawawa),8930260
pepper_(nikke),7026493
phi_(kyokugen_dasshutsu),9461287
koharu_yoshino,6227988
yuumura_kirika,1759101
forretress,6379736
iria_animi,6640584
pingtsi_(chainsaw_man),5781223
ooshima_isuzu,9008515
sumi_(monobeno),3626475
sona_sitri,6069610
ooshima_ichiko,5969501
beta_(kage_no_jitsuryokusha_ni_naritakute!),9333580
hyodou_shizuku,6540883
hime_hajime,8378643
yamasachihiko_(housamo),5693518
frederic_chopin_(classicaloid),9092744
honey_b._lovely,9315150
haku_(naruto),1755740
valeria_(atelier),8196892
cyan_garamonde,7074150
lin_lee_koo,2024311
dexio_(pokemon),7637673
twin_braids_sister_(ironlily),7920238
victoria_brightshield,7087697
karoo_(one_piece),7564207
eunha_(closers),6647000
michi_mochievee,8369383
heavyblade_rabbit,7659402
yuuki_kanan,8896793
spectrier,9566757
yanagi_mion,9392447
tanaka_shinbei_(fate),5716619
ursaluna,9567687
michalis_(fire_emblem),2619803
li_qingning_(the_legend_of_luoxiaohei),4371795
ichijou_ruka,7487198
jubilee,5854045
haori_haruki,4601335
kuroi_shiba,3801426
fueguchi_hinami,9397136
matsuri_(hidamari_sketch),8727632
helioptile,8889410
riela_marcellis,3312142
saguaro_(pokemon),5560262
elyse_(sound_horizon),916289
kataasa-ko,8879301
havoc-chan,5847033
lavie_head,5027539
nifl_(fire_emblem),7719487
kise_saki,4201061
kyouraku_shunsui,8567754
lily_(spy_kyoushitsu),9827250
ross_(senyuu),6025365
kilo_(nikke),7583711
jo_(bakuretsu_tenshi),9230392
astrid_(fire_emblem),5452650
hunter_(the_owl_house),5297362
lidia_sobieska,8585073
kurashina_asuka,8674045
joshua_(fire_emblem),2925598
fuji_izumi,2920229
hayama_hayato,7949380
saika_magoichi_(fate),9286592
hyuuga_akito,5434902
baxcalibur,5874339
exosister_elis,5419611
andrea_doria_(warship_girls_r),2588093
sasaki_rika,444949
tombo_(majo_no_takkyuubin),9192422
uzuki_(azur_lane),3926979
vanilla_(girls_und_panzer),7105870
kosanae_sasaho,9678373
discordia_(vtuber),7152787
gundam_gp-03_stamen,6279745
yurin_leciel,2531995
u-110_(azur_lane),3769914
tsukuyomi_shinshi_(kemono_friends),6087622
scheris_adjani,7218939
nikaido_yuzu,3969593
bishamon_(darkstalkers),416576
qubeley_mk_ii,8840187
melan_blue,5553749
varshahn,5605369
shigino_kisumi,1815936
blackberry_cookie,5267348
mika_(lycoris_recoil),7364797
jinmen-gyo_(kemono_friends),5998364
shaga_ayame,1028418
botamon,9389128
ootani_yuri,7906600
hattori_yu,2029911
einar_(personal_ami),5647753
strarf,8560832
gundou_misuzu,5739297
spectacled_caiman_(kemono_friends),5777621
iyo_(fate),5694950
heroine_(amnesia),1868176
reyn_(xenoblade),5701491
kiriyama_sakura,89862
fossa_(kemono_friends),6575486
iwashita_shima,5962658
lin_hu_(nekojishi),7421774
knight_(fft),148047
mortarion,6786753
zhao_(zenless_zone_zero),9220611
clear_(princess_connect!),8944877
dagda_(arknights),9928360
steven_a._starphase,8587192
hyejin_(black_survival),5855399
victor_grantz,9078911
toothless,7448050
bisuke-tan,9046391
noel_seeker,3471484
ping_hai_(warship_girls_r),7673067
spotted_skunk_(kemono_friends),9364969
xehanort,8149150
hakuji_(kimetsu_no_yaiba),6254507
shizuki_ruriko,8564757
fine_(symphogear),2460016
lilith_(shining_nikki),9118070
alex_(totally_spies),9469989
max_caulfield,3450740
maliketh_the_black_blade,8109831
narumiya_suzu,5838815
luluna_von_bettelheim,8756225
schnee_weissberg,9060853
amano_kazumi,6768492
bubi_(ironmouse),8354916
iwaizumi_hajime,8133190
oono_akira,2543717
sunflower_fairy_(touhou),1004044
elita_one,7271743
serizawa_momoka,2218161
nanako_(to_heart_2),1186
zea_cornelia,4528539
ryu_(breath_of_fire_iv),3458999
minky_momo,9640114
mospeada_(mecha),4176254
makabe_kazuki,7299599
watchog,2990634
mm_(kemeko_deluxe),385151
mauga_(overwatch),6737687
nanaco_(meisharan),9609606
larsa_ferrinas_solidor,219373
hanni_(newjeans),8535399
childhood_friend_(childhood_friend_series),5971042
sharifah_ozdil_(tukikagerou),8619836
ulthury,2902888
kita_shinsuke,9458225
bonnie_(fnaf),8032581
dragalge,9922412
suehara_kyouko,9826573
cahara_(fear_&_hunger),9354802
yamamura_ken,2409399
shuvi_(no_game_no_life),2940642
genda_koujirou,2264700
kuroha_neko,1994336
wattrel,9570290
eitri_(fire_emblem),6854891
saitou_furoufushi,6498900
gero-froggy,3777242
mayuri_(date_a_live),9831860
royce_and_royce_(umamusume),7000169
ooishi_kuraudo,40359
karahara_shima,7291790
gira-gira-chan_(ado),6634297
rei_(breath_of_fire),8663712
klinklang,9006093
sanada_yuki,8541559
e-123_omega,6911035
soma_natsumi,7503500
fiddlesticks,3826880
trisha_elric,2760804
jean_havoc,2983476
suzumiya_seika,5426650
natarle_badgiruel,1019515
souji_(senran_kagura),9383818
georgia_(pokemon),5051136
takane_hibiki,6027255
jaana_kettu,6441784
vamola_(dandadan),10023831
kagarino_kirie,8635830
tao_jun,5950247
mashima_himeko_(show_by_rock!!),7834298
kamala_khan,8969850
yuzuha_(utawarerumono),68657
triton_(housamo),5463668
xiaoyuan_(you_can_eat_the_girl),3892638
shimazu_toyohisa_(drifters),2424570
kanda_momo,8701949
arval_(fire_emblem),5468061
kinugawa_sana,6245751
tsukishima_koko,142127
takada_nozomi,6178674
tierra_azur,3630677
hakurou_(onmyoji),9531926
rhys_(fire_emblem),8192014
miyazaki_miyako,2062523
naib_subedar,6788597
isma,7744930
lloyd_(mother),6337779
medusa_(kid_icarus),797117
nezumi_otoko,6575978
hannya_(onmyoji),2864743
lierre,7037401
mithos_yggdrasill,886113
mira_(kendeshi),5548999
maxima,8292355
brigitta_(metaphor:_refantazio),8348296
akino_momiji,7499
jiraiya_(persona_4),8012766
solf_j._kimblee,1690350
morgott_the_omen_king,7902605
colossus_(natsukaze_shigure),9514259
kugimiya_madoka,193294
chat_(tales),9055696
v.iv_rusty,7442500
thetis_(last_origin),4540519
dimonno_vaalmonica,8097966
edo_phoenix,5202363
kulve_taroth,7251679
qiao_ling,6600935
ogiwara_sayu,3322485
ishida_mitsunari_(sengoku_musou),7362876
rudo_surebrec,9769266
turn_x,5315804
macne_nana,9621309
higashikata_jobin,9318764
senna_(league_of_legends),7409591
lapis_rosenberg,9675393
togemon,6925674
theory_(xenoblade),5444950
yuuki_nae,3441443
receptionist_girl_(amagi_shino),6986307
mandibuzz,9540726
jess_(buta_no_liver_wa_kanetsu_shiro),6828206
himura_nagisa,9702583
fai_d._flowright,7515359
bosako_(haguhagu),9397349
jingle_abel_meuniere,3210359
sakura_(ukagaka),10039
gouf_custom,5828579
shichinosato_kofuki,8546263
echizen_ryooma,6996146
nijouin_hazuki,7915547
jajka_(girls_und_panzer),6741144
asuka_minato,8216917
crash_bandicoot,9804050
arue_(konosuba),6260994
kadoya_tsukasa,678451
saegusa_futaba,5849960
taric,3536515
hime_(himesama_goumon),9783185
cutesu_(character),3366195
purifier_(azur_lane),4940427
tonegawa_anju,6981995
kai_(dorohedoro),7106233
meido_mei,8235351
ball_(gundam),9070837
blonde_girl_(cloba),3196724
himekawa_(ouchi_kaeru),8918796
hildegard_von_krone,788183
galaco,8733800
shitogi_eris,1452956
fio_(nier),7414202
anna_(princess_connect!),8807521
rulutieh,2942024
shirogane_takeru,4977850
colon_(stpri),7989299
bruenhilde_(azur_lane),8966707
awp_(girls'_frontline)_(nekoya_(liu)),5019294
tina_topia,9240400
kitami_erika,7572019
kat_(warioware),7246432
kirari_hikaru,7946668
roxie_richter,7286801
kawabata_hotaru,5855496
daniela_dimitrescu,5621099
etou_mei,115467
yuniiho_(vtuber),7207577
ball_guy,6159852
mikagura_mirei,6459390
mayday_parker,9667350
aoyama_yuga,5343055
tiz_arrior,9374605
mp41_(girls'_frontline),3707438
mugen_(samurai_champloo),287175
saitou_sumire,8933391
elaine,2404842
nitori_shuuichi,888802
amaura,10034424
arima_nana,70657
azuma_kaisen,2036567
thorr_(fire_emblem),5453529
spider-man_noir,7679925
yagi_shizusumi_(given),6229597
meowstress,7526340
spewpa,7143744
mary_hunt,5477558
crossbone_gundam_x-1,8286301
harlock,6407429
xigbar,865408
m1887_(girls'_frontline),8884146
liz_(nin_fake),9211326
ankh_(ooo),3009776
ouka_nagisa,165240
crash_man,6361844
punt_(kienbiu),7362524
oldest_dream,9454647
kirino_aya,6182732
anzu_(yume_no_owari),3530909
homelander,7046786
benjamin_(project_moon),6238784
aino_nagisa,7934252
flynn_rider,9037578
kamen_rider_amazon,8545015
kitsune_saiguu,5848498
polka_(trusty_bell),388055
zaku,4059044
fei-yen,8860291
quattro_(nanoha),131079
laetitia_(project_moon),9682912
wang_(arknights),7857071
dvach-tan,7810547
pallette_(mega_man),3896991
soma_schicksal,2176555
kagero_(kamen_rider_revice),5161166
galarian_slowbro,3937333
kyoshinhei,6596085
beheeyem,5436087
tsukamoto_shuuichi,5655051
qbu-88_(girls'_frontline),3488663
sapphire_rhodonite,357904
karin_(viper),7574760
ashley_mizuki_robbins,744841
tobin_(fire_emblem),2660667
alpha_(inazuma_eleven),1318129
anemachi,9468425
asagaki_togo,9187037
jovial_merryment,9253295
sie_kensou,7170727
nishizono_midori,7394853
hygogg,4119316
fladramon,8004541
roboute_guilliman,9069813
pamela_ibis,3286492
captain_marvel,3483749
kayari_(yuuwaku_namaiki_lolita),10006079
ritsuko_kubel_kettenkrad,81401
muku-chan_(muroku),4298125
ventricosus,5422183
hogen_(housamo),9202217
kishimoto_lucia_raimu,5560295
aikawa_ren,3524691
changchun_(warship_girls_r),9238160
finnel_(ar_tonelico),610136
timmy_(animal_crossing),4396942
perfectheart_(omori),8134200
faize_scheifa_beleth,7334487
todoroki_kyouko,3408172
5-volt,4798582
chewtle,10029145
aihara_yukino,4433777
deus_ex_maki-chan,9319322
pippins_(deltarune),9760319
pupitar,8607756
cidolfus_telamon,5886667
yuno_(black_clover),8547010
minya_(nyanko_daisensou),6282323
ogami_haru,9835089
pittsburgh_(azur_lane),8029796
rosalie_de_hemricourt_de_grunne,1270739
homare_(princess_connect!),8945291
pokemon_tower_ghost,3766144
cetitan,6009005
kashii_airi,1060540
mr._satan,8096514
marco_diaz,9980728
behemoth_(nikke),8562271
hokaze_kanade,9702564
aliya_mahvash,7438671
yakushimaru_ryota,5788870
conduit_(apex_legends),7317083
galdino,6921544
zooble_(the_amazing_digital_circus),6937585
tour_guide_from_the_underworld,7630407
solty_revant,16757
name_day_(reverse:1999),9105211
turkey_(hetalia),632856
oyuki_(urusei_yatsura),870861
yotsuba_(sister_princess),9510977
nitta_io,7669352
vanitas_(vanitas_no_carte),6711769
wannai_kinuho,3868508
marguerite_fatima,8914236
aina_saharin,4570852
nandi_(puchirisu),6377104
so_nagi,4571630
v_(murder_drones),7713703
flapple,9564968
tord_(eddsworld),9530371
ryuudou_issei,95534
sirei_(hundred_line),8780320
olwen_(fire_emblem),2643480
king_kazma,9096656
luis_sera,8490438
raging_bolt,6571347
lairon,9417328
re-l_mayer,9250022
fuurinji_miu,5668877
iwaki_yoshimi,8619019
matsuno_matsuyo,2363594
gehrman_the_first_hunter,8449574
miria_(claymore),5797287
petrel_(pokemon),9537815
haeno_akari,9702620
thrasir_(fire_emblem),8273302
heroine_(dq10),9357211
blitzo_(helluva_boss),9880622
de_lacey_(neural_cloud),6540116
yumeno_gentaro,7463504
elec_man,8089268
delores_(mvv),6341733
nurude_sasara,6271509
farigiraf,5921241
hella_(path_to_nowhere),7550677
yamazaki_ryuuji,8077651
himekuma_ribon,6555583
shitodo_hoojiro,7667908
n102_(nikke),7245004
tadatomo_(housamo),9451600
elie_wayne,5138696
staravia,9443988
ryogoku_tsukasa,8506831
