tag,count
shirt,2355358
long_sleeves,1970713
skirt,1923082
hair_ornament,1769223
gloves,1684176
dress,1644368
hat,1502419
bow,1470484
thighhighs,1419181
ribbon,1330190
jacket,1200792
white_shirt,1112362
school_uniform,971068
collarbone,969351
swimsuit,821020
short_sleeves,784376
panties,778192
flower,770052
hair_ribbon,733489
earrings,711750
shoes,709159
hair_bow,661075
pantyhose,659752
frills,635218
bikini,624897
pleated_skirt,623652
boots,622519
hairband,603228
collared_shirt,590479
necktie,558181
shorts,556561
black_gloves,555632
pants,554655
sleeveless,535391
detached_sleeves,517801
choker,516423
socks,502424
japanese_clothes,482143
black_thighhighs,457374
glasses,452092
puffy_sleeves,443327
belt,430914
hairclip,410962
bowtie,392701
serafuku,381705
black_skirt,381206
elbow_gloves,376122
white_gloves,374989
hood,371983
white_dress,356022
sailor_collar,347200
hair_flower,346689
miniskirt,329445
fingerless_gloves,324302
wide_sleeves,315873
necklace,315023
black_jacket,305470
black_dress,304347
white_thighhighs,301801
kimono,297769
coat,296928
black_shirt,283727
armor,271572
vest,270225
red_bow,269409
cape,268165
apron,262112
black_pantyhose,262099
leotard,259381
scarf,255658
sweater,253128
high_heels,249891
bra,247597
crop_top,241784
collar,238514
bracelet,237935
red_ribbon,228731
fingernails,227842
white_panties,226917
puffy_short_sleeves,222818
blue_skirt,220445
neckerchief,220223
clothing_cutout,217951
black_shoes,215207
black_choker,208344
sleeves_past_wrists,201557
thigh_strap,201357
fur_trim,198632
black_pants,194171
sleeveless_dress,191080
sleeveless_shirt,190029
see-through_clothes,188232
fake_animal_ears,186845
wrist_cuffs,185964
maid,184449
torn_clothes,184178
black_bow,181710
white_socks,181708
maid_headdress,179177
buttons,179135
black_hat,177610
neck_ribbon,176916
sash,176568
ascot,173804
short_shorts,171560
cosplay,167908
one-piece_swimsuit,167677
hoodie,167676
black_ribbon,167403
black_panties,165067
detached_collar,160247
black_shorts,157138
kneehighs,156175
bodysuit,154372
mask,153647
blue_dress,153521
turtleneck,152270
dress_shirt,151057
black_boots,150612
white_jacket,149201
blue_bow,148121
capelet,147057
bell,144114
black_bikini,142593
piercing,139940
red_skirt,138116
chinese_clothes,137694
sandals,130988
black_socks,130866
blue_shirt,130706
halterneck,128948
playboy_bunny,127535
beret,127340
blue_jacket,124792
headband,123235
witch_hat,122641
sunglasses,121874
headphones,121226
no_bra,121148
frilled_dress,120279
white_bikini,119705
white_hat,119340
black_hairband,119291
red_dress,118538
side-tie_bikini_bottom,118358
military_uniform,117813
hood_down,117501
white_bow,116397
short_dress,115365
bandages,114542
white_skirt,114387
plaid_skirt,114254
no_panties,111895
floral_print,111262
thigh_boots,110995
umbrella,109568
ring,107517
garter_straps,102257
cardigan,102030
tank_top,100509
obi,99941
helmet,98907
frilled_sleeves,97950
pink_bow,97263
red_necktie,96665
frilled_skirt,95543
blue_ribbon,94705
white_apron,94483
hair_tubes,93133
mob_cap,92822
red_shirt,90900
suit,90524
backpack,90313
gem,90131
red_bowtie,90118
blazer,88183
ear_piercing,87694
suspenders,87155
black_leotard,86415
juliet_sleeves,86410
animal_print,86150
crown,85621
shoulder_armor,85586
t-shirt,84595
black_necktie,84074
tassel,83911
grey_shirt,83836
sneakers,83035
brooch,80525
eyewear_on_head,80079
pantyshot,80053
tiara,79167
knee_boots,78885
pink_dress,78719
bandaid,78516
puffy_long_sleeves,78414
black_belt,78293
blue_sailor_collar,77963
wing_collar,77737
hat_ribbon,77714
formal_clothes,77409
white_pantyhose,77273
polka_dot,77081
veil,76865
red_jacket,75385
goggles,75336
school_swimsuit,75107
green_skirt,75026
black_bra,74978
strapless_leotard,74896
hooded_jacket,74769
white_ribbon,74761
loafers,74460
white_shoes,74387
brown_shoes,74059
black_coat,72976
armband,70764
hat_bow,70607
red_hat,69094
white_sailor_collar,68996
china_dress,68829
ribbon_trim,68068
striped_thighhighs,67886
highleg_leotard,67019
white_sleeves,66530
grey_skirt,66393
strapless_dress,66022
hair_bobbles,65946
wristband,65312
maid_apron,64216
red_neckerchief,64065
pelvic_curtain,63945
cloak,63924
brown_boots,63636
cropped_jacket,63435
lace_trim,63271
gauntlets,63188
purple_dress,63076
waist_apron,62680
o-ring,62031
hakama,61657
baseball_cap,61580
sleeves_past_fingers,61184
buckle,61074
casual,60849
bridal_gauntlets,60836
pom_pom_(clothes),60792
blue_necktie,60687
bike_shorts,60093
yellow_bow,59652
string_bikini,59331
pink_panties,58682
peaked_cap,58510
round_eyewear,58311
panty_pull,57811
gold_trim,57737
skirt_set,57330
semi-rimless_eyewear,57139
black_vest,56757
corset,56700
pink_shirt,56578
brown_gloves,56489
camisole,56253
red_shoes,56194
blue_shorts,56091
neck_bell,55932
red_gloves,55593
spikes,55263
white_pants,54978
hand_fan,54690
pink_ribbon,54496
frilled_apron,54304
pink_skirt,54176
jingle_bell,54118
blue_bikini,53818
sweater_vest,53515
bow_panties,53330
micro_bikini,53193
blouse,53109
armlet,52992
green_bow,52788
pocket,52536
black_bowtie,52509
white_coat,52504
black_sailor_collar,52498
white_boots,52496
robe,52478
side_slit,51905
high_collar,51830
mary_janes,51477
brown_pantyhose,51381
yellow_shirt,51274
grey_jacket,50730
green_jacket,50629
purple_bow,50518
sleeves_rolled_up,50399
single_glove,50338
beads,50199
zipper,50018
blue_hat,50007
high_heel_boots,49754
striped_panties,49696
hair_scrunchie,49438
brown_jacket,49270
side-tie_panties,48921
pencil_skirt,48477
track_jacket,48249
high-waist_skirt,48113
frilled_shirt_collar,48108
green_dress,48102
lace,47722
frilled_bikini,47476
black-framed_eyewear,47475
white_hairband,47260
long_skirt,46649
hakama_skirt,46554
sailor_dress,46204
black_sleeves,46113
turtleneck_sweater,45823
blue_pants,45500
purple_skirt,45280
unworn_headwear,44925
bikini_top_only,44717
pouch,44682
green_shirt,44647
headset,44569
white_shorts,44371
white_kimono,44294
tokin_hat,44156
pendant,43832
belt_buckle,43759
ribbed_sweater,43628
fake_tail,43029
santa_hat,42737
brown_skirt,42684
denim_shorts,42131
red_bikini,42075
blue_bowtie,42012
yellow_ribbon,41843
purple_shirt,41796
striped_shirt,41214
red_scarf,41088
ribbon-trimmed_sleeves,41047
white_bra,41010
santa_costume,40801
top_hat,40374
shoulder_bag,40325
epaulettes,40069
sports_bra,40066
long_dress,39927
red-framed_eyewear,39791
dress_lift,39781
gym_uniform,39665
striped_bow,39449
black_bodysuit,39319
upskirt,39264
torn_pantyhose,39050
collared_dress,38956
school_bag,38932
hat_ornament,38711
hairpin,38512
lolita_fashion,38165
hoop_earrings,38144
jeans,38006
sun_hat,37901
blue_one-piece_swimsuit,37893
black_serafuku,37510
watch,37037
buruma,36994
white_leotard,36683
circlet,36610
fur_collar,36528
brown_belt,36474
pink_jacket,36441
brown_hat,36289
nontraditional_miko,36079
mouth_mask,35863
layered_sleeves,35841
competition_swimsuit,35662
partially_fingerless_gloves,35325
under-rim_eyewear,35026
garter_belt,34907
panties_under_pantyhose,34731
lace-up_boots,34708
stud_earrings,34661
black_collar,34605
off-shoulder_dress,34551
red_cape,34497
pajamas,34450
thighband_pantyhose,34321
green_hat,33692
unworn_hat,33593
shawl,33497
shrug_(clothing),33417
lab_coat,33222
striped_bikini,32949
double-breasted,32945
mini_hat,32940
fishnet_pantyhose,32776
brown_dress,32451
red_hairband,32309
fur-trimmed_jacket,32166
grey_pants,32073
black_cape,32041
back_bow,31899
blue_gloves,31872
blue_kimono,31860
handbag,31588
sarashi,31581
visor_cap,31373
military_hat,30982
purple_ribbon,30949
white_sweater,30905
print_bikini,30737
yukata,30713
front-tie_bikini_top,30637
criss-cross_halter,30569
center_frills,30406
cropped_shirt,30294
hat_flower,30192
brown_shirt,30167
yellow_ascot,30150
brown_thighhighs,29918
tabard,29904
bandana,29891
nurse_cap,29877
animal_hood,29844
straw_hat,29771
yellow_jacket,29751
green_ribbon,29738
frilled_shirt,29731
beanie,29561
blue_panties,29557
off-shoulder_shirt,29547
sportswear,29476
hair_tie,29411
black_one-piece_swimsuit,29100
nun,29066
lapels,29002
bespectacled,28960
panties_aside,28919
pinafore_dress,28419
red_vest,28417
white_scarf,28401
white_one-piece_swimsuit,28347
black_sweater,28262
wedding_dress,28201
ear_covers,27675
blue_shoes,27584
orange_bow,27390
blue_leotard,27336
pleated_dress,27313
overalls,27204
bloomers,27159
brown_pants,27058
sailor_shirt,27018
tail_ornament,26805
adjusting_eyewear,26803
tress_ribbon,26732
pink_bikini,26686
anklet,26389
striped,26160
white_capelet,25969
two-tone_dress,25920
red_thighhighs,25792
highleg_panties,25788
suspender_skirt,25785
print_kimono,25776
mecha_pilot_suit,25609
headpiece,25523
grey_dress,25464
black_kimono,25283
gakuran,25225
underbust,25019
pink_bra,24922
purple_thighhighs,24903
newsboy_cap,24883
panties_around_one_leg,24857
zipper_pull_tab,24795
purple_jacket,24747
folding_fan,24673
crotch_seam,24672
wrist_scrunchie,24649
bandeau,24345
blue_hairband,24344
wristwatch,24332
pink_hat,24284
arm_warmers,24113
microskirt,24106
yellow_neckerchief,23939
purple_gloves,23873
hand_on_headwear,23590
bikini_under_clothes,23542
tabi,23399
tube_top,23383
half_gloves,23376
black_hoodie,23376
toeless_legwear,23284
gyaru,23205
highleg_one-piece_swimsuit,23183
blue_thighhighs,23136
cow_print,23122
winter_clothes,23014
bodystocking,22909
geta,22817
red_boots,22751
blue_neckerchief,22721
japanese_armor,22556
bikini_armor,22474
sleeve_cuffs,22421
print_shirt,22411
ankle_boots,22386
armored_boots,22383
miko,22318
haori,22270
sailor_hat,22233
petticoat,22204
white_choker,22178
blue_cape,22168
white_cape,22154
blue_vest,22143
red_kimono,22142
witch,22128
cheerleader,21971
mini_crown,21911
ear_ornament,21866
hair_stick,21626
red_choker,21605
purple_bikini,21448
gothic_lolita,21308
torn_thighhighs,21252
fishnet_thighhighs,21204
white_collar,21145
bangle,20988
brown_coat,20960
white_ascot,20899
yellow_dress,20891
frilled_bow,20757
ninja,20467
harness,20440
headdress,20372
red_ascot,20363
sleeveless_turtleneck,20295
sundress,20251
pink_bowtie,20202
collared_jacket,20187
white_belt,20076
mittens,20048
purple_hat,20025
wedding_ring,20006
star_print,19961
nurse,19912
leggings,19881
highleg_bikini,19829
multicolored_jacket,19803
frilled_thigh_strap,19702
blue_boots,19681
slippers,19622
bridal_veil,19622
fur-trimmed_coat,19599
office_lady,19578
yellow_bikini,19537
paw_gloves,19505
nipple_piercing,19501
white_hoodie,19484
pink_kimono,19364
pink_shoes,19333
layered_dress,19306
swimsuit_under_clothes,19294
red_coat,19250
paw_print,19079
red_shorts,19075
short_over_long_sleeves,18963
animal_costume,18919
green_necktie,18883
horn_ornament,18821
hanfu,18703
layered_skirt,18696
thighlet,18693
asymmetrical_gloves,18657
unworn_eyewear,18647
red_pants,18577
red_leotard,18547
uneven_legwear,18516
triangular_headpiece,18418
head_wreath,18405
mismatched_legwear,18369
clothes_around_waist,18342
sarong,18331
blue_scarf,18266
tied_shirt,18249
bow_bra,18244
animal_hat,18110
armored_dress,18110
backless_dress,17919
red_hakama,17838
yellow_necktie,17766
red_panties,17662
hat_feather,17623
bracer,17613
cross_necklace,17577
randoseru,17572
green_bikini,17410
frilled_hairband,17348
brown_sweater,17314
short_kimono,17298
waitress,17285
grey_shorts,17270
yellow_skirt,17246
pink_thighhighs,17225
brown_cardigan,17126
purple_panties,17041
blue_coat,17041
white_bowtie,17027
orange_shirt,16982
idol,16948
loose_socks,16929
purple_kimono,16923
fox_mask,16911
brown_shorts,16902
earmuffs,16839
bikini_skirt,16773
headphones_around_neck,16750
animal_ear_hairband,16619
leg_warmers,16511
black_capelet,16410
headscarf,16377
knee_pads,16362
bow_hairband,16336
lolita_hairband,16325
star_earrings,16293
pantyhose_under_shorts,16212
flat_cap,16204
tilted_headwear,16115
bead_necklace,16107
black_neckerchief,16104
aqua_necktie,16028
grey_sweater,15863
white_bodysuit,15695
see-through_sleeves,15693
leg_ribbon,15681
belt_pouch,15680
string_panties,15678
navel_piercing,15566
muneate,15565
fur-trimmed_sleeves,15523
purple_bowtie,15502
lace-trimmed_thighhighs,15501
charm_(object),15459
black_scarf,15428
ribbon_choker,15419
gym_shirt,15357
shimenawa,15337
hakama_short_skirt,15321
parasol,15244
hooded_cloak,15243
lace-trimmed_bra,15234
heart_earrings,15228
spiked_collar,15185
micro_shorts,15180
yellow_bowtie,15134
striped_dress,15042
three-quarter_sleeves,15012
red_capelet,14947
blue_sweater,14916
blue_bra,14912
casual_one-piece_swimsuit,14866
o-ring_bikini,14861
black_suit,14855
grey_thighhighs,14840
blue_choker,14772
fur-trimmed_gloves,14740
see-through_shirt,14707
lace-trimmed_panties,14693
face_piercing,14620
chest_harness,14616
animal_collar,14541
neck_ring,14482
pink_sweater,14374
green_shorts,14363
green_vest,14360
garrison_cap,14347
notched_lapels,14304
grey_gloves,14295
raglan_sleeves,14292
green_pants,14291
striped_bowtie,14261
magatama,14234
police,14190
bonnet,14152
tasuki,14142
tate_eboshi,14068
bead_bracelet,14063
slingshot_swimsuit,14042
necktie_between_breasts,14042
black_sports_bra,14018
red_collar,14007
tunic,14002
pink_gloves,13869
belt_collar,13860
fur-trimmed_cape,13856
two-tone_shirt,13840
spiked_bracelet,13790
suit_jacket,13789
pinstripe_pattern,13747
print_thighhighs,13701
tiger_print,13662
striped_necktie,13657
badge,13638
yellow_hairband,13614
ear_bow,13573
white_camisole,13557
tassel_earrings,13516
animal_ear_piercing,13505
blue_hoodie,13489
plugsuit_(evangelion),13466
polka_dot_bow,13407
v-neck,13396
red_bodysuit,13356
pink_hairband,13238
orange_skirt,13238
multicolored_dress,13097
crescent_hat_ornament,13096
camouflage,13085
earphones,13049
mandarin_collar,13036
platform_sandals,13007
red_sweater,13001
aqua_bow,12929
green_kimono,12857
frilled_choker,12817
brown_vest,12815
dolphin_shorts,12804
shorts_under_skirt,12778
zouri,12752
green_bowtie,12727
police_uniform,12713
hooded_coat,12704
showgirl_skirt,12646
frilled_thighhighs,12634
jumpsuit,12566
grey_hat,12511
yellow_gloves,12458
popped_collar,12452
blue_socks,12446
pearl_necklace,12426
grey_pantyhose,12395
fur-trimmed_capelet,12384
star_hat_ornament,12353
purple_necktie,12346
green_gloves,12344
arm_guards,12299
track_suit,12282
blue_sleeves,12252
sleeveless_jacket,12240
fur-trimmed_dress,12190
pink_boots,12150
mini_top_hat,12033
floating_earrings,12016
traditional_bowtie,11977
doll_joints,11954
plaid,11937
black_sandals,11915
white_neckerchief,11868
two-tone_jacket,11851
bobby_socks,11805
fringe_trim,11781
bra_lift,11780
fundoshi,11729
print_dress,11655
halter_dress,11629
stirrup_legwear,11624
lanyard,11553
monocle,11505
sweater_dress,11497
red_sash,11474
blue_bodysuit,11430
striped_pantyhose,11422
short_necktie,11397
pink_choker,11375
white_necktie,11368
arm_ribbon,11365
heart_brooch,11351
earclip,11301
yellow_sweater,11291
plaid_bow,11285
flag_print,11280
holding_unworn_hat,11243
print_gloves,11203
rimless_eyewear,11183
dress_bow,11143
white_robe,11044
object_on_head,10943
long_coat,10938
military_jacket,10926
chest_sarashi,10900
nightgown,10900
cross_earrings,10900
vertical-striped_shirt,10855
grey_coat,10823
medium_dress,10820
white_bloomers,10818
cow_print_bikini,10805
print_panties,10797
green_panties,10791
waist_cape,10762
gold_earrings,10757
frilled_panties,10755
plaid_shirt,10704
unworn_panties,10690
purple_shoes,10671
plaid_vest,10669
frilled_bra,10651
black_cloak,10605
purple_pantyhose,10600
hachimaki,10585
orange_jacket,10581
frilled_collar,10557
grey_vest,10551
cowboy_hat,10543
material_growth,10538
bra_strap,10519
jester_cap,10492
arm_garter,10446
multi-strapped_bikini_bottom,10406
pink_cardigan,10387
fur-trimmed_boots,10385
brown_bow,10372
suitcase,10363
yellow_hat,10339
adjusting_headwear,10330
dog_tags,10321
striped_socks,10261
open_collar,10220
mismatched_gloves,10211
black_ascot,10203
arm_belt,10176
forehead_protector,10148
unconventional_maid,10146
vertical-striped_thighhighs,10135
single_leg_pantyhose,10121
vertical_stripes,10077
red_sleeves,10020
orange_dress,10008
sailor_senshi_uniform,9969
bra_visible_through_clothes,9945
footwear_bow,9939
waist_bow,9923
black_mask,9893
medium_skirt,9875
grey_hoodie,9868
pink_necktie,9810
holding_removed_eyewear,9779
sticker,9772
red_bra,9736
aiguillette,9731
white_vest,9714
idol_clothes,9705
uwabaki,9695
obijime,9629
frilled_hat,9600
full_armor,9585
white_veil,9566
kogal,9513
food_print,9509
pink_neckerchief,9496
grey_shoes,9496
bandaged_hand,9493
baggy_pants,9488
competition_school_swimsuit,9478
blue_capelet,9448
over-kneehighs,9388
cane,9376
fashion,9313
barbell_piercing,9305
kote,9300
purple_bra,9265
purple_leotard,9240
plaid_scarf,9238
single_elbow_glove,9229
loincloth,9216
large_bow,9213
leotard_under_clothes,9157
waistcoat,9142
multicolored_bikini,9138
print_skirt,9029
black_armor,9025
eye_mask,9018
black_corset,8950
grey_sailor_collar,8897
red_belt,8866
purple_hairband,8856
leopard_print,8852
arms_around_neck,8836
thong_bikini,8820
blue_buruma,8820
thighhighs_under_boots,8806
red_buruma,8796
leather_jacket,8794
blue_belt,8773
striped_jacket,8760
horn_ribbon,8744
rabbit_ear_hairband,8728
striped_skirt,8715
grey_cardigan,8710
chain_necklace,8702
bra_pull,8691
blue_ascot,8685
frilled_gloves,8681
print_pantyhose,8674
grey_socks,8637
gold_bikini,8631
green_sailor_collar,8607
orange_bikini,8600
torn_dress,8597
red_headband,8596
ankle_socks,8564
old_school_swimsuit,8554
o-ring_choker,8529
black_robe,8524
lowleg_panties,8518
two-tone_gloves,8518
heart-shaped_eyewear,8515
fedora,8511
metal_collar,8506
bubble_skirt,8473
yellow_shorts,8446
track_pants,8417
red_armband,8337
green_sweater,8337
turtleneck_shirt,8334
grey_boots,8291
towel_around_neck,8283
heart_necklace,8274
loose_necktie,8272
purple_sleeves,8268
taut_shirt,8265
fur_hat,8260
pumps,8228
heart_choker,8212
tight_pants,8190
sleeveless_kimono,8166
striped_ribbon,8157
cow_print_thighhighs,8143
polka_dot_panties,8137
blue_overalls,8118
red_sailor_collar,8116
rectangular_eyewear,8064
striped_scarf,8061
single_sleeve,8054
yellow_shoes,8030
green_cape,8024
high-waist_pants,7997
pink_shorts,7991
green_shoes,7937
high-waist_shorts,7931
winter_coat,7897
red_socks,7869
pink_scarf,7823
white_headband,7803
diagonal-striped_necktie,7774
single_detached_sleeve,7756
orange_bowtie,7709
yellow_scarf,7696
goth_fashion,7673
purple_pants,7622
aqua_shirt,7616
earpiece,7589
wet_panties,7574
black_camisole,7555
hair_beads,7540
backwards_hat,7527
floral_print_kimono,7527
orange_necktie,7500
bike_shorts_under_skirt,7492
plaid_dress,7491
purple_coat,7477
black_sash,7472
laurel_crown,7458
green_thighhighs,7454
purple_vest,7451
gold_necklace,7443
pocket_watch,7429
red_pantyhose,7404
two-sided_cape,7403
male_maid,7386
collared_coat,7378
furisode,7348
multiple_earrings,7326
thigh_belt,7316
pink_leotard,7313
leaf_print,7298
tie_clip,7295
orange_ribbon,7281
blue_pantyhose,7277
business_suit,7263
pirate_hat,7260
flip-flops,7217
wrist_ribbon,7176
yellow_cardigan,7174
multicolored_skirt,7170
trench_coat,7169
rose_print,7155
aqua_bowtie,7137
green_coat,7127
green_scarf,7091
opaque_glasses,7080
vertical-striped_dress,7076
gold_bracelet,7071
purple_boots,7057
see-through_dress,7040
brown_scarf,7029
black_leggings,7019
gym_shorts,6996
sphere_earrings,6944
cat_paws,6906
dress_pull,6880
unworn_helmet,6876
ear_ribbon,6861
yellow_panties,6851
purple_choker,6837
hooded_capelet,6828
black_headband,6810
ring_piercing,6794
diagonal-striped_bow,6770
okobo,6725
two-sided_jacket,6705
purple_cape,6703
flower_earrings,6674
surgical_mask,6663
pince-nez,6655
aqua_skirt,6606
blue_sash,6594
ribbed_shirt,6586
two-tone_skirt,6570
yellow_kimono,6540
aqua_dress,6516
white_cloak,6508
frilled_socks,6466
thong_leotard,6451
green_hairband,6445
ribbon-trimmed_thighhighs,6442
whistle_around_neck,6435
jirai_kei,6427
wizard_hat,6419
blue_serafuku,6410
bustier,6399
lowleg_bikini,6385
brown_sweater_vest,6383
chest_belt,6379
frilled_one-piece_swimsuit,6370
cow_print_gloves,6364
green_sleeves,6335
domino_mask,6322
brown_sandals,6311
bat_print,6287
maid_bikini,6274
sailor,6266
two-tone_bow,6262
grey_panties,6257
red_cloak,6254
bra_peek,6245
purple_shorts,6243
polka_dot_bikini,6189
orange-tinted_eyewear,6159
letterman_jacket,6158
white_headscarf,6153
greco-roman_clothes,6146
plunging_neckline,6144
orange_hat,6141
frilled_kimono,6120
teacher,6105
microdress,6064
green_boots,6062
roswaal_mansion_maid_uniform,6061
sleeveless_sweater,6045
flag_print_bikini,6037
blue_cardigan,6030
orange_gloves,6029
checkered_scarf,6028
santa_dress,6019
feather_boa,6011
arm_around_neck,5989
black_cardigan,5984
print_bow,5961
chef_hat,5958
obiage,5952
checkered_skirt,5949
orange_hairband,5934
unworn_bra,5930
pink_apron,5930
briefcase,5915
eyepatch_bikini,5898
aqua_neckerchief,5897
goggles_around_neck,5865
red-tinted_eyewear,5862
wa_maid,5861
button_badge,5846
purple_bodysuit,5838
red_armor,5837
striped_pants,5816
super_crown,5806
raincoat,5783
string_of_fate,5776
green_leotard,5767
virgin_killer_sweater,5760
sleeves_pushed_up,5743
yellow_boots,5730
pink_hoodie,5725
yoga_pants,5698
black_veil,5698
bag_charm,5653
layered_bikini,5645
pink_sleeves,5636
kanzashi,5627
puffy_detached_sleeves,5620
large_hat,5609
horned_helmet,5602
plaid_bowtie,5599
two-tone_bikini,5593
tongue_piercing,5589
fur-trimmed_hood,5566
orange_shorts,5549
ancient_egyptian_clothes,5537
torn_sleeves,5523
pink_pants,5502
black_apron,5482
nipple_rings,5481
white_sash,5444
two-tone_swimsuit,5438
platform_shoes,5430
pendant_choker,5410
white_cardigan,5403
police_hat,5393
overskirt,5389
pink_socks,5385
dress_flower,5380
yellow-framed_eyewear,5376
blue_hakama,5360
harem_outfit,5334
checkered,5332
aran_sweater,5323
purple_scarf,5320
kurokote,5314
brown_ribbon,5305
looking_over_eyewear,5300
open_dress,5293
white_sandals,5291
brown_capelet,5286
blue-framed_eyewear,5284
cat_hat,5263
crescent_earrings,5263
evening_gown,5261
head-mounted_display,5250
white_suit,5250
flats,5249
lace_panties,5245
suspender_shorts,5239
white_sports_bra,5220
nightcap,5216
turtleneck_dress,5212
slave,5206
grey_bow,5199
costume,5176
black_bridal_gauntlets,5170
skirt_suit,5152
gas_mask,5146
soldier,5143
pantylines,5119
red_hoodie,5113
white_headdress,5104
strangling,5103
grey_neckerchief,5101
blue_apron,5094
white-framed_eyewear,5093
green_bra,5081
paw_shoes,5076
purple_sweater,5066
rabbit_hood,5037
brown_cape,5036
aqua_ribbon,5018
lace-trimmed_dress,5013
food_on_head,5012
uneven_gloves,5010
green_hoodie,5002
orange_neckerchief,4998
heart_o-ring,4994
feather_earrings,4981
red_bandana,4973
patterned_clothing,4961
romper,4956
purple_sash,4954
brown_sailor_collar,4947
yellow_thighhighs,4933
rubber_boots,4911
neck_ruff,4900
platform_boots,4895
bodysuit_under_clothes,4878
plaid_necktie,4856
single_fingerless_glove,4853
denim_skirt,4853
black_hakama,4851
print_bowtie,4835
impossible_bodysuit,4834
chinese_knot,4815
ribbed_dress,4808
frilled_capelet,4805
american_flag_legwear,4804
yellow_sash,4799
see-through_skirt,4792
yellow_vest,4791
multicolored_swimsuit,4791
capri_pants,4786
gown,4783
oversized_shirt,4762
qingdai_guanmao,4745
pink_belt,4731
loose_belt,4728
bow_bikini,4711
orange_kimono,4702
brown_socks,4699
green_neckerchief,4683
latex_bodysuit,4680
hooded_cape,4679
purple_sailor_collar,4647
tailcoat,4645
hand_on_another's_neck,4620
black_hanfu,4609
striped_sleeves,4598
belly_chain,4595
ankle_ribbon,4579
grey_kimono,4576
nipple_bar,4563
patterned_background,4559
arabian_clothes,4557
fur_scarf,4551
frilled_ribbon,4550
mismatched_bikini,4544
grey-framed_eyewear,4543
pink-framed_eyewear,4536
two-tone_bodysuit,4519
over-rim_eyewear,4513
yellow_hoodie,4505
sailor_bikini,4499
fanny_pack,4497
american_flag_dress,4475
jingasa,4473
shako_cap,4466
ribbon-trimmed_skirt,4461
aqua_bikini,4453
horn_bow,4446
black_sweater_vest,4443
sleeve_bow,4431
white_hanfu,4426
bow_choker,4406
nose_piercing,4402
fur_coat,4402
orange_bodysuit,4401
gold_choker,4384
pink_bodysuit,4383
holding_panties,4367
american_flag_bikini,4367
trefoil,4365
grey_sleeves,4358
green_choker,4352
striped_bra,4326
grey_necktie,4324
purple_belt,4305
long_shirt,4296
hands_in_opposite_sleeves,4289
legwear_garter,4288
pearl_earrings,4281
pink_coat,4275
starry_sky_print,4272
diagonal_stripes,4250
brown_necktie,4249
white_trim,4222
shimakaze_(kancolle)_(cosplay),4211
blue_armor,4207
backless_leotard,4206
eyebrow_piercing,4190
orange_shoes,4189
yellow_belt,4187
multicolored_shoes,4181
brown_kimono,4180
duffel_bag,4177
meiji_schoolgirl_uniform,4170
korean_clothes,4155
no_eyewear,4147
triangle_earrings,4136
studded_belt,4120
white_armor,4111
mouth_veil,4100
party_hat,4090
neckwear_grab,4090
aqua_jacket,4090
pink_pantyhose,4083
green_socks,4082
pink_pajamas,4081
gorget,4070
brown_hairband,4067
helm,4059
white_mask,4052
space_helmet,4050
open-toe_boots,4047
headlamp,4043
star_choker,4038
pink-tinted_eyewear,4033
uneven_sleeves,4032
porkpie_hat,4015
alternate_legwear,4011
tuxedo,4010
multicolored_bodysuit,4010
butterfly_print,4002
turtleneck_leotard,4002
lace_bra,3991
multicolored_shirt,3969
orange_scarf,3968
nape,3967
ankle_lace-up,3964
pink_vest,3955
gold_armor,3953
red_one-piece_swimsuit,3947
lace-trimmed_sleeves,3937
puffy_shorts,3936
white_romper,3928
orange_thighhighs,3921
winged_helmet,3913
horizontal-striped_thighhighs,3910
see-through_leotard,3907
grey_scarf,3905
pith_helmet,3893
pant_suit,3892
lip_piercing,3891
grey_belt,3885
zero_suit,3881
stiletto_heels,3879
yellow_coat,3872
school_hat,3863
magatama_necklace,3846
cropped_vest,3830
orange_pants,3828
multicolored_leotard,3822
collared_cape,3820
multicolored_gloves,3817
blue_collar,3806
cropped_hoodie,3789
santa_bikini,3787
butler,3784
vertical-striped_skirt,3783
turban,3779
adjusting_gloves,3762
blue_armband,3761
argyle_pantyhose,3760
purple-tinted_eyewear,3744
carrot_necklace,3740
ainu_clothes,3719
sleep_mask,3713
thigh_ribbon,3708
yugake,3704
blue_headband,3702
cross-laced_dress,3691
crotchless_panties,3689
tangzhuang,3681
boxing_gloves,3679
contrast_collar,3679
blue-tinted_eyewear,3675
yellow_choker,3675
bow_legwear,3666
plaid_pants,3651
bomber_jacket,3649
purple_capelet,3648
samurai,3646
star_necklace,3639
striped_sweater,3637
yellow_pants,3637
holding_unworn_helmet,3635
combat_helmet,3618
multicolored_coat,3604
negligee,3603
fur-trimmed_cloak,3593
sweatpants,3574
plaid_bikini,3562
loose_bowtie,3549
cherry_blossom_print,3546
vertical-striped_pantyhose,3546
hand_on_eyewear,3537
red_hood,3534
gold_hairband,3531
diagonal-striped_bowtie,3530
prayer_beads,3528
biker_clothes,3522
gold_crown,3518
tricorne,3501
blue_cloak,3501
white_serafuku,3490
satchel,3483
oni_mask,3480
prostitution,3478
feather-trimmed_sleeves,3477
puffy_pants,3472
hakama_pants,3471
seamed_legwear,3470
ouji_fashion,3467
bow_earrings,3466
mechanical_hands,3461
armored_gloves,3458
pink_collar,3458
striped_shorts,3457
open_robe,3453
green_apron,3445
strapless_bra,3444
layered_kimono,3441
eyewear_strap,3433
impossible_leotard,3426
diadem,3425
diving_mask,3423
see-through_legwear,3412
hooded_robe,3404
open-chest_sweater,3404
hawaiian_shirt,3403
gradient_dress,3403
animal_bag,3400
tiger_stripes,3399
orange_choker,3398
hand_tattoo,3397
bandaid_on_hand,3394
champion's_tunic_(zelda),3389
pink_sailor_collar,3367
leg_belt,3365
black_buruma,3365
impossible_dress,3364
side-tie_leotard,3362
checkered_necktie,3358
blue_robe,3355
traditional_nun,3342
halter_shirt,3336
dalachi_(headdress),3335
plaid_hat,3329
pencil_dress,3327
two-sided_coat,3325
polka_dot_dress,3323
shared_scarf,3322
seigaiha,3322
chaps,3321
yellow_sweater_vest,3318
millennium_cheerleader_outfit_(blue_archive),3310
two-tone_ribbon,3305
platform_heels,3304
stole,3303
yellow_socks,3294
side_cape,3292
tight_shirt,3288
sweatband,3278
brown-framed_eyewear,3268
purple_hoodie,3268
frilled_shorts,3265
ribbed_socks,3257
pillbox_hat,3254
strawberry_print,3249
two-tone_bowtie,3242
yellow_sleeves,3241
yellow_bra,3235
plaid_jacket,3235
checkered_kimono,3233
brown_cloak,3229
eyewear_on_headwear,3227
poncho,3226
buttoned_cuffs,3222
multicolored_bow,3222
brown_corset,3215
hands_on_headwear,3213
purple_socks,3210
arm_armor,3194
fur-trimmed_legwear,3191
leather_belt,3187
shoulder_belt,3178
fur-trimmed_skirt,3174
spiked_choker,3154
argyle_thighhighs,3152
tam_o'_shanter,3147
polo_shirt,3138
striped_kimono,3130
spiked_armlet,3120
brown_bowtie,3116
plate_armor,3114
german_clothes,3112
high_heel_sandals,3112
white_hood,3112
shark_hood,3112
fur-trimmed_kimono,3108
black_armband,3104
yellow_armband,3103
circle_skirt,3100
skull_earrings,3096
swim_briefs,3092
latex_gloves,3082
taut_dress,3081
ushanka,3078
fishnet_gloves,3071
claw_ring,3065
industrial_piercing,3043
ribbon-trimmed_collar,3034
sports_bikini,3024
floating_cape,3012
linked_piercing,3009
leg_armor,3007
brown_apron,3004
baseball_mitt,2996
neck,2993
key_necklace,2988
dominatrix,2979
purple_neckerchief,2979
yagasuri,2967
green-framed_eyewear,2957
bolo_tie,2954
black_hood,2953
cropped_sweater,2952
grey_sports_bra,2951
black_garter_belt,2950
low_neckline,2948
coif,2946
dixie_cup_hat,2945
square-end_necktie,2933
cupless_bra,2931
cowboy_western,2928
blue_tunic,2927
pink_one-piece_swimsuit,2924
green_bodysuit,2923
sideless_kimono,2922
open_bra,2918
chef,2918
fold-over_boots,2918
grey_ribbon,2918
ankle_strap,2903
priest,2894
red_mask,2892
fur-trimmed_shorts,2888
crescent_print,2885
bath_yukata,2878
flower_brooch,2877
nail_art,2873
bowl_hat,2865
overall_shorts,2862
skull_mask,2861
green_capelet,2857
budget_sarashi,2856
collared_vest,2855
hiphighs,2844
yellow_cape,2842
orange_hoodie,2838
red_apron,2820
red_sandals,2798
grey_bra,2797
handkerchief,2793
yellow_apron,2774
purple_ascot,2770
grey_bodysuit,2768
grey_bikini,2763
tooth_necklace,2762
deerstalker,2750
two-tone_leotard,2750
pink_camisole,2747
unworn_gloves,2742
sleeveless_hoodie,2739
yellow_bodysuit,2739
lapel_pin,2737
bucket_hat,2736
hand_on_own_neck,2727
belt_bra,2726
hair_extensions,2717
print_jacket,2716
wing_ornament,2715
micro_panties,2711
pinstripe_jacket,2709
striped_gloves,2697
harem_pants,2689
green_tunic,2687
hooded_sweater,2678
multi-strapped_bikini_top,2676
pearl_bracelet,2675
pinstripe_shirt,2675
black_tiara,2673
red_helmet,2667
white_corset,2656
star_brooch,2654
bikesuit,2650
multicolored_boots,2645
lace_choker,2643
yume_kawaii,2642
dress_tug,2640
orange_pantyhose,2639
kigurumi,2637
yellow-tinted_eyewear,2634
metal_hairband,2632
brown_hoodie,2615
shorts_under_dress,2612
orange_sailor_collar,2608
flower_necklace,2600
cross-laced_sleeves,2594
mask_around_neck,2593
tankini,2593
white_leggings,2593
cross_tie,2592
green_pantyhose,2590
mismatched_sleeves,2585
diving_suit,2581
pussy_piercing,2574
necktie_grab,2560
leather_gloves,2555
polka_dot_bra,2554
aqua_hat,2553
usekh_collar,2548
dirndl,2535
orange_vest,2533
pink_cape,2533
brown_sleeves,2526
vertical-striped_jacket,2524
blue_tabard,2521
ajirogasa,2518
brown_bikini,2518
see-through_jacket,2517
hakama_shorts,2506
sleeve_ribbon,2502
print_bra,2488
pants_rolled_up,2485
orange_belt,2480
frilled_sailor_collar,2479
load_bearing_vest,2479
grey_hairband,2477
orange_boots,2475
wrist_bow,2474
food-themed_earrings,2469
camouflage_jacket,2466
hatsune_miku_(cosplay),2458
happi,2457
frilled_leotard,2457
pink_capelet,2456
two-tone_hairband,2456
ribbed_sleeves,2454
cat_ear_hairband,2454
crown_of_thorns,2450
reindeer_costume,2447
shin_guards,2447
blue_helmet,2447
gold_armlet,2440
two-tone_shoes,2439
blue_pajamas,2431
clawed_gauntlets,2423
clover_print,2422
gladiator_sandals,2412
dress_pants,2404
ballet_slippers,2403
bear_print,2385
ghost_costume,2384
huge_bow,2384
hanbok,2380
animal_ear_hood,2374
doctor,2373
lace-trimmed_skirt,2361
ribbon-trimmed_dress,2359
ring_hair_extensions,2359
yellow_leotard,2358
torn_scarf,2357
dress_shoes,2357
aqua_panties,2352
ninja_mask,2347
orange_sweater,2332
cocktail_dress,2314
denim_jacket,2309
middle_ring,2308
jersey_maid,2308
camouflage_pants,2307
heart_collar,2299
rider_belt,2294
ribbed_thighhighs,2288
stained_panties,2283
fur_cape,2283
pointed_crown,2275
rope_belt,2262
green_belt,2260
two-tone_scarf,2257
animal_ear_legwear,2257
tight_dress,2257
lace_gloves,2249
vibrator_under_panties,2246
duffel_coat,2228
square_neckline,2219
multicolored_thighhighs,2215
frilled_ascot,2212
two-tone_cape,2203
shoulder_sash,2201
leather_boots,2198
two-tone_coat,2193
purple_one-piece_swimsuit,2182
sweet_lolita,2174
short_jumpsuit,2174
green_headband,2166
short-sleeved_sweater,2165
green_cloak,2164
black_helmet,2158
eyewear_hang,2155
triangle_print,2154
grey_capelet,2152
motorcycle_helmet,2151
honeycomb_(pattern),2148
cross-laced_shoes,2146
oven_mitts,2141
salaryman,2140
pink_ascot,2136
sideless_shirt,2132
tutu,2116
torn_gloves,2113
two-tone_hoodie,2112
grey_cape,2111
no_gloves,2110
multicolored_kimono,2107
half_mask,2105
purple_serafuku,2103
clitoris_piercing,2100
kimono_skirt,2100
brown_choker,2097
neck_tassel,2093
aqua_gloves,2088
layered_shirt,2080
magatama_earrings,2077
multicolored_hat,2076
kepi,2072
impossible_swimsuit,2068
flower_choker,2067
pentacle,2065
orange_headband,2065
blue_veil,2064
overcoat,2057
potara_earrings,2055
orange_ascot,2047
argyle,2047
silver_trim,2047
lace-trimmed_choker,2046
asa_no_ha_(pattern),2045
blue_sports_bra,2045
athletic_leotard,2044
pinching_sleeves,2039
head_chain,2038
fur-trimmed_collar,2038
tracen_swimsuit,2023
crystal_earrings,2021
hakurei_reimu_(cosplay),2021
noh_mask,2021
scarf_over_mouth,2018
kesa,2017
see-through_veil,2017
sleeved_leotard,2010
white_mittens,2008
wig,2006
shell_bikini,2004
tied_jacket,2004
aviator_sunglasses,2000
ribbed_leotard,2000
jacket_over_swimsuit,1999
short-sleeved_jacket,1997
bartender,1995
yellow_raincoat,1995
purple_cardigan,1991
red_robe,1989
frilled_camisole,1983
two-tone_one-piece_swimsuit,1983
blue_camisole,1980
o-ring_belt,1978
belt_boots,1978
two-sided_dress,1975
orange_socks,1975
striped_hairband,1971
sideless_dress,1971
shirt_under_shirt,1969
key_earrings,1968
green_hakama,1967
new_school_swimsuit,1967
lace-trimmed_gloves,1964
tube_dress,1963
gradient_legwear,1959
tulip_hat,1959
ammunition_belt,1958
streetwear,1954
chain_headband,1954
footwear_ribbon,1953
orange_sleeves,1950
orange_panties,1949
vertical-striped_pants,1949
bandana_around_neck,1945
power_suit_(metroid),1945
print_headwear,1940
grey_serafuku,1940
animal_slippers,1938
combat_boots,1931
steampunk,1928
crocs,1928
bandolier,1926
collared_capelet,1924
coke-bottle_glasses,1923
brown_leotard,1923
frilled_jacket,1922
hat_over_one_eye,1919
training_bra,1916
arched_crown,1916
blue_sandals,1912
blue_hood,1908
cross_choker,1907
brown_panties,1907
adjusting_necktie,1902
green_armband,1902
purple_collar,1892
messenger_bag,1889
green-tinted_eyewear,1888
astronaut,1884
two-tone_legwear,1884
chinese_hairpin,1884
unitard,1883
floral_print_bikini,1874
two-tone_thighhighs,1874
hooded_cardigan,1866
sparkle_print,1860
bicorne,1856
hospital_gown,1853
saiyan_armor,1851
double_vertical_stripe,1846
cowboy_boots,1835
print_hoodie,1833
papakha,1831
blue_sweater_vest,1830
ribbed_bodysuit,1830
green_sweater_vest,1830
turtleneck_jacket,1822
hard_hat,1815
black_bandeau,1815
hanten_(clothes),1804
pom_pom_beanie,1804
shell_necklace,1803
sukajan,1802
leather_pants,1802
bow_skirt,1801
back-seamed_legwear,1799
red_cardigan,1799
grey_suit,1796
diamond_hairband,1796
floating_scarf,1795
punk,1786
body_armor,1784
thighhighs_over_pantyhose,1783
pencil_case,1782
nipple_jewelry,1779
two-tone_sports_bra,1778
spiked_hairband,1778
horn_hairband,1778
musical_note_print,1769
shiny_legwear,1768
yellow_pantyhose,1766
blue_bandana,1765
plaid_panties,1760
amulet,1756
medallion,1755
pink_slippers,1755
polka_dot_swimsuit,1755
fishnet_socks,1751
anchor_necklace,1750
pink_sash,1750
two-tone_boots,1750
side_slit_shorts,1747
boater_hat,1741
heart_pendant,1735
chest_bow,1732
swimsuit_cover-up,1731
pants_under_skirt,1730
teardrop_earrings,1726
mash_kyrielight_(dangerous_beast)_(cosplay),1722
aqua_hairband,1720
uchikake,1718
fatui_coat,1716
sideways_hat,1715
red_mittens,1715
brown_collar,1713
cat_ear_legwear,1712
fur-trimmed_shirt,1705
character_charm,1703
purple-framed_eyewear,1702
wet_dress,1702
polka_dot_shirt,1699
striped_hoodie,1699
blue_shawl,1699
houndstooth,1698
adjusting_legwear,1695
grey_bowtie,1694
grey_leotard,1688
vertical-striped_shorts,1686
hooded_dress,1678
polka_dot_skirt,1677
print_necktie,1673
high-waist_pantyhose,1668
white_shawl,1660
alice_(alice_in_wonderland)_(cosplay),1657
high_tops,1650
lace-trimmed_shirt,1650
skirt_under_dress,1649
bird_print,1641
wing_brooch,1640
police_badge,1640
cargo_pants,1638
aqua_kimono,1637
cross-laced_slit,1636
waist_sash,1635
bridal_legwear,1633
print_sleeves,1633
studded_bracelet,1631
multicolored_hairband,1631
anchor_choker,1629
bear_costume,1625
fake_nails,1625
white_sarong,1625
green_headscarf,1623
black_slingshot_swimsuit,1623
lowleg_pants,1621
panties_on_head,1621
martial_arts_belt,1621
grey_sweater_vest,1621
crew_neck,1620
sleeveless_bodysuit,1617
green_cardigan,1614
blue_suit,1612
kabuto_(helmet),1610
y2k_fashion,1610
wallet,1608
blue_sarong,1606
bird_mask,1606
latex_legwear,1605
multicolored_cape,1605
print_shorts,1597
bindi,1594
aqua_shoes,1591
purple_veil,1577
long_neck,1575
ornate_ring,1575
waiter,1574
vertical-striped_bikini,1574
hooded_bodysuit,1573
hat_with_ears,1568
blue_jumpsuit,1567
bowler_hat,1566
orange_cape,1562
brown_sash,1558
two-tone_necktie,1558
taimanin_suit,1558
purple_robe,1556
multicolored_scarf,1552
puff_and_slash_sleeves,1550
red_suit,1543
string_bra,1541
panties_under_buruma,1539
fur_jacket,1538
mouth_piercing,1535
rabbit_hat,1534
bikini_under_shorts,1530
white_bandeau,1526
bike_shorts_under_shorts,1526
high-low_dress,1525
long_ribbon,1524
fishnet_sleeves,1522
rubber_gloves,1522
green_one-piece_swimsuit,1522
yellow_headband,1522
hooded_vest,1521
shirt_under_dress,1521
kissing_neck,1519
skull_necklace,1517
barefoot_sandals_(jewelry),1517
dress_swimsuit,1516
two-tone_hat,1516
handprint,1515
ao_dai,1514
bib,1507
leather_armor,1504
single_knee_pad,1501
studded_choker,1500
red_hanfu,1499
multi-strapped_panties,1489
jacket_over_hoodie,1487
back-print_panties,1485
mitre,1478
grey_choker,1478
white_nightgown,1476
green_armor,1475
shirt_overhang,1470
open-toe_shoes,1469
pinstripe_dress,1463
red_tabard,1463
normal_suit_(gundam),1459
white_armband,1458
pill_earrings,1453
orange_jumpsuit,1449
lace-trimmed_hairband,1449
red_sports_bra,1448
pink_hakama,1448
cellphone_charm,1442
spiked_ear_piercing,1437
pinstripe_suit,1437
ipod,1433
two-tone_sweater,1432
converse,1430
cat_costume,1430
green_sash,1429
white_tabard,1429
two-tone_veil,1427
mismatched_earrings,1426
vertical-striped_socks,1422
gathers,1420
grey_cloak,1420
fur_cloak,1416
purple_hakama,1415
purple_tabard,1414
purple_armor,1413
vertical-striped_kimono,1411
brown_bra,1409
red_crown,1408
checkered_shirt,1407
changpao,1406
labret_piercing,1406
sailor_senshi,1405
down_jacket,1405
two-sided_cloak,1403
striped_vest,1401
pleated_shorts,1400
star-shaped_eyewear,1397
bathrobe,1395
floral_print_dress,1394
aqua_bra,1393
body_horror,1393
flower_hairpin,1391
maple_leaf_print,1385
nejiri_hachimaki,1384
hooded_track_jacket,1384
yellow_cloak,1384
cross-laced_legwear,1382
coat_dress,1380
hat_belt,1380
biting_glove,1377
wizard,1376
sports_panties,1375
virgin_destroyer_sweater,1371
strawberry_panties,1370
tuanshan,1369
two-sided_skirt,1367
white_garter_belt,1363
multicolored_hoodie,1360
pelt,1359
green_ascot,1355
wallet_chain,1354
sling_bikini_top,1353
white_helmet,1353
wa_lolita,1351
cyber_fashion,1351
ankle_bow,1351
waist_ribbon,1347
hand_in_own_panties,1346
purple_cloak,1345
hat_tassel,1344
pom_pom_earrings,1342
surcoat,1341
ruffle_bikini,1341
snake_earrings,1337
amesuku_gyaru,1336
military_dress_uniform,1335
grey_apron,1333
cuff_links,1330
polka_dot_ribbon,1330
two-tone_kimono,1327
fur-trimmed_thighhighs,1322
fur_boots,1320
stripper,1317
pilot,1317
orange_leotard,1315
polka_dot_pajamas,1314
diamond_earrings,1313
skirt_basket,1312
sam_browne_belt,1312
red_track_suit,1312
green_bandana,1309
plaid_ribbon,1304
butterfly_brooch,1303
overall_skirt,1302
brown_neckerchief,1299
white_bridal_gauntlets,1299
aqua_thighhighs,1297
aqua_leotard,1297
crescent_necklace,1291
aviator_cap,1287
nipple_chain,1286
glitter,1285
metamoran_vest,1285
rabbit_costume,1280
gold_shoes,1276
rice_hat,1273
ganguro,1273
female_service_cap,1270
tenshi_kaiwai,1269
winged_shoes,1268
argyle_sweater,1268
panty_lift,1264
criss-cross_straps,1264
yellow_camisole,1259
sophist's_robe_(ff14),1258
pointy_shoes,1257
pinstripe_pants,1256
aqua_shorts,1255
peach_hat_ornament,1251
black_jumpsuit,1251
green_jumpsuit,1249
varia_suit,1248
white_pajamas,1247
pilot_suit,1245
brown_mittens,1244
frilled_armband,1244
horned_mask,1244
unworn_necktie,1235
pink_track_suit,1229
striped_coat,1229
fur_shawl,1227
armored_leotard,1224
two-tone_pants,1222
checkered_dress,1220
fascinator,1220
pink_sandals,1218
checkered_bow,1211
helmet_over_eyes,1211
dongtan_dress,1210
plaid_bra,1208
ear_chain,1208
white_tunic,1202
holding_bra,1200
aqua_sleeves,1200
penguin_hood,1200
satin_panties,1199
bikini_shorts,1196
panties_under_shorts,1195
see-through_sarong,1194
little_red_riding_hood_(fairy_tale_character)_(cosplay),1193
pink_sweater_vest,1189
shiny_swimsuit,1188
emo_fashion,1187
red_bandeau,1183
leaf_earrings,1181
camouflage_headwear,1180
kariyushi_shirt,1180
turtleneck_bodysuit,1179
band_uniform,1178
hololive_idol_uniform_(origin),1178
checkered_sash,1177
print_sweater,1175
flak_jacket,1174
white_jumpsuit,1173
black_bandana,1170
parasite_suit_(darling_in_the_franxx),1168
cross-laced_skirt,1167
leaf_hat_ornament,1166
glove_bow,1162
o-ring_swimsuit,1158
frilled_wristband,1150
penis_in_panties,1149
gingham,1143
bear_hood,1143
scale_armor,1142
cum_on_eyewear,1141
blue_haori,1139
studded_collar,1137
warrior,1136
yellow_one-piece_swimsuit,1136
orange_coat,1133
broken_armor,1133
long_scarf,1132
green_robe,1132
silver_dress,1132
sayagata,1130
space_print,1129
adjusting_panties,1128
midriff_sarashi,1125
high_belt,1125
german_flag_bikini,1125
striped_one-piece_swimsuit,1124
wedge_heels,1118
plaid_lapels,1117
pumpkin_hat,1115
lowleg_skirt,1115
see-through_panties,1111
patterned,1110
decora,1109
micro_bra,1109
unworn_scarf,1106
snake_print,1106
butterfly_earrings,1106
taut_leotard,1104
detached_hood,1099
masquerade_mask,1099
pointy_boots,1098
scouter,1097
red_shawl,1096
vertical-striped_panties,1095
adjusting_scarf,1094
scoop_neck,1094
standard_bearer,1091
black_coat_(kingdom_hearts),1091
two-tone_shorts,1091
ski_goggles,1090
strapless_bottom,1085
detached_leggings,1084
corsage,1081
victorian,1080
tengu_mask,1078
backless_swimsuit,1078
gold_circlet,1076
multicolored_bowtie,1075
safety_glasses,1074
brown_ascot,1073
fur-trimmed_leotard,1073
latex_leotard,1069
front-hook_bra,1067
armbinder,1067
rash_guard,1067
2b_(nier:automata)_(cosplay),1066
animal_helmet,1066
fruit_hat_ornament,1065
mizu_happi,1064
yellow_sailor_collar,1062
checkered_hairband,1061
print_sarong,1060
red_camisole,1058
triangular_eyewear,1057
grey_ascot,1057
white_bandana,1057
red_corset,1056
female_butler,1055
black_overalls,1052
torn_socks,1048
gold_belt,1044
orange_apron,1043
grey_camisole,1042
pantyhose_under_swimsuit,1042
monk,1037
cassock,1030
dress_ribbon,1029
pink_sports_bra,1028
print_pants,1028
pearl_thong,1026
panda_hood,1026
hat_over_eyes,1025
collared_shrug,1025
yellow_sandals,1025
shoulder_guard,1023
plaid_shorts,1019
cross-laced_bikini,1016
horned_hat,1016
green_helmet,1015
heisei_retro,1012
side-tie_shirt,1011
taut_swimsuit,1009
hand_in_another's_panties,1005
funeral_dress,1005
gold_thighlet,1005
orange_bra,993
ring_necklace,993
sailor_swimsuit_(idolmaster),992
train_conductor,991
aqua_vest,990
cardigan_under_jacket,990
purple_apron,987
multicolored_ribbon,987
fur-trimmed_bikini,987
pendant_watch,983
broken_eyewear,982
sweater_jacket,982
white_slippers,978
striped_pajamas,976
yellow_capelet,973
chest_guard,970
print_scarf,966
aqua_pants,966
tsumami_kanzashi,966
spiked_jacket,966
gradient_skirt,965
high-visibility_vest,965
peony_print,964
coin_purse,964
mechanic,962
green_serafuku,961
arm_out_of_sleeve,958
biting_neck,956
qi_lolita,955
green_overalls,955
heart_panties,952
yami_kawaii,951
pendant_collar,951
latex_thighhighs,948
aristocratic_clothes,947
compression_shirt,947
belt_skirt,940
virtual_pet_(toy),940
blue_mittens,940
wrist_flower,939
amazon_warrior,939
race_bib,939
star_print_bikini,937
print_swimsuit,936
torn_hat,936
orange_goggles,936
blue_corset,935
obidome,934
lace-trimmed_collar,932
right-over-left_kimono,932
gyaruo,931
racing_suit,930
white_slingshot_swimsuit,930
padlocked_collar,928
cow_costume,928
grey_one-piece_swimsuit,928
stahlhelm,927
flower_hairband,926
print_socks,925
bear_panties,924
camouflage_shirt,924
brown_robe,923
aqua_sailor_collar,920
purple_headband,920
gold_tiara,920
green_collar,917
brown_serafuku,917
see-through_one-piece_swimsuit,916
animal_around_neck,914
front-print_panties,913
wrist_belt,913
boutonniere,909
yellow_headscarf,909
fur_choker,908
bead_choker,907
crown_hair_ornament,907
pink_headband,906
character_hood,898
multicolored_pantyhose,897
leggings_under_shorts,897
multicolored_stripes,896
glove_cutout,896
broken_mask,896
aqua_scarf,893
mini_witch_hat,890
mortarboard,889
hololive_idol_uniform_(bright),888
armored_bodysuit,887
brown_suit,887
grey_helmet,885
cherry_print,883
gradient_ribbon,883
balaclava,882
pants_under_dress,881
armored_skirt,881
spiked_belt,881
zebra_print,880
frilled_shawl,880
purple_sweater_vest,877
print_ribbon,875
pointy_hat,874
unworn_necklace,873
black_nightgown,869
fishnet_bodystocking,867
fortified_suit,867
rosary,866
white_hakama,866
hat_bell,865
heart_belt,865
green_hood,864
tooth_earrings,862
fur_bikini,861
spiked_armor,860
leopard_print_bikini,859
ankle_garter,858
flower_trim,856
lifeguard,855
two-tone_sleeves,854
brown_bodysuit,852
front-tie_bra,851
kirisame_marisa_(cosplay),851
ascot_between_breasts,851
panties_over_pantyhose,850
spiked_boots,850
black_bustier,848
zipper_dress,848
penguin_costume,845
ribbon-trimmed_shirt,845
orange_bandana,845
shirt_bow,844
polka_dot_bowtie,841
yellow_armor,841
yaopei,840
character_mask,839
multicolored_necktie,839
morrigan_aensland_(cosplay),838
orange_sash,835
frilled_vest,833
skull_hat_ornament,831
classic_lolita,830
asymmetrical_pants,829
souryuu_asuka_langley_(cosplay),828
gradient_jacket,828
black_bonnet,827
wrist_straps,824
lei,824
checkered_legwear,822
brown_shawl,821
furisode_sleeves,820
gold_collar,820
grey_armor,820
spurs,817
kaname_madoka_(cosplay),816
collared_leotard,815
striped_neckerchief,815
green_pajamas,815
side-tie_swimsuit,815
patterned_hair,813
gradient_kimono,813
anchor_earrings,813
print_pajamas,812
ribbon-trimmed_capelet,811
sun_earrings,811
victorian_maid,809
purple_hood,809
grey_robe,808
plague_doctor_mask,805
horned_hood,804
taichou_haori,803
panties_over_garter_belt,803
cardigan_vest,802
backless_bodysuit,800
lace_thighhighs,799
removing_eyewear,797
green_camisole,796
ribbon_earrings,791
trinity_general_school_swimsuit,791
underwear_writing,790
backless_panties,789
kamina_shades,788
pinstripe_vest,788
pink_sarong,786
plaid_sleeves,783
vertical-striped_vest,781
front-seamed_legwear,780
collar_grab,780
mask_over_one_eye,780
two-tone_panties,780
brown-tinted_eyewear,779
oxygen_mask,777
studded_gloves,777
spiked_helmet,774
side-tie_skirt,769
purple_armband,768
orange-framed_eyewear,767
bell-bottoms,767
print_apron,767
piano_print,766
monocle_chain,765
zipper_skirt,764
finger_tattoo,763
yellow_bandana,762
colored_stripes,761
two-tone_vest,759
lowleg_shorts,758
judgement_armband_(toaru),757
gold_bra,757
striped_belt,755
hair_belt,754
captive_bead_ring,752
pinstripe_skirt,752
hip_armor,752
heart_hat_ornament,750
black_sarong,750
jacket_over_shoulder,749
purple_camisole,749
short_yukata,746
hololive_summer_2023_swimsuit,744
c-string,743
wing_piercing,743
bell_earrings,742
pleated_shirt,741
royal_robe,741
padded_jacket,741
multicolored_pants,741
baseball_helmet,739
chrysanthemum_print,739
glove_pull,739
implied_pantyshot,738
collar_jewel,738
hooded_shirt,738
rainbow_bikini,737
purple_corset,736
purple_sarong,735
green_suit,735
halter_leotard,733
o-ring_panties,733
thigh_bow,733
black_shawl,732
see-through_thighhighs,731
cross-laced_corset,729
black_overskirt,727
black_hiphighs,727
yellow_pajamas,726
black_haori,725
waraji,724
ribbon-trimmed_socks,723
yellow_jumpsuit,719
brown_hakama,717
string_around_finger,716
front_zipper_swimsuit_(realise),716
american_flag_shirt,716
mismatched_thighhighs,715
long_hoodie,714
blue_hanfu,713
see-through_shawl,713
knit_hat,712
morning_glory_print,711
multiple_hat_bows,711
detached_pants,710
brown_overalls,710
swimsuit_skirt,709
metal_gloves,707
layered_gloves,703
lemon_print,703
polka_dot_hairband,703
undone_neckerchief,701
frilled_sash,701
black_headdress,700
vertical-striped_bra,699
impossible_sweater,698
feather_dress,697
grey_hakama,695
sheep_costume,694
chain_belt,694
print_eyepatch,693
bone_necklace,693
grey_overalls,691
tote_bag,690
plaid_apron,690
red_jumpsuit,690
tiger_costume,688
print_hairband,687
shell_earrings,685
guimpe,684
frilled_bonnet,684
spiked_gauntlets,684
cow_ear_hairband,684
red_sweater_vest,683
side-tie_dress,681
camouflage_bikini,680
backless_shirt,679
argyle_socks,678
spiked_anklet,677
pickelhaube,676
gradient_sleeves,675
dj,672
see-through_bikini,672
yellow_collar,671
orca_hood,671
criss-cross_back-straps,670
yellow_overalls,670
pink_serafuku,670
high-low_skirt,669
ribbon-trimmed_bikini,669
spiked_headband,669
green_sports_bra,667
aqua_choker,665
pink_helmet,664
whale_hat,663
wrestling_mask,662
gold_sandals,660
hand_hair,659
o-ring_collar,657
print_boots,654
flight_suit,654
asymmetrical_armor,654
mystical_high_collar,653
hands_on_another's_neck,653
gold_boots,652
red_sarong,651
winged_boots,650
pilot_helmet,650
tank_helmet,650
bruce_lee's_jumpsuit,650
latex_boots,650
glove_in_mouth,649
silver_earrings,649
belt_bag,648
linked_collar,646
too_many_frills,645
skull_belt,645
green_hanfu,645
aqua_boots,644
side-seamed_legwear,641
red_headscarf,641
pikachu_(cosplay),640
socks_over_pantyhose,639
deal_with_it_(meme),638
sweater_guard,638
ribbon-trimmed_bra,638
checkered_haori,638
plaid_socks,637
back_ribbon,637
panties_around_ankles,635
archery_shooting_glove,633
grey_sandals,633
aqua_pantyhose,633
ornate_armor,631
purple_suit,631
saber_(fate)_(cosplay),630
multicolored_shorts,630
bone_print,629
ears_through_hood,629
only_pantyhose,628
red_slippers,628
print_leotard,627
aqua-framed_eyewear,626
crinoline,626
aqua_sweater,626
sleeveless_duster,624
collar_tug,624
blue_headscarf,622
hat_pin,621
tailcoat_playboy_bunny,621
yellow_slingshot_swimsuit,619
aqua_cape,618
unworn_legwear,616
omamori,615
sailor_moon_(cosplay),615
red_bonnet,615
sombrero,613
purple_sandals,613
bunny_slippers,613
shirt_under_sweater,612
purple_sports_bra,612
orange_cardigan,612
white_haori,612
transformation_brooch_(sailor_moon),611
polka_dot_camisole,609
convenient_skirt,609
two-sided_gloves,609
swim_goggles,608
chun-li_(cosplay),606
fold-over_gloves,604
adjusting_bra,602
firefighter,602
butterfly_print_kimono,601
two-tone_capelet,601
see-through_bodysuit,599
purple_tunic,599
zipper_leotard,599
headwear_with_attached_mittens,599
aqua_coat,597
band_shirt,594
silver_bracelet,594
nohrian_maid_uniform,594
eel_hat,593
undone_sarashi,592
gradient-tinted_eyewear,590
akemi_homura_(cosplay),590
penis_piercing,589
clitoris_ring,588
black_unitard,586
elbow_sleeve,585
grey_collar,585
bead_anklet,585
panties_on_penis,584
print_bodysuit,583
oxfords,582
teardrop-framed_glasses,582
lum_(cosplay),581
grape_hat_ornament,580
see-through_bra,580
bandana_over_mouth,579
heart_ring_choker,579
christmas_sweater,576
lace_collar,575
cherry_earrings,574
scientist,573
ribbon_between_breasts,573
fur_capelet,573
aqua_one-piece_swimsuit,572
putting_on_gloves,570
print_bandana,570
ribbon-trimmed_gloves,568
brown_helmet,567
white_bonnet,566
spiked_gloves,565
long_jacket,565
yellow_helmet,564
red_slingshot_swimsuit,564
asymmetrical_dress,564
lace-trimmed_bikini,564
hestia_(danmachi)_(cosplay),562
school_swimsuit_flap,562
red_tunic,561
ko-omote_mask,561
dog_costume,560
white_overalls,560
orange_capelet,559
fold-over_collar,559
heart-shaped_bag,558
blue_bandeau,558
prisoner,555
suspenders_hanging,555
lace-trimmed_apron,555
hanafuda_earrings,555
flight_attendant,554
wave_print,554
camouflage_skirt,554
frankenstein's_monster_(cosplay),553
florence_nightingale_(trick_or_treatment)_(fate)_(cosplay),553
wet_pantyhose,553
aqua_socks,551
nontraditional_school_swimsuit,550
argyle_dress,549
green_buruma,549
symphogear_pendant,546
pink_buruma,545
fur-trimmed_shoes,545
ribbed_cardigan,545
silver_necklace,544
red_haori,544
bodystocking_only,544
floating_crown,543
black_headscarf,543
hooded_leotard,543
buddhist_nun,542
quilted_jacket,542
ayanami_rei_(cosplay),540
vertical-striped_gloves,539
hair_through_hood,538
sports_sandals,537
hat_loss,536
matoi_ryuuko_(cosplay),536
two-tone_leggings,536
watermelon_print,535
aviator_goggles,532
pink_robe,532
yellow_hood,531
digital_walkman,530
plug_(piercing),530
shorts_under_shorts,530
cargo_shorts,529
vertical-striped_necktie,529
ribbon-trimmed_panties,528
plaid_shawl,528
checkered_ribbon,528
toque_blanche,527
scarf_grab,527
bell_sleeves,526
see-through_raincoat,525
cat_panties,524
striped_leggings,524
miku_collar_bikini,524
green_sarong,523
two-tone_pantyhose,523
tenugui,522
cashier,522
cutoff_jeans,521
floral_print_skirt,521
fur-trimmed_vest,520
chinese_armor,520
fox_hat,519
shiranui_mai_(cosplay),519
ribbon-trimmed_bow,518
aqua_hoodie,518
samurai_jacket_(cyberpunk),518
rectangular_earrings,517
labia_piercing,516
plaid_capelet,516
lowleg_pantyhose,516
locket,515
sunflower_print,515
cum_in_panties,514
black_slippers,514
lace-trimmed_garter_belt,511
plaid_coat,511
medjed_(fate)_(cosplay),510
floral_print_shirt,510
skull_brooch,509
panda_costume,507
holding_gloves,507
see-through_gloves,507
yellow_sports_bra,505
bodycon,504
mario_(cosplay),504
print_cape,504
heattech_leotard,504
pink_armor,503
red_overalls,503
birthday_sash,503
pink_mittens,502
striped_hat,502
white_sweater_vest,502
print_haori,501
camouflage_shorts,499
gradient_necktie,499
tassel_choker,498
multicolored_socks,496
pants_under_shorts,496
aqua_belt,496
glitter_dress,494
print_sash,494
wolf_hood,494
florence_nightingale_(fate)_(cosplay),492
two-tone_socks,492
dog_hood,492
striped_suit,491
hijab,490
fishbowl_helmet,490
collar_chain_(jewelry),489
lace-trimmed_bow,489
conductor,488
yellow_shawl,488
torn_leggings,487
large_buttons,486
orange_one-piece_swimsuit,486
book_on_head,485
chain_earrings,485
haori_himo,484
horseshoe_hat_ornament,484
wing_print,483
black_crown,483
purple_pajamas,482
figure_skating_dress,482
pink_hood,482
wet_thighhighs,482
gingham_apron,481
sandogasa,480
bucket_on_head,480
blue_leggings,480
gold_anklet,479
gradient_gloves,479
buster_shirt,479
puritan_collar,478
pocket_square,478
neck_warmer,477
butterfly_necklace,477
rabbit_mask,477
multicolored_armor,477
feather_necklace,475
arm_scarf,475
ribbed_panties,475
torn_bra,474
plaid_sailor_collar,474
brodie_helmet,472
orange_sports_bra,472
skirt_cutout,472
kagamine_rin_(cosplay),471
wing_cape,471
green_sandals,470
pink_shawl,469
blue_slippers,469
moon_print,468
kinomoto_sakura_(cosplay),468
hololive_idol_uniform_(color_rise),468
hazmat_suit,466
leather_skirt,466
safari_jacket,465
latex_pants,465
blood_on_gloves,464
shin_strap,463
star_panties,463
metal_belt,462
purple_shawl,462
latex_dress,460
firefighter_jacket,460
highleg_dress,459
orange_armband,459
suspenders_gap,459
plaid_collar,459
vertical-striped_coat,459
blue_slingshot_swimsuit,458
green_suspenders,458
bicycle_helmet,457
padded_coat,457
pink_mask,457
black_pajamas,457
polka_dot_scarf,456
izayoi_sakuya_(cosplay),456
polka_dot_necktie,456
striped_choker,455
welding_mask,455
animal_ears_helmet,455
brown_hood,454
grey_sash,454
mayqueen_maid_uniform,454
pink_armband,454
crescent_choker,452
lilith_(darkstalkers)_(cosplay),452
stone_mask_(jojo),452
peaked_lapels,452
print_hat,452
brown_headband,451
multicolored_capelet,451
mma_gloves,450
striped_camisole,450
cross-laced_sandals,449
ichimegasa,449
fur-trimmed_mittens,449
armored_legwear,448
rounded_collar,448
embroidered_bra,448
orange_tabard,448
native_american_headdress,447
new_mask_of_hope,447
white_raincoat,447
championship_belt,446
denim_overalls,446
russian_clothes,445
anchor_hat_ornament,445
admiral_(kancolle)_(cosplay),444
crown_bow,444
spider_lily_print,443
mash_kyrielight_(cosplay),443
ankh_necklace,443
cross-laced_shorts,443
no_detached_sleeves,441
plum_blossom_print,441
green_corset,441
purple_helmet,441
blue_mask,441
layered_legwear,440
backwards_virgin_killer_sweater,440
crystal_necklace,438
military_coat,438
large_ribbon,438
collar_tabs,437
leaf_bikini,436
tomoe_mami_(cosplay),436
scarf_bow,436
partially_opaque_glasses,436
hand_jewel,435
white_rabbit_(alice_in_wonderland)_(cosplay),435
multicolored_panties,434
tool_belt,434
silver_bikini,434
black_bloomers,431
groucho_glasses,430
bib_collar,430
purple_buruma,430
panties_visible_through_clothes,430
gold_leotard,430
piercing_through_clothes,429
mushroom_hat,429
blue_overskirt,429
vertical-striped_bodysuit,429
corset_piercing,428
3d_glasses,427
lace_pantyhose,427
putting_on_headwear,427
pink_overalls,425
guan_hat,425
camellia_print,424
black_mittens,424
fur-trimmed_robe,424
skull_choker,423
body_jewelry,423
frilled_coat,423
normal_suit_(metroid),422
deva_battle_suit,422
silver_hairband,422
yellow_robe,422
floral_print_sash,420
brown_tunic,417
butterfly_choker,417
chain_bracelet,414
see-through_dress_layer,414
paper_hat,412
see-through_camisole,412
frilled_boots,411
cow_hood,411
brown_slippers,411
ribbon-trimmed_hairband,410
single_arm_guard,410
rabbit_earrings,410
grey_hood,410
multicolored_sleeves,408
cross_pendant,408
checkered_bikini,407
covered_piercing,407
big_bad_wolf_(cosplay),406
lightning_bolt_earrings,406
gold_gloves,406
gold_dress,405
polka_dot_neckerchief,404
orange_collar,403
two-sided_capelet,403
nijisanji_idol_uniform,403
jack-o'-lantern_earrings,401
two-tone_bra,400
tifa_lockhart_(cosplay),399
o-ring_dress,399
blue_crown,398
feather-trimmed_dress,398
bra_slip,396
vertical-striped_scarf,394
checkered_hat,394
bear_hat,393
mismatched_socks,393
necktie_between_pectorals,393
feather-trimmed_jacket,391
pink_nightgown,390
grey_mask,390
pendant_earring,389
earflap_beanie,387
pink_leggings,387
feather_coat,386
jin_(headwear),385
see-through_skirt_layer,385
ball_gown,385
hooded_pajamas,384
rin's_pendant_(fate),383
pom_pom_hat_ornament,382
tail_belt,382
cavalier_hat,381
rabbit_panties,381
lace-trimmed_ribbon,381
two-tone_choker,381
cammy_white_(cosplay),380
metal_bikini,380
spade_earrings,380
purple_slingshot_swimsuit,380
flower-trimmed_dress,380
collared_cloak,379
removing_glove,378
yor_briar_(cosplay),378
red_serafuku,378
suzumiya_haruhi_(cosplay),377
fur-trimmed_pants,377
compression_sleeve,375
multi-strapped_bra,375
pink_bandana,374
skull_collar,374
tracen_winter_coat,374
spike_piercing,373
diagonal-striped_shirt,371
purple_mask,371
up_sleeve,370
cross-laced_one-piece_swimsuit,370
cow_hat,370
polished_shoes,369
hoop_skirt,369
satin_bra,369
striped_headband,368
chin_piercing,368
french_girly,366
yellow_sarong,366
bow_camisole,366
red_veil,366
star_bracelet,366
shelf_bra,365
school_nurse,365
wimple,365
green_slippers,365
pinstripe_hat,365
crooked_eyewear,364
pink_crown,364
shoe_belt,364
striped_apron,363
x-ray_glasses,361
dress_of_heaven,361
butterfly_hat_ornament,360
hime_lolita,360
checkered_bowtie,360
conical_hat,360
pink_bloomers,359
black_tunic,359
ribbon_bar,358
camisole_over_clothes,358
zipper_bikini,358
print_coat,358
strawberry_earrings,357
spiked_shoes,356
red_goggles,356
food-themed_hat,356
two-tone_cloak,355
maid_leotard,355
mining_helmet,355
socks_over_thighhighs,353
mini_santa_hat,352
tuxedo_shirt,352
panties_under_bike_shorts,351
flat_top_chef_hat,351
aqua_sash,351
aqua_cardigan,350
frog_hood,350
snowflake_earrings,350
link_(cosplay),349
pink_corset,349
fur-trimmed_armor,349
luchador_mask,348
peter_pan_collar,347
knee_strap,347
miki_sayaka_(cosplay),347
striped_leotard,346
cheek_piercing,345
print_headband,345
pink_cloak,345
shosei,344
reisen_udongein_inaba_(cosplay),344
life_vest,344
glowing_earrings,344
lappet,343
houshou_marine_(cosplay),343
ufo_skirt,342
mechanical_boots,342
neckerchief_between_breasts,341
gradient_shirt,341
slavic_clothes,340
fur_bracelet,340
keffiyeh,339
gat_(hat),339
unofficial_sailor_senshi_uniform,339
lace-trimmed_capelet,339
pearl_choker,339
hyottoko_mask,339
frog_hat,338
flamenco_dress,337
red_pajamas,337
gradient_thighhighs,337
frilled_corset,336
raver,335
leather_suit,335
ribbon-trimmed_apron,334
spiked_thighlet,331
grey_jumpsuit,331
orange_print,330
knuckle_hair,330
green_shawl,329
aqua_ascot,328
orange_sarong,328
fishnet_leotard,328
multicolored_sweater,328
purple_overalls,328
panties_in_mouth,327
orange_overalls,327
studded_garter_belt,327
penguin_hat,326
flandre_scarlet_(cosplay),326
eevee_(cosplay),326
argyle_bow,326
orange_armor,324
picot_trim_panties,324
purple_leggings,324
shirt_behind_neck,324
frog_headband,324
megumin_(cosplay),323
feather_collar,323
eyewear_in_mouth,322
yellow_crown,322
asymmetrical_bodysuit,322
sweater_under_shirt,322
red_suspenders,321
samus_aran_(cosplay),320
artoria_pendragon_(royal_icing)_(fate)_(cosplay),319
see-through_pants,319
kimono_dress,319
red_fundoshi,319
kochiya_sanae_(cosplay),318
remilia_scarlet_(cosplay),318
brown_sports_bra,318
skull-shaped_hat,318
boxing_shorts,318
blue_track_suit,318
saishi,317
pussy_jewelry,317
sakura_kyoko_(cosplay),317
coin_mask,317
vietnamese_clothes,316
floral_dress,315
pink_hanfu,315
purple_bandana,314
cheshire_cat_(alice_in_wonderland)_(cosplay),313
snow_boots,313
brown_camisole,313
dss_choker,313
frilled_nightgown,312
boar_mask,312
bikini_over_clothes,311
tiger_hood,311
fuck-me_shirt,310
puffy_dress,310
studded_jacket,310
gradient_bikini,310
bikini_visible_through_clothes,310
politician,309
see-through_coat,309
hat_under_hood,309
sleeveless_jumpsuit,309
cracked_mask,308
grey_veil,308
bridge_piercing,307
baggy_shorts,307
fur_gloves,307
bird_hat,306
detached_cape,305
vertical-striped_pajamas,305
anti-eyebrow_piercing,304
picture_hat,304
pinstripe_thighhighs,304
gris_swimsuit,304
yoko_littner_(cosplay),303
ribbed_swimsuit,303
embroidered_panties,303
frilled_necktie,303
kessoku_band_t-shirt,303
hands_on_own_neck,302
hand_guard,302
purple_bonnet,302
old_maid,302
crown_earrings,302
sequins,301
character_backpack,301
jessie_(pokemon)_(cosplay),301
kindergarten_teacher,301
cross-laced_leotard,300
gantz_suit,300
panty_mask,300
taut_bodysuit,300
aqua_headband,300
taut_skirt,299
cumdrip_onto_panties,298
lace-trimmed_socks,298
purple_bridal_gauntlets,298
mobile_trace_suit,297
green_track_suit,297
hecatia_lapislazuli_(cosplay),296
checkered_vest,296
no_choker,295
onee_gyaru,295
silver_choker,295
ribbon_as_bra,295
aqua_tunic,295
multicolored_cloak,294
award_ribbon,294
mian_guan,293
aqua_collar,293
black_gothic_dress_(idolmaster),292
diamond_necklace,292
lace-trimmed_camisole,291
collared_sweater,291
gold_bracer,291
parasite_dress_uniform_(darling_in_the_franxx),291
lily_print,290
mad_hatter_(alice_in_wonderland)_(cosplay),290
colored_lapels,290
naval_dress_uniform,290
vault_suit,289
pp_tenshi_t-shirt,289
diving_helmet,288
apple_print,288
lace-trimmed_kimono,288
leather_shorts,288
dress_flip,287
heart_apron,287
striped_bodysuit,287
abydos_high_school_swimsuit,287
nose_pads,286
judge,286
holding_legwear,286
novelty_glasses,285
character_hat,285
black_fundoshi,285
eyewear_around_neck,284
wet_shorts,284
panda_hat,284
lace-trimmed_veil,284
tube_socks,283
grey_shawl,283
print_umbrella,282
round_collar,282
white_loincloth,282
clover_earrings,282
yakumo_yukari_(cosplay),281
kashima_(kancolle)_(cosplay),281
u.a._cheerleader_uniform,281
gingham_dress,280
chanchanko_(clothes),279
multicolored_bra,279
dawn_(pokemon)_(cosplay),279
ribbon-trimmed_kimono,279
print_vest,279
gradient_boots,279
orange_tunic,279
bow_button,279
gold_thighhighs,279
gold_helmet,279
scene_fashion,278
silver_shoes,278
green_mask,278
striped_bandeau,278
chronopattern_dress,278
farmer,277
checkered_jacket,277
country_lolita,276
shirt_down,276
tokiwadai_school_swimsuit,276
leather_vest,276
shawl_lapels,276
fur-trimmed_choker,275
yellow_slippers,275
lace_garter_belt,275
berserker_armor,275
broken_helmet,275
polka_dot_shorts,275
praetor_suit,275
bridgeless_bra,274
semi-circular_eyewear,274
inverted_cross_earrings,274
leopard_print_bra,274
mongolian_clothes,273
armored_shoes,273
leopard_print_panties,273
food-themed_necklace,273
horns_through_hood,273
enoshima_junko_(cosplay),272
grey_leggings,272
print_camisole,272
orange_pajamas,272
triangle_necklace,272
yellow_happi,272
squid_hat,271
pleated_pants,271
usada_pekora_(cosplay),270
shitty_t-shirt_naval_base,270
see-through_cape,270
single_leg_bodysuit,270
adhesive_bra,269
vertical-striped_sweater,269
frilled_pajamas,269
collared_bodysuit,269
pink_slingshot_swimsuit,269
red_leggings,269
polka_dot_apron,268
bullet_earrings,268
paw_sleeves,267
putting_on_legwear,266
artist_glove,266
princess_peach_(cosplay),266
flapper_shirt,266
purple_hanfu,266
print_hakama,265
av_idol,265
plaid_neckerchief,265
konpaku_youmu_(cosplay),264
yellow_tunic,264
shuten_douji_(fate)_(cosplay),263
kisaki_(blue_archive)_(cosplay),263
crown_print,263
red_garter_belt,263
orange_sandals,263
white_hanbok,263
dress_ruff,262
multicolored_neckerchief,262
gold_ribbon,262
smelling_underwear,261
jammers,261
vertical-striped_one-piece_swimsuit,261
horn_piercing,261
sagiri_(kancolle)_(cosplay),260
orange_camisole,260
gingham_skirt,260
argyle_skirt,259
cummerbund,258
clothes_gag,258
black_rock_shooter_(character)_(cosplay),258
ribbon-trimmed_swimsuit,258
choker_jewel,258
kujo_jotaro_(cosplay),257
kiryuuin_satsuki_(cosplay),257
bow_print,257
bra_over_clothes,257
hat_basket,256
changmingsuo,256
itabag,256
pink_headscarf,255
lace_dress,255
hololive_summer_2022_swimsuit,255
nice_nature_(umamusume)_(cosplay),254
rabbit_earmuffs,254
mori_kei,253
argyle_scarf,253
archer_(fate)_(cosplay),253
dark_magician_girl_(cosplay),253
rem_(re:zero)_(cosplay),253
tied_sweater,253
tied_dress,252
cellphone_strap,252
two-tone_neckerchief,252
cirno_(cosplay),252
lace_hairband,252
green_tabard,252
monkey_mask,252
raccoon_hood,252
latex_panties,251
no_scarf,251
taut_sweater,251
plaid_hairband,251
finger_cots,250
clown_mask,250
grey_corset,250
skin_suit_(stellar_blade),250
argyle_sweater_vest,249
mermaid_dress,248
diagonal-striped_ribbon,248
gold_headband,248
mini_chef_hat,248
removing_sock,247
belt_charm,247
clutch_purse,247
rainbow_skirt,247
hip_hop,246
turtleneck_one-piece_swimsuit,246
royal_guard_set_(zelda),246
shampoo_hat,245
boonie_hat,245
1980s_fashion,245
rabbit_ear_legwear,245
bow_swimsuit,245
jingle_bell_earrings,245
brown_one-piece_swimsuit,245
rain_poncho,245
work_gloves,245
frieren_(cosplay),244
frilled_cape,244
eyewear_view,243
game_controller_print,243
yellow_hanfu,243
sleeve_belt,242
swimsuit_costume,242
jack-o'-lantern_hat_ornament,241
petal_print,241
frilled_bracelet,241
knee_armor,241
shutter_shades,240
o-ring_legwear,240
camouflage_scarf,240
ballet_boots,240
cigarette_holder,239
tohsaka_rin_(cosplay),239
buruma_under_skirt,239
qi_maid,239
luigi_(cosplay),238
striped_sports_bra,238
impossible_jacket,238
wet_fundoshi,238
grey_tunic,238
brown_armor,238
belt_bow,238
diagonal-striped_skirt,238
katori_(kancolle)_(cosplay),237
white_turban,237
aqua_apron,237
asymmetrical_skirt,237
fujimaru_ritsuka_(female)_(cosplay),236
knit_sweater,236
silver_armlet,236
fur-trimmed_bra,236
orange_hood,236
mexican_clothes,235
print_shoes,235
cross-laced_gloves,235
grey_slippers,235
floral_print_bra,235
arm_bow,235
sports_sunglasses,235
cure_black_(cosplay),234
kagamine_len_(cosplay),234
latex_skirt,234
winter_gloves,233
two-sided_hoodie,233
blue_nightgown,233
print_mask,233
planet_earrings,233
kiki_(majo_no_takkyuubin)_(cosplay),232
brazilian_miku_(cosplay),232
gradient_bow,232
frilled_pants,232
dress_vest,231
single_bracer,231
striped_sash,230
white_crown,230
lemon_earrings,230
purple_bandeau,229
orange_helmet,229
grey_headband,229
blue_bridal_gauntlets,229
rokku_gyaru,228
hong_meiling_(cosplay),228
zhouzi_jin_(headwear),227
floating_hat,227
black_tabard,227
spiked_cape,227
asymmetrical_shirt,227
serval_(kemono_friends)_(cosplay),226
ribbon_legwear,226
grey_pajamas,226
waist_brooch,225
floral_print_panties,225
flower_bikini,225
red_hiphighs,225
ankle_belt,224
white_coif,224
gradient_cape,224
see-through_sports_bra,224
star_pendant,224
hooded_kimono,224
aqua_capelet,222
scarf_choker,221
mini_shako_cap,221
checkered_neckerchief,221
butterfly_mask,221
orange_cloak,221
white_tiara,221
dinosaur_hood,221
lace_shirt,221
oversized_jacket,220
black_bodystocking,220
areola_piercing,219
kawashiro_nitori_(cosplay),219
yukikaze_(kancolle)_(cosplay),219
white_bustier,219
striped_capelet,219
denim_vest,219
high-cut_armor_(persona),218
fur_skirt,218
sneaking_suit,218
m1_helmet,217
adjusting_collar,217
riding_boots,217
pretzel_bikini,217
fox_hood,217
bra_on_head,216
hooded_jumpsuit,216
black_suspenders,216
satin_bikini,216
cross-laced_jacket,216
american_football_helmet,215
dotera_(clothes),215
himekaji,215
yellow_mittens,215
cross_hat_ornament,215
green_bandeau,215
alice_margatroid_(cosplay),214
amatsukaze_(kancolle)_(cosplay),214
nakabayashi_yoshitaka's_maid_uniform,214
oversized_hat,214
black_track_suit,214
brown_jumpsuit,214
striped_wristband,214
see-through_pantyhose,214
polka_dot_socks,213
jason_voorhees_(cosplay),213
hornet_(hollow_knight)_(cosplay),213
master_crown,213
patchouli_knowledge_(cosplay),212
z3_max_schultz_(kancolle)_(cosplay),212
ro-500_(kancolle)_(cosplay),212
lamellar_armor,212
checkered_apron,212
brown_bandana,212
green_haori,212
gold_headdress,212
yellow_suit,211
wet_jacket,211
hoof_shoes,211
origami_family's_elite_guard_uniform,211
striped_cape,211
geisha,210
prisma_illya_(cosplay),210
aqua_sarong,210
fire_helmet,210
vertical-striped_bow,210
cross-laced_pants,210
print_neckerchief,209
shameimaru_aya_(cosplay),209
grass_skirt,209
security_guard,209
purple_slippers,209
orange_robe,209
bow_apron,209
hand_mouth,208
cure_white_(cosplay),208
gym_teacher,208
sailor_one-piece_swimsuit,208
bikini_top_under_shirt,208
fur-trimmed_sweater,207
american_flag_pants,207
grey_hanfu,207
presenting_bra,206
sun_necklace,206
nontraditional_wedding_dress,206
mexican_dress,206
ribbon-trimmed_shorts,205
yellow_mask,205
pink_bandeau,205
unworn_neckerchief,203
hobble_dress,203
horse_mask,203
polka_dot_kimono,203
double_bikini,203
checkered_panties,202
frenulum_piercing,202
bodyguard,202
bullet_necklace,202
mighty_sailor,202
pineapple_print,201
grid_print,201
jeweled_crown,201
angel's_swimsuit_(idolmaster),201
cafe_maid_(love_live!),201
snowflake_hat_ornament,201
fast_helmet,201
leather_bikini,201
silver_circlet,201
nero_claudius_(bride)_(fate)_(cosplay),200
collared_jumpsuit,200
skirt_under_kimono,200
rolling_sleeves_up,199
agejo_gyaru,199
food-themed_hat_ornament,199
nagato_yuki_(cosplay),199
print_capelet,199
argyle_coat,199
felicia_(darkstalkers)_(cosplay),198
sweater_under_jacket,198
gold_panties,198
black_gauntlets,198
kongou_(kancolle)_(cosplay),197
floral_print_one-piece_swimsuit,197
eyewear_switch,196
character_bag,196
belted_skirt,196
shiny_pantyhose,196
striped_cardigan,196
large_earrings,196
yellow_haori,196
panty_gag,195
gradient_neckerchief,195
ibaraki_kasen_(cosplay),195
mona_(genshin_impact)_(cosplay),195
white_negligee,195
argyle_shirt,195
snow_white_(disney)_(cosplay),194
bat_earrings,194
glowing_armor,194
princess_leia_(cosplay),193
gravure_swimsuit_(idolmaster),193
striped_collar,193
clerical_collar,193
blue_gakuran,193
palette_suit,192
gold_bowtie,192
eggshell_hat,191
futou,191
komeiji_koishi_(cosplay),191
frilled_anklet,191
clawed_boots,191
hikari_(blue_archive)_(cosplay),190
orange_buruma,190
silver_sandals,190
pink_suit,190
food-themed_bag,189
fubuki_(kancolle)_(cosplay),189
pink_jumpsuit,189
sideless_leotard,189
planet_diving_suit_(7th)_(stellar_blade),189
smiley_hat_ornament,189
deviruchi_hat,188
ash_ketchum_(cosplay),188
st._louis_(azur_lane)_(cosplay),188
satin_dress,188
pearl_anklet,188
leather_choker,188
no_neckwear,187
cinderella_(fairy_tale_character)_(cosplay),187
cloud_strife_(cosplay),187
striped_bike_shorts,187
pretty_waitress_(idolmaster),187
strawberry_bra,186
sailor_mars_(cosplay),186
lumine_(genshin_impact)_(cosplay),186
uniform_vest,186
silver_belt,186
gold_slingshot_swimsuit,186
red_bridal_gauntlets,185
studded_armlet,185
white_gakuran,185
no-show_socks,185
sword_earrings,185
fez_hat,184
spider-man_(cosplay),184
gawr_gura_(cosplay),184
impossible_vest,184
heart_belt_buckle,184
yellow_bandeau,184
two-sided_hood,184
field_cap,183
florist,183
polka_dot_sleeves,183
saigyouji_yuyuko_(cosplay),183
anya_(spy_x_family)_(cosplay),183
gingham_shirt,183
yellow_serafuku,183
see-through_shorts,182
drawstring_bag,181
safety_pin_piercing,181
feather-trimmed_gloves,181
asymmetrical_jacket,181
see-through_bridal_gauntlets,181
visual_kei,179
round_bag,179
penny_loafers,179
hat_bobbles,179
checkered_thighhighs,179
see-through_capelet,179
vertical-striped_apron,179
ribbon-trimmed_hood,179
snake_hood,179
sailor_mercury_(cosplay),178
gotoh_hitori_(cosplay),178
ribbed_gloves,178
purple_mittens,178
snowflake_choker,178
indonesian_clothes,177
megurine_luka_(cosplay),177
orange_sweater_vest,177
catcher's_mask,177
rope_necklace,177
tied_hoodie_strings,177
florida_bikini,177
alternate_eyewear,176
reactive_armor,176
large_belt,176
wet_bikini,176
pinstripe_one-piece_swimsuit,176
embroidered_dress,176
gradient_pantyhose,176
white_unitard,176
reindeer_hood,176
toeless_socks,176
animal_earrings,176
modakawa_dress,176
zhuang_hat,175
dentist,175
yazawa_nico_(cosplay),175
blanket_veil,175
frilled_bowtie,175
sailor_moon_narikiri_bra_set,175
mizuki_yukikaze_(cosplay),174
heart_bikini,174
skinny_jeans,174
blue_unitard,174
brown_leggings,174
brown_pajamas,174
sun_wukong_(cosplay),173
yakumo_ran_(cosplay),173
princess_zelda_(cosplay),173
saber_alter_(swimsuit_rider)_(second_ascension)_(cosplay),173
blue_bonnet,173
lariat_(necklace),172
collarbone_piercing,172
shendyt,172
colombian_clothes,172
kuromi_(cosplay),172
elizabeth_bathory_(brave)_(fate)_(cosplay),172
ganyu_(genshin_impact)_(cosplay),172
highleg_buruma,172
leaf_skirt,172
plague_doctor,172
pinstripe_bow,172
two-tone_hanfu,172
fruit_earrings,172
northern_ocean_princess_(cosplay),171
jack_the_ripper_(fate/apocrypha)_(cosplay),171
boko_(girls_und_panzer)_(cosplay),171
black_negligee,171
black_hanbok,171
multicolored_vest,170
zipper_panties,170
latex_bikini,170
layered_swimsuit,170
strapless_kimono,170
lace_socks,169
holly_hat_ornament,169
ninomae_ina'nis_(cosplay),169
long_necktie,169
tall_hat,169
obi_bow,169
layered_shorts,169
see-through_slingshot_swimsuit,169
kyubey_(cosplay),168
drawn_crown,168
ghost_earrings,168
brown_bridal_gauntlets,167
ribbon-trimmed_vest,167
gold_one-piece_swimsuit,167
camouflage_hat,167
pink_bridal_gauntlets,166
pet_cone,165
polka_dot_thighhighs,165
gradient_scarf,165
pinstripe_pantyhose,165
brown_headscarf,164
nohrian_butler_uniform,164
construction_worker,163
fate_testarossa_(cosplay),163
morichika_rinnosuke_(cosplay),163
playboy_bunny_swimsuit,163
wet_pants,163
yin_yang_earrings,163
thigh_armor,163
clover_brooch,163
brown_hiphighs,163
silver_crown,163
kaine_(nier)_(cosplay),162
necklace_between_breasts,162
print_collar,162
gold_bow,162
ofuda_earrings,162
kilt,161
deel,161
tenjou_utena_(cosplay),161
nozomi_(blue_archive)_(cosplay),161
white_buruma,161
frilled_sweater,161
vertical-striped_sports_bra,161
antler_ribbon,161
rabbit_choker,160
fur_leg_warmers,160
hawaiian_clothes,160
umbrella_ribbon,160
red_poncho,160
aqua_bodysuit,160
purple_nightgown,160
polka_dot_pants,160
arts_shirt,160
guard,159
they're_not_panties,159
medusa_(rider)_(fate)_(cosplay),159
fur_armlet,159
lace-trimmed_shorts,159
dog_mask,159
bat_brooch,159
dog_hat,158
nail_ornament,158
techwear,158
taut_shorts,158
snake_armband,158
veil_over_eyes,158
hourglass_earrings,158
grey_crown,158
checkered_sleeves,157
hand_eye,157
mayan_clothes,157
furina_(genshin_impact)_(cosplay),157
bow_bloomers,157
white_overskirt,157
turn_cuff_socks,157
see-through_apron,157
idol_heart_brooch_(precure),157
mimikyu_(cosplay),156
green_slingshot_swimsuit,156
diamond-shaped_brooch,156
sleeveless_tunic,156
panties_under_swimsuit,156
hikikomori,155
necktie_on_head,155
ikari_shinji_(cosplay),155
sonic_the_hedgehog_(cosplay),155
pink_bonnet,155
string_choker,155
purple_turban,155
metal_bra,155
silver_tiara,155
gold_cape,155
antlers_through_hood,155
key_choker,154
moriya_suwako_(cosplay),154
twilight_(spy_x_family)_(cosplay),154
chaperon_hat,154
quick_shirt,154
snowflake_pendant,154
trailblazer's_hat_(honkai:_star_rail),154
spiked_wristband,154
mouse_costume,153
takamachi_nanoha_(cosplay),153
wing_earrings,153
kettle_helm,152
may_(pokemon)_(cosplay),152
black_coif,152
tactical_maid,152
duffel_jacket,152
gradient_pants,152
hand_chains,151
swimsuit_over_clothes,151
silver_bodysuit,151
sallet,150
tamamo_no_mae_(fate)_(cosplay),150
shackle_piercing,150
boar_hood,150
fur-trimmed_panties,149
grey_mittens,149
multicolored_sash,149
pumpkin_mask,149
checkered_sweater_vest,149
paw_print_palms,148
orange_headscarf,148
button_up_skirt,148
mouth_guard,148
plaid_kimono,148
nipple_sleeves,147
wolf_hat,147
polka_dot_jacket,147
ribbed_pantyhose,146
undone_ascot,146
kaga_(kancolle)_(cosplay),146
asuna_(blue_archive)_(cosplay),146
side-tie_shorts,146
blue_surcoat,146
sailor_venus_(cosplay),145
misty_(pokemon)_(cosplay),145
mirko_(cosplay),145
babydoll_t-shirt,145
sleeveless_blazer,145
closed_lab_coat,145
checkered_pants,145
mechanical_gloves,145
heart_bracelet,145
ear_cuffs,144
my_melody_(cosplay),144
bb_dubai_(fate)_(cosplay),144
green_mittens,144
leather_dress,144
steel-toe_boots,144
armored_corset,144
polka_dot_one-piece_swimsuit,144
latex_bra,144
pinstripe_coat,144
legskin,143
suzuya_(kancolle)_(cosplay),143
brown_bandeau,143
dress_straps,143
plaid_thighhighs,143
rosa_(pokemon)_(cosplay),142
dice_earrings,142
heart_bra,142
dress_suit,142
pink_frills,142
transparent_leotard,142
engineer,141
merchant,141
plaid_ascot,141
multicolor-tinted_eyewear,141
libeccio_(kancolle)_(cosplay),141
padded_cloak,141
diamond_choker,141
queen_of_hearts_(alice_in_wonderland)_(cosplay),140
tied_skirt,140
union_jack_bikini,140
revealing_swimsuit_(dq),140
wet_socks,140
purple_jumpsuit,140
fish_hat,140
feather-trimmed_coat,140
shell_brooch,140
feather_cape,140
hime_gyaru,139
denim_dress,139
sailor_jupiter_(cosplay),139
tharja_(fire_emblem)_(cosplay),139
illyasviel_von_einzbern_(beast_style)_(cosplay),139
plaid_pantyhose,139
lace-trimmed_leotard,139
polka_dot_hoodie,139
green_veil,139
jade_bracelet,139
looking_for_glasses,138
trilby,138
ashford_academy_swimsuit,138
wolf_mask,138
argyle_hat,138
rocket_boots,138
wet_bra,138
bird_hood,138
half_eye_mask,138
bear_ear_hairband,138
print_leggings,137
pumpkin_hat_ornament,137
rabbit_hat_ornament,137
finger_ribbon,137
pinstripe_camisole,137
animal_earmuffs,137
princess_dress,137
two-tone_collar,137
shepherd,136
d.va_(overwatch)_(cosplay),136
artoria_pendragon_(swimsuit_ruler)_(fate)_(cosplay),136
wrestling_boots,136
two-sided_ribbon,136
tongue_scarf,136
grey_armband,136
fur_hood,136
venus_bikini,135
fireworks_print,135
miao_clothes,135
polka_dot_pantyhose,135
priest_(dq3)_(cosplay),135
orihime_(tanabata)_(cosplay),135
tenryuu_(kancolle)_(cosplay),135
raiden_shogun_(cosplay),135
blue_bloomers,135
suspender_pants,135
aqua_sandals,135
liquid_dress,135
yokosuka_girls_marine_high_school_swimsuit,135
bead_belt,135
ear_through_crown,135
lantern_earrings,135
thai_clothes,134
multicolored_leggings,134
frog_raincoat,134
lace-up_thighhighs,134
flower_anklet,134
american_flag_skirt,134
partial_bodysuit,134
amekaji_gyaru,133
actor,133
aqua_camisole,133
argyle_necktie,133
butterfly_ring,132
yabi_fashion,132
aerith_gainsborough_(cosplay),132
yamato_(kancolle)_(cosplay),132
shigure_(kancolle)_(cosplay),132
makima_(chainsaw_man)_(cosplay),132
roman_armor,132
cleaning_eyewear,131
chen_(cosplay),131
sherlock_holmes_(cosplay),131
marnie_(pokemon)_(cosplay),131
holy_night_dress_(idolmaster),131
traditional_dress,131
pioneer_neckerchief,131
two-tone_robe,131
musical_note_earrings,131
armor_under_clothes,131
rhinestone,130
fou_(fate)_(cosplay),130
dorothea_arnault_(cosplay),130
klee_(genshin_impact)_(cosplay),130
riot_police,130
flower_panties,130
layered_capelet,130
american_flag_panties,130
sheep_hood,130
multicolored_choker,130
renaissance_clothes,129
cross_piercing,129
ultimate_madoka_(cosplay),129
kirima_syaro_(cosplay),129
gloria_(pokemon)_(cosplay),129
pumpkin_skirt,129
pantyhose_under_buruma,129
studded_hairband,129
collared_socks,129
utility_vest,129
argyle_kimono,129
manba_gyaru,128
harley_quinn_(cosplay),128
agnes_tachyon_(umamusume)_(cosplay),128
kwon_eun-bi_(cosplay),128
long_belt,128
heart_keyhole_panties,128
silver_gloves,128
flower_skirt,128
bag_bow,128
half-dress,127
dunhuang_style,127
xiezhi_guan,127
justina_follower_(blue_archive)_(cosplay),127
gingham_bow,127
two-tone_sash,127
military_police,127
yellow_hakama,127
chinese_hat,127
frilled_hakama,127
high-waist_dress,127
breast_ribbon,127
glowing_mask,127
ukrainian_clothes,126
simon_(ttgl)_(cosplay),126
abigail_williams_(fate)_(cosplay),126
pyra_(xenoblade)_(cosplay),126
tokoyami_towa_(cosplay),126
iono_(pokemon)_(cosplay),126
pumpkin-shaped_pants,126
frilled_garter_belt,126
puffy_coat,126
aqua_shawl,126
sparkle_earrings,126
print_tabard,126
toe_socks,125
finger_puppet,125
jeanne_d'arc_alter_santa_lily_(fate)_(cosplay),125
female_protagonist_(pokemon_go)_(cosplay),125
kalina_(girls'_frontline)_(cosplay),125
pentagram_necklace,125
brown_armband,125
shirt_straps,125
fishnet_dress,125
gradient_coat,125
tennis_skirt,125
two-sided_veil,125
rainbow_hairband,125
frayed_shorts,125
calflet,124
makinami_mari_illustrious_(cosplay),124
seia_(blue_archive)_(cosplay),124
see-through_kimono,124
yellow_poncho,124
flower_collar,124
snowflake_necklace,124
neck_piercing,123
saber_lily_(cosplay),123
fur-trimmed_poncho,123
gold_crown_academy_school_uniform,123
leather_collar,123
large_shoes,123
pink_veil,123
collared_robe,123
edie_crop_hoodie,123
1990s_fashion,122
leather_bag,122
dio_brando_(cosplay),122
warrior_(dq3)_(cosplay),122
wo-class_aircraft_carrier_(cosplay),122
kafuu_chino_(cosplay),122
red_cross_armband,122
purple_garter_belt,122
aqua_pajamas,122
orange_mittens,122
orange-shaped_earrings,122
red_(pokemon)_(cosplay),121
snow_white_(fairy_tale_character)_(cosplay),121
atago_(kancolle)_(cosplay),121
9s_(nier:automata)_(cosplay),121
oyama_mahiro_(cosplay),121
pantyhose_under_pants,121
star_hairband,121
orange_bandeau,121
polka_dot_gloves,121
sheer_gloves,121
balletcore,120
miyafuji_yoshika_(cosplay),120
misaka_mikoto_(cosplay),120
sessyoin_kiara_(cosplay),120
atago_(azur_lane)_(cosplay),120
floral_print_thighhighs,120
flower_bra,120
asymmetrical_bikini,120
medici_collar,119
aran_legwear,119
koakuma_(cosplay),119
lopunny_(cosplay),119
okita_souji_(koha-ace)_(cosplay),119
gotland_(kancolle)_(cosplay),119
leaf_bra,119
aqua_robe,119
multicolored_bandeau,119
manaita_obi,119
water_dress,119
see-through_mask,119
side-tie_one-piece_swimsuit,119
lock_necklace,119
fluffy_legwear,118
komeiji_satori_(cosplay),118
hilda_(pokemon)_(cosplay),118
scathach_(fate)_(cosplay),118
kaban_(kemono_friends)_(cosplay),118
sirius_(azur_lane)_(cosplay),118
blue_raincoat,118
crown_hat,118
grey_headscarf,118
yellow_bloomers,118
flower_dress,118
bridal_swimsuit,118
purple_headscarf,118
frilled_negligee,118
sweater_under_dress,118
lace-trimmed_nightgown,118
collared_halterneck,118
aqua_sweater_vest,118
decoden,117
joy_(pokemon)_(cosplay),117
haruna_(kancolle)_(cosplay),117
sothis_(fire_emblem)_(cosplay),117
ugg_boots,117
propeller_hat,117
hood_over_eyes,117
gold_diadem,117
panties_under_leotard,117
brown_hanfu,117
sailor_jacket,117
aqua_armband,117
removing_helmet,116
monkey_d._luffy_(cosplay),116
hu_tao_(genshin_impact)_(cosplay),116
asymmetrical_shorts,116
cake_hat,116
ribbed_camisole,116
vertical-striped_leotard,116
fishnet_bridal_gauntlets,116
cross-laced_panties,116
pink_negligee,116
tennis_dress,115
naka_(kancolle)_(cosplay),115
lucina_(fire_emblem)_(cosplay),115
johnston_(kancolle)_(cosplay),115
frog_panties,115
padded_gloves,115
pink_garter_belt,115
plaid_sweater,115
rabbit_brooch,115
phrygian_helmet,115
partially_opaque_sunglasses,115
monkey_costume,114
inaba_tewi_(cosplay),114
captain_america_(cosplay),114
nilou_(genshin_impact)_(cosplay),114
starfish_bikini,114
green_leggings,114
witcher_medallion,114
strapless_bodysuit,114
print_robe,114
wing_hat_ornament,114
gold_jacket,114
scapular,113
saber_alter_(cosplay),113
serena_(pokemon)_(cosplay),113
shirakami_fubuki_(cosplay),113
crewmate_(among_us)_(cosplay),113
dorothea_arnault_(plegian)_(cosplay),113
fur_shirt,113
fish_earrings,113
taut_pants,113
panties_on_breasts,112
grey-tinted_eyewear,112
mickey_mouse_(cosplay),112
suigintou_(cosplay),112
himemiya_anthy_(cosplay),112
kasane_teto_(cosplay),112
z1_leberecht_maass_(kancolle)_(cosplay),112
mythra_(xenoblade)_(cosplay),112
vertical-striped_leggings,112
camouflage_panties,112
backless_kimono,112
gradient_neck_ribbon,112
dress_over_shirt,112
pig_costume,111
char_aznable_(cosplay),111
sage_(dq3)_(cosplay),111
gradient_sarong,111
carrot_earrings,111
frilled_bandeau,111
brown_poncho,111
latex_shorts,111
side_labret_piercing,111
simon_shades,110
saddlebags,110
nagato_(kancolle)_(cosplay),110
lace_lappet,110
red_bustier,110
side-seamed_gloves,110
black_loincloth,110
artist_painter,109
stocking_(psg)_(cosplay),109
takao_(kancolle)_(cosplay),109
bow_shorts,109
millennium_necklace,109
tall_crown,109
cross_brooch,109
blue_garter_belt,109
vertical-striped_suit,109
cloche_hat,108
asahina_mikuru_(cosplay),108
kazami_yuuka_(cosplay),108
fur-trimmed_socks,108
fishnet_panties,108
musical_note_necklace,108
frilled_hood,108
checkered_armband,108
gilgamesh_(fate)_(cosplay),107
joker_(dc)_(cosplay),107
turtleneck_bikini_top,107
mask_bikini,107
glowing_bodysuit,107
yellow_corset,107
see-through_socks,107
hev_suit,106
gear_hat_ornament,106
fujiwara_no_mokou_(cosplay),106
shiki_eiki_(cosplay),106
son_goku_(cosplay),106
impossible_skirt,106
see-through_nightgown,106
cropped_cardigan,106
heart_ribbon,106
inverted_cross_necklace,106
hand_in_bra,105
tibetan_clothes,105
four-leaf_clover_necklace,105
sheryl_nome_(cosplay),105
musashi_(kancolle)_(cosplay),105
xingchen_(cosplay),105
shigure_ui_(vtuber)_(cosplay),105
plaid_pajamas,105
flower_hat,105
fur_sweater,105
print_sports_bra,105
floral_print_pants,105
opaque_monocle,105
barber_cape,105
sports_bra_peek,105
acorn_pendant,105
glowing_hat,105
fengguan,104
nishikigi_chisato_(cosplay),104
purple_haori,104
white_hijab,104
jeweled_hat,104
see-through_bow,104
crown_hat_ornament,104
strapless_romper,104
forbidden_pants,104
librarian,103
wingtip_collar,103
jill_valentine_(cosplay),103
m._bison_(cosplay),103
murakumo_(kancolle)_(cosplay),103
green_crown,103
leaf_bracelet,103
lace-up_legwear,102
katsuragi_misato_(cosplay),102
sakata_gintoki_(cosplay),102
orange_hakama,102
yellow_buruma,102
green_poncho,102
fishnet_hiphighs,102
floral_print_jacket,102
orange_hanfu,102
high-waist_panties,101
multicolored_ascot,101
iron_man_(cosplay),101
zuikaku_(kancolle)_(cosplay),101
tamamo_cat_(fate)_(cosplay),101
striped_sarong,101
khaki_pants,101
black_romper,101
cherry_panties,101
gothic_punk,100
loose_panties,100
tsunokakushi,100
raccoon_tails_(hairstyle),100
bridget_(guilty_gear)_(cosplay),100
mankanshoku_mako_(cosplay),100
hoshimachi_suisei_(cosplay),100
yuuka_(blue_archive)_(cosplay),100
magia_baiser_(cosplay),100
pink_leotard_(dq),100
terminator_armor,100
purple_crown,100
two-sided_bow,100
denim_shirt,100
enamel_leather_dark_nurse,100
janitor,99
etna_(disgaea)_(cosplay),99
panty_(psg)_(cosplay),99
meltryllis_(fate)_(cosplay),99
akagi_(kancolle)_(cosplay),99
natsuki_subaru_(cosplay),99
bowsette_(cosplay),99
metal_bracelet,99
impossible_shorts,99
eye_piercing,99
high_heel_sneakers,99
bear_mask,99
argyle_pants,99
rabbit_pajamas,99
sleeveless_vest,99
shell_jacket,99
mouse_hat,99
fur_dress,99
bikini_ribbon,99
peacoat,98
leaf_panties,98
white_mage_(final_fantasy)_(cosplay),98
nero_claudius_(fate/extra)_(cosplay),98
eliwood_(fire_emblem)_(cosplay),98
takanashi_kiara_(cosplay),98
yae_miko_(cosplay),98
shiroko_(blue_archive)_(cosplay),98
checkered_shorts,98
red_loincloth,98
panties_over_leggings,98
camouflage_gloves,98
single-shoulder_bikini,98
crown_necklace,98
cape_clasp,98
prince_albert,97
two-tone_eyewear,97
grills,97
gigbag,97
zero_(code_geass)_(cosplay),97
tohru_(maidragon)_(cosplay),97
akari_(pokemon)_(cosplay),97
wet_kimono,97
collared_suit,97
maid_one-piece_swimsuit,97
otonokizaka_track_jacket,97
eyepatch_slingshot_swimsuit,97
frilled_cloak,97
snorkel_mask,97
cherry_hat_ornament,97
spiked_hat,97
honggaitou,96
dante_(devil_may_cry)_(cosplay),96
mismagius_(cosplay),96
sylveon_(cosplay),96
lillie_(pokemon)_(cosplay),96
mad_scientist,96
floral_print_apron,96
pilot_uniform,96
brown_bonnet,96
gold_mask,96
animal_hairband,96
rococo_movement,95
dejiko_(cosplay),95
batman_(cosplay),95
rumia_(cosplay),95
bismarck_(kancolle)_(cosplay),95
aether_(genshin_impact)_(cosplay),95
angel_leotard,95
sailor_fundoshi,95
panties_over_clothes,95
power_armor_(fallout),95
pink_headdress,95
tassel-trimmed_capelet,95
elbow_gauntlets,95
hat_chain,95
hollow_mask,95
hamburger_hat,95
houraisan_kaguya_(cosplay),94
orange_slippers,94
tiger_panties,94
silver_armor,94
orange_shawl,94
shirt_ribbon,94
checkered_socks,94
two-tone_jumpsuit,94
snow_goggles,94
kazakh_clothes,93
polish_clothes,93
altyn_helmet,93
kagiyama_hina_(cosplay),93
ibuki_suika_(cosplay),93
meer_campbell_(cosplay),93
cure_marine_(cosplay),93
re-class_battleship_(cosplay),93
fujimaru_ritsuka_(male)_(cosplay),93
takao_(azur_lane)_(cosplay),93
kazusa_(blue_archive)_(cosplay),93
tanker_jacket,93
glove_cuffs,92
hsien-ko_(cosplay),92
yagokoro_eirin_(cosplay),92
ranka_lee_(cosplay),92
amamiya_ren_(cosplay),92
imadake_dabuchi_tabemi_(cosplay),92
brown_sarong,92
headwear_through_crown,92
shirt_over_dress,92
swimsuit_under_swimsuit,92
pinstripe_shorts,92
argyle_jacket,92
fur_hairband,92
short_cape,92
jack-o'-lantern_brooch,92
blue_negligee,92
fur-trimmed_shawl,92
taut_jacket,92
bear_slippers,92
gingham_bikini,92
white_hiphighs,92
two-tone_belt,92
o-ring_bra,92
see-through_bodystocking,92
contact_lens,91
bling,91
inubashiri_momiji_(cosplay),91
kaito_(vocaloid)_(cosplay),91
ryuujou_(kancolle)_(cosplay),91
broken_necklace,91
button_dress,91
grey_bandana,91
yellow_leggings,91
yellow_veil,91
two-tone_sandals,91
grey_bandeau,91
fur-trimmed_hoodie,91
hat_on_chest,90
scrotum_piercing,90
usada_hikaru_(cosplay),90
hinanawi_tenshi_(cosplay),90
meruru_(oreimo)_(cosplay),90
miyu_edelfelt_(magical_girl)_(cosplay),90
kamoi_(kancolle)_(cosplay),90
platelet_(hataraku_saibou)_(cosplay),90
watson_amelia_(cosplay),90
ellen_joe_(cosplay),90
funeral_kimono,90
pig_mask,90
tuxedo_jacket,90
umbrella_bow,90
frilled_bustier,90
beauty_swimsuit_(idolmaster),90
kaga_cape,90
fingernail_gloves,90
argyle_cape,90
pierced_hat,90
o-ring_garter_belt,90
tent_dress,89
sephiroth_(cosplay),89
ikamusume_(cosplay),89
hibiki_(kancolle)_(cosplay),89
diagonal-striped_bikini,89
armored_collar,89
ribbon_of_saint_george,89
diagonal-striped_hat,89
ribbed_skirt,89
rainbow_choker,89
checkered_bra,88
camouflage_legwear,88
tuxedo_kamen_(cosplay),88
godzilla_(cosplay),88
ballet_dress,88
multicolored_belt,88
collared_bikini,88
mandalorian_helmet,88
multi-strapped_swimsuit,88
nine_ball_maid_uniform,88
four-leaf_clover_earrings,88
nijisanji_fes_t-shirt,88
gurokawa,87
kamina_(ttgl)_(cosplay),87
roto_(dq3)_(cosplay),87
ryu_(street_fighter)_(cosplay),87
hijiri_byakuren_(cosplay),87
shantae_(cosplay),87
marie_rose_(cosplay),87
ishtar_(fate)_(cosplay),87
gold_ship_(umamusume)_(cosplay),87
rice_shower_(umamusume)_(cosplay),87
ribbon-trimmed_bloomers,87
dress_slip,87
clock_necklace,87
orange_suit,87
torii_earrings,87
latex_corset,87
cat_hat_ornament,87
multiple_panties,86
han_juri_(cosplay),86
taihou_(kancolle)_(cosplay),86
toki_(blue_archive)_(cosplay),86
fern_(sousou_no_frieren)_(cosplay),86
bikini_jeans,86
plaid_one-piece_swimsuit,86
bridal_bikini,86
layered_armor,86
sheep_hat,86
asymmetrical_coat,86
combat_shirt,86
summer_maid_coord,86
lace-trimmed_jacket,86
fishnet_veil,86
henshin_belt_gavv,86
lifebuoy_anklet,86
fogged_glasses,85
actress,85
traffic_cone_on_head,85
african_clothes,85
solid_snake_(cosplay),85
yamamura_sadako_(cosplay),85
clownpiece_(cosplay),85
asashio_kai_ni_(kancolle)_(cosplay),85
kizuna_ai_(cosplay),85
zero_two_(darling_in_the_franxx)_(cosplay),85
minato_aqua_(cosplay),85
reisalin_stout_(cosplay),85
baltimore_(azur_lane)_(cosplay),85
fur_anklet,85
burger_king_crown,85
lock_earrings,85
leaf_hat,85
metal_mask,85
pinstripe_kimono,85
greek_armor,85
pink_overskirt,85
fur-trimmed_jumpsuit,85
spy,84
striped_ascot,84
amigasa,84
dianzi,84
torn_ascot,84
thumb_hole_sleeves,84
bayonetta_(cosplay),84
toramaru_shou_(cosplay),84
howl_pendragon_(cosplay),84
yuudachi_kai_ni_(kancolle)_(cosplay),84
nanami_chiaki_(cosplay),84
oozora_subaru_(cosplay),84
argyle_bikini,84
aqua_overalls,84
brown_tabard,84
hobble_skirt,84
jet_boots,84
ultraman_suit_(hero's_comics),84
aqua_haori,84
nijigasaki_track_jacket,84
two-tone_apron,84
trapeze_dress,83
native_american_clothes,83
makise_kurisu_(cosplay),83
joseph_joestar_(young)_(cosplay),83
spider-gwen_(cosplay),83
koharu_(blue_archive)_(cosplay),83
fur_bra,83
cotton_panties,83
sash_bow,83
black_armlet,83
tiger_hat,83
arm_piercing,83
mall_link_suit,83
dragon_hat,83
japanese_tankery_league_judge_uniform,83
checkered_cape,83
claw_bra,83
fish_skeleton_earrings,83
cross-laced_hairband,83
see-through_scarf,82
nazrin_(cosplay),82
cure_sunshine_(cosplay),82
hello_kitty_(character)_(cosplay),82
sans_(undertale)_(cosplay),82
ram_(re:zero)_(cosplay),82
mysterious_heroine_xx_(fate)_(cosplay),82
wraith_(apex_legends)_(cosplay),82
mihono_bourbon_(umamusume)_(cosplay),82
fusion_suit,82
two-tone_bandeau,82
fishnet_bra,82
flower-trimmed_skirt,82
diamond_brooch,82
horizontal-striped_skirt,82
spiked_necklace,82
green_bonnet,82
multi-strapped_dress,82
frilled_armlet,82
yasaka_kanako_(cosplay),81
uzumaki_naruto_(cosplay),81
konjiki_no_yami_(cosplay),81
nero_claudius_(swimsuit_caster)_(fate)_(cosplay),81
skadi_(arknights)_(cosplay),81
kuroe_shizuku_(cosplay),81
ako_(blue_archive)_(cosplay),81
keaton_mask,81
ribbon-trimmed_choker,81
fishnet_swimsuit,81
high-waist_bikini,81
single_bracelet,81
lightning_bolt_necklace,80
shibuya_rin_(cosplay),80
yuzuki_yukari_(cosplay),80
asashio_(kancolle)_(cosplay),80
tatsuta_(kancolle)_(cosplay),80
selene_(pokemon)_(cosplay),80
emilia_(re:zero)_(cosplay),80
grim_reaper_(cosplay),80
alcina_dimitrescu_(cosplay),80
ankh_earrings,80
off-shoulder_cardigan,80
fringe-trimmed_cape,80
camouflage_dress,80
frilled_overskirt,80
lace_ribbon,80
aqua_hanfu,80
multicolored_sailor_collar,80
birthday_jacket_(twisted_wonderland),80
concept_police_(idolmaster),80
opera_glasses,79
spiked_legwear,79
nami_(one_piece)_(cosplay),79
kiryu_kazuma_(cosplay),79
akatsuki_(kancolle)_(cosplay),79
hamakaze_(kancolle)_(cosplay),79
takamaki_anne_(cosplay),79
sam_porter_bridges_(cosplay),79
hoshino_(blue_archive)_(cosplay),79
inoue_takina_(cosplay),79
hibiki_(blue_archive)_(cosplay),79
linked_bikini,79
chin_guard,79
ghillie_suit,79
panties_over_bodysuit,79
pentagram_earrings,79
camouflage_hoodie,79
floating_mask,79
italian_flag_bikini,79
poet_shirt,79
train_attendant,78
kamishirasawa_keine_(cosplay),78
shinku_(cosplay),78
otonashi_kotori_(cosplay),78
marilyn_monroe_(cosplay),78
reiuji_utsuho_(cosplay),78
akiyama_mio_(cosplay),78
passionlip_(fate)_(cosplay),78
monokuma_(cosplay),78
kiso_(kancolle)_(cosplay),78
elsa_(frozen)_(cosplay),78
kasumi_(kancolle)_(cosplay),78
aqua_(konosuba)_(cosplay),78
orange_bloomers,78
shiny_leotard,78
old-fashioned_swimsuit,78
fur-trimmed_bandeau,78
checkered_wristband,78
eye_brooch,78
ski_boots,78
pink_haori,78
orange_leggings,78
ribbon-trimmed_coat,78
front_bow,78
two-tone_sweater_vest,78
dirty_legwear,77
hennin,77
sol_badguy_(cosplay),77
bowser_(cosplay),77
yuubari_(kancolle)_(cosplay),77
hoto_cocoa_(cosplay),77
hunter_(bloodborne)_(cosplay),77
hasshaku-sama_(cosplay),77
jervis_(kancolle)_(cosplay),77
taihou_(azur_lane)_(cosplay),77
rizu-kyun_(cosplay),77
rokushaku_fundoshi,77
dry_suit,77
slip-on_shoes,77
fringe-trimmed_capelet,77
striped_bandana,77
mandalorian_armor,77
white_poncho,77
pink_tabard,77
silver_bangle,77
ugly_sweater,77
bone_armor,77
black_helm,77
chest_ribbon,77
tang_jin_(headwear),76
vergil_(devil_may_cry)_(cosplay),76
irisviel_von_einzbern_(cosplay),76
astolfo_(fate)_(cosplay),76
yoshida_yuuko_(cosplay),76
miao_hat,76
frilled_scarf,76
arrow_earrings,76
mouse_hood,76
brown_buruma,76
black_scapular,76
bead_hairband,76
paper_crown,76
crown_of_insight,76
cropped_kimono,76
silver_thighlet,76
winged_sandals,75
french_clothes,75
beatrice_(umineko)_(cosplay),75
juliet_capulet_(cosplay),75
doomguy_(cosplay),75
hiburi_(kancolle)_(cosplay),75
print_cloak,75
goblin_mask,75
impossible_pants,75
ribbed_jacket,75
blanket_cape,75
silver_boots,75
animal_ear_headband,75
spiked_hood,75
white_bathrobe,75
pinstripe_ascot,75
red_happi,75
plaid_belt,75
wedding_suit,75
padded_vest,75
fur_thighhighs,75
gold_pendant,75
belted_jacket,75
alchemist,74
eyelid_piercing,74
djeeta_(granblue_fantasy)_(cosplay),74
callie_(splatoon)_(cosplay),74
kama_(fate)_(cosplay),74
red_bloomers,74
paw_socks,74
bunny_hood_(zelda),74
flower_armlet,74
tail_armor,74
print_hood,74
musical_note_hat_ornament,74
argyle_bowtie,73
work_boots,73
aqua-tinted_eyewear,73
uchiha_sasuke_(cosplay),73
houjuu_nue_(cosplay),73
tatsumaki_(cosplay),73
komaru_(himouto!_umaru-chan)_(cosplay),73
emperor_penguin_(kemono_friends)_(cosplay),73
belfast_(azur_lane)_(cosplay),73
mori_calliope_(cosplay),73
daiwa_scarlet_(umamusume)_(cosplay),73
string_bowtie,73
fur-trimmed_waist_cape,73
lace-up_gloves,73
cross-laced_vest,73
feathered_cape,73
two-sided_shirt,73
strawberry_hat_ornament,73
sun_hat_ornament,73
ribbed_hat,73
pearl_hairband,73
see-through_ribbon,73
argyle_vest,73
two-sided_robe,73
fur_vest,73
two-tone_ascot,72
cure_blossom_(cosplay),72
rouge_the_bat_(cosplay),72
doctor_(arknights)_(cosplay),72
chouzetsusaikawa_tenshi-chan_(cosplay),72
arona_(blue_archive)_(cosplay),72
hanako_(blue_archive)_(cosplay),72
vertical-striped_sash,72
lace-trimmed_sailor_collar,72
layered_panties,72
broken_goggles,72
frog_mask,72
hat_over_hat,72
mechanical_skirt,72
santa_leotard,72
wet_leotard,72
black_chaps,72
frayed_skirt,72
bird_hat_ornament,72
lyra_(pokemon)_(cosplay),71
asuna_(sao)_(cosplay),71
prinz_eugen_(kancolle)_(cosplay),71
mysterious_heroine_x_(fate)_(cosplay),71
mejiro_mcqueen_(umamusume)_(cosplay),71
nessa_(pokemon)_(cosplay),71
hoshino_ai_(cosplay),71
floral_print_sarong,71
dragon_hood,71
sheer_pantyhose,71
crescent_brooch,71
santa_bra,71
neck_corset,71
asymmetrical_mask,71
silver_leotard,71
bat_necklace,71
multicolored_helmet,71
turtleneck_capelet,71
feather_capelet,71
kusanagi_motoko_(cosplay),70
romeo_montague_(cosplay),70
garnet_til_alexandros_xvii_(cosplay),70
cure_melody_(cosplay),70
cure_peace_(cosplay),70
igawa_asagi_(cosplay),70
samidare_(kancolle)_(cosplay),70
greil_(cosplay),70
shenhe_(genshin_impact)_(cosplay),70
mari_(blue_archive)_(cosplay),70
firefly_(honkai:_star_rail)_(cosplay),70
black_hijab,70
horizontal-striped_socks,70
hamster_hood,70
striped_armband,70
frilled_hiphighs,70
green_nightgown,70
toad_armor_(amphibia),70
ribbed_bandeau,70
striped_jumpsuit,70
campaign_hat,69
nagae_iku_(cosplay),69
murasa_minamitsu_(cosplay),69
james_(pokemon)_(cosplay),69
maya_(kancolle)_(cosplay),69
maru-yu_(kancolle)_(cosplay),69
helena_blavatsky_(fate)_(cosplay),69
angewomon_(cosplay),69
purple_bloomers,69
floral_bow,69
lace-trimmed_swimsuit,69
long_fall_boots,69
dragon_mask,69
finger_piercing,69
frilled_bloomers,69
strapless_jumpsuit,69
lotus_earrings,69
print_armband,69
two-sided_scarf,69
shoulder_necklace,68
falconry_glove,68
iroha_(samurai_spirits)_(cosplay),68
onozuka_komachi_(cosplay),68
matou_sakura_(cosplay),68
moogle_(cosplay),68
makoto_nanaya_(cosplay),68
toyosatomimi_no_miko_(cosplay),68
neptune_(neptunia)_(cosplay),68
rensouhou-chan_(cosplay),68
seaport_princess_(cosplay),68
ayase_eli_(cosplay),68
izumi_sagiri_(cosplay),68
bb_(swimsuit_mooncancer)_(second_ascension)_(fate)_(cosplay),68
silence_suzuka_(umamusume)_(cosplay),68
meltryllis_(swimsuit_lancer)_(fate)_(cosplay),68
kitagawa_marin_(cosplay),68
rudolph_the_red_nosed_reindeer_(cosplay),68
paw_panties,68
grey_buruma,68
red_nightgown,68
blue_hijab,68
n7_armor,68
camouflage_bra,68
striped_shawl,68
strawberry_brooch,68
snowflake_brooch,68
plaid_sweater_vest,68
darth_vader_(cosplay),67
cu_chulainn_(fate/stay_night)_(cosplay),67
yuuki_makoto_(persona_3)_(cosplay),67
taokaka_(cosplay),67
kaenbyou_rin_(cosplay),67
kaburagi_t._kotetsu_(cosplay),67
miyako_yoshika_(cosplay),67
elizabeth_bathory_(fate)_(cosplay),67
female_robin_(fire_emblem)_(cosplay),67
judy_hopps_(cosplay),67
female_corrin_(fire_emblem)_(cosplay),67
formidable_(azur_lane)_(cosplay),67
nekomata_okayu_(cosplay),67
liliel_(2.5_jigen_no_ririsa)_(cosplay),67
hina_(blue_archive)_(cosplay),67
amate_yuzuriha_(cosplay),67
necktie_over_shoulder,67
flotation_belt,67
tied_jumpsuit,67
brazilian_flag_bikini,67
gradient_leotard,67
raccoon_hat,67
leather_shirt,67
gingham_necktie,67
oppai_hoodie,67
feather_choker,67
animal_shoes,67
trapper_hat,67
fur-trimmed_scarf,66
dice_necklace,66
chain_hairband,66
kero_(cardcaptor_sakura)_(cosplay),66
shirai_kuroko_(cosplay),66
hachikuji_mayoi_(cosplay),66
anchovy_(girls_und_panzer)_(cosplay),66
leon_s._kennedy_(cosplay),66
natalia_(idolmaster)_(cosplay),66
sakura_miko_(cosplay),66
rukkhadevata_(genshin_impact)_(cosplay),66
kafka_(honkai:_star_rail)_(cosplay),66
rose_(blackpink)_(cosplay),66
wet_buruma,66
feather_skirt,66
pumpkin_shorts,66
pumpkin_earrings,66
pinstripe_socks,66
grey_bloomers,66
mini_tiara,66
licking_panties,65
straw_cape,65
ryuuguu_rena_(cosplay),65
emiya_shirou_(cosplay),65
cure_berry_(cosplay),65
ethan_(pokemon)_(cosplay),65
mercy_(overwatch)_(cosplay),65
shinjou_akane_(cosplay),65
kanna_(blue_archive)_(cosplay),65
polka_dot_sarong,65
lensless_glasses,65
over_the_collar_(idolmaster),65
teeth_print_mask,65
mysterious_mask_(fate),65
gradient_hat,65
cow_print_bridal_gauntlets,65
frilled_veil,65
march_hare_(alice_in_wonderland)_(cosplay),64
shishio_makoto_(cosplay),64
mizuki_nana_(cosplay),64
angel_(kof)_(cosplay),64
creeper_(cosplay),64
kosaka_honoka_(cosplay),64
edelgard_von_hresvelg_(cosplay),64
amane_kanata_(cosplay),64
cheshire_(azur_lane)_(cosplay),64
barbara_(genshin_impact)_(cosplay),64
le_malin_(azur_lane)_(cosplay),64
ecchuu_fundoshi,64
red_headdress,64
cow_mask,64
welding_goggles,64
panties_under_bloomers,64
yellow_bonnet,64
apple_earrings,64
completionist_cape_(runescape),64
lace-trimmed_bowtie,64
sleeveless_robe,64
neck_armor,64
gradient_ascot,63
flight_attendant_hat,63
c.c._(cosplay),63
cutie_honey_(character)_(cosplay),63
vegeta_(cosplay),63
lily_white_(cosplay),63
san_(mononoke_hime)_(cosplay),63
shiratsuyu_(kancolle)_(cosplay),63
tracer_(overwatch)_(cosplay),63
female_byleth_(fire_emblem)_(cosplay),63
elysia_(honkai_impact)_(cosplay),63
sailor_crest,63
multicolored_sarong,63
piyo_piyo_apron,63
frilled_suspenders,63
glowing_glasses,63
fallen_angel_ero_maid_costume,63
bow_babydoll,63
heart_hairband,63
pearl_belt,63
lion_hood,63
heart_headband,63
necktie_in_pocket,63
ribbon-trimmed_pants,63
skirt_pocket,63
blue_headdress,63
frilled_bodysuit,63
side-tie_legwear,62
mystia_lorelei_(cosplay),62
yuna_(ff10)_(cosplay),62
sailor_chibi_moon_(cosplay),62
manya_(dq4)_(cosplay),62
freddy_krueger_(cosplay),62
meowth_(cosplay),62
noel_vermillion_(cosplay),62
futaba_anzu_(cosplay),62
male_robin_(fire_emblem)_(cosplay),62
kamado_nezuko_(cosplay),62
ookami_mio_(cosplay),62
gothic_plate_armor,62
frilled_tankini,62
okina_mask,62
hat_flaps,62
lace_skirt,62
hull_shoes,62
multicolored_sandals,62
aqua_cloak,62
multicolored_robe,62
ribbon-trimmed_jacket,62
bow_flower,62
raven_suit_(stellar_blade),62
two-tone_mask,62
belted_shorts,62
ness_(mother_2)_(cosplay),61
umbreon_(cosplay),61
assassin_(fate/zero)_(cosplay),61
dracula_(cosplay),61
akuma_homura_(cosplay),61
elphelt_valentine_(cosplay),61
marie_(splatoon)_(cosplay),61
jeanne_d'arc_alter_(ver._shinjuku_1999)_(fate)_(cosplay),61
fletcher_(kancolle)_(cosplay),61
artoria_caster_(fate)_(cosplay),61
scamp_(kancolle)_(cosplay),61
neru_(blue_archive)_(cosplay),61
taut_bikini,61
crown_ornament,61
tres_bien_maid_uniform,61
vertical-striped_collar,61
jacket_over_dress,61
heart_crown,61
gradient_hoodie,61
birthday_glasses,61
ribbed_bikini,61
sailor_leotard,61
two-tone_armband,61
pink_hijab,61
grey_bridal_gauntlets,61
checkered_gloves,61
panties_under_bodysuit,61
number_earrings,61
green_raincoat,61
blue_hiphighs,61
thighband_hiphighs,61
criss-cross_suspenders,61
rabbit_bow,61
long_veil,61
shirt_under_kimono,61
diagonal-striped_neckerchief,60
kasumi_(doa)_(cosplay),60
nia_teppelin_(cosplay),60
tone_(kancolle)_(cosplay),60
angela_balzac_(cosplay),60
yuugumo_(kancolle)_(cosplay),60
quiet_(metal_gear)_(cosplay),60
nitocris_(fate)_(cosplay),60
bruno_mars_(cosplay),60
vertical-striped_overalls,60
aqua_buruma,60
forehead_piercing,60
kendo_mask,60
green_bustier,60
posture_collar,60
hat_over_hood,60
off-shoulder_capelet,60
ghost_mask,60
transparent_gloves,60
duck_hood,60
shiratsuyu-class_swimsuit,60
frilled_robe,60
cat_brooch,60
leaf_shirt,60
glasses_case,59
daidouji_tomoyo_(cosplay),59
caren_hortensia_(cosplay),59
leaf_(pokemon)_(cosplay),59
hikoboshi_(cosplay),59
shadow_the_hedgehog_(cosplay),59
sonoda_umi_(cosplay),59
ooyodo_(kancolle)_(cosplay),59
ayachi_nene_(cosplay),59
felicia_(fire_emblem)_(cosplay),59
sakura_futaba_(cosplay),59
etorofu_(kancolle)_(cosplay),59
takarada_rikka_(cosplay),59
impossible_armor,59
wet_hat,59
hood_over_one_eye,59
aqua_hood,59
brown_mask,59
g-suit,58
spats_(footwear),58
arsene_lupin_iii_(cosplay),58
minnie_mouse_(cosplay),58
princess_daisy_(cosplay),58
sorceress_(dragon's_crown)_(cosplay),58
futatsuiwa_mamizou_(cosplay),58
sendai_(kancolle)_(cosplay),58
saitama_(one-punch_man)_(cosplay),58
iowa_(kancolle)_(cosplay),58
a2_(nier:automata)_(cosplay),58
ushiwakamaru_(fate)_(cosplay),58
glorybringer_(granblue_fantasy)_(cosplay),58
bremerton_(azur_lane)_(cosplay),58
power_(chainsaw_man)_(cosplay),58
keqing_(genshin_impact)_(cosplay),58
ranni_the_witch_(cosplay),58
corinthian_helmet,58
butterfly_print_sash,58
dog_slippers,58
synergetic_suit,58
bow_headband,58
fencing_suit,58
maternity_dress,58
beer_hat,58
frilled_pantyhose,58
camouflage_helmet,58
hoof_gloves,58
mario_hat,58
star_piercing,58
animal_band_panties,58
hat_ring,58
wrap_skirt,58
necktie_overhang,58
fundoshi_day,58
kamiha_magica_idol_costume,58
soyombo_earrings,58
flapper_girl,57
roningasa,57
saddle_shoes,57
sailor_uranus_(cosplay),57
meiko_(vocaloid)_(cosplay),57
igawa_sakura_(cosplay),57
kagura_(gintama)_(cosplay),57
kagerou_(kancolle)_(cosplay),57
hata_no_kokoro_(cosplay),57
ahri_(league_of_legends)_(cosplay),57
i-401_(kancolle)_(cosplay),57
minami_kotori_(cosplay),57
olivia_(fire_emblem)_(cosplay),57
nick_wilde_(cosplay),57
warspite_(kancolle)_(cosplay),57
raven_(dc)_(cosplay),57
kiana_kaslana_(cosplay),57
murasaki_shion_(cosplay),57
inugami_korone_(cosplay),57
raihan_(pokemon)_(cosplay),57
denji_(chainsaw_man)_(cosplay),57
tokai_teio_(umamusume)_(cosplay),57
saori_(blue_archive)_(cosplay),57
stelle_(honkai:_star_rail)_(cosplay),57
elegg_(nikke)_(cosplay),57
fruit_hat,57
dimple_piercing,57
noah_hat_(ragnarok_online),57
brown_haori,57
elephant_hat,57
cracked_helmet,57
lace_bridal_gauntlets,57
white_bodystocking,57
diamond-shaped_earrings,57
warbonnet,56
terrorist,56
diagonal-striped_legwear,56
mage_(dq3)_(cosplay),56
tatara_kogasa_(cosplay),56
hirasawa_yui_(cosplay),56
cure_happy_(cosplay),56
imaizumi_kagerou_(cosplay),56
atlanta_(kancolle)_(cosplay),56
shirogane_noel_(cosplay),56
fall_guy_(cosplay),56
guitar_little_sister_(hitomi_o)_(cosplay),56
yelan_(genshin_impact)_(cosplay),56
justice_task_force_member_(blue_archive)_(cosplay),56
valkyrie_skirt,56
matching_earrings,56
deku_mask,56
pikachu_hood,56
oversized_sweater,56
multicolored_wristband,56
socks_over_pants,56
demon_hood,56
red_overskirt,56
frilled_bridal_gauntlets,56
o-ring_leotard,56
checkered_bracelet,56
cross-laced_bra,56
gem_hat_ornament,56
lace-trimmed_shirt_collar,56
aviator_glasses,55
doraemon_(character)_(cosplay),55
goldeen_(cosplay),55
edogawa_conan_(cosplay),55
ikazuchi_(kancolle)_(cosplay),55
verniy_(kancolle)_(cosplay),55
cynthia_(pokemon)_(cosplay),55
tiki_(young)_(fire_emblem)_(cosplay),55
pochacco_(cosplay),55
nahida_(genshin_impact)_(cosplay),55
pomni_(the_amazing_digital_circus)_(cosplay),55
star_bra,55
plain_epaulettes,55
vertical-striped_capelet,55
mao_suit,55
two-tone_wristband,55
shiny_gloves,55
blindfold_mask,55
fur-lined_gloves,55
striped_overalls,55
gear_earrings,55
feather-trimmed_cape,55
evolved_virgin_killer_sweater,55
fish_hook_earrings,55
multicolored_sports_bra,55
pink_tunic,55
very_long_cape,55
shower_cap,54
adjusting_neck_ribbon,54
print_ascot,54
rain_mikamura_(cosplay),54
nagisa_kaworu_(cosplay),54
ronald_mcdonald_(cosplay),54
superman_(cosplay),54
thor_(marvel)_(cosplay),54
mikuma_(kancolle)_(cosplay),54
plain_doll_(cosplay),54
theresa_apocalypse_(cosplay),54
male_byleth_(fire_emblem)_(cosplay),54
kal'tsit_(arknights)_(cosplay),54
shigure_kai_san_(kancolle)_(cosplay),54
multicolored_pajamas,54
orange_loincloth,54
orange_mask,54
greek_helmet,54
carnival_mask,54
colored_petticoat,54
print_belt,54
short_apron,54
lace_bikini,54
blue_hanbok,54
musical_note_brooch,54
lace_bow,54
blue_suspenders,54
leaf_necklace,53
suiseiseki_(cosplay),53
kasugano_sakura_(cosplay),53
mizuhashi_parsee_(cosplay),53
zidane_tribal_(cosplay),53
mononobe_no_futo_(cosplay),53
lass_(pokemon)_(cosplay),53
kirishima_(kancolle)_(cosplay),53
venom_snake_(cosplay),53
hk416_(girls'_frontline)_(cosplay),53
hiki_furisode,53
zun_hat,53
transparent_ribbon,53
camouflage_cloak,53
american_flag_swimsuit,53
ribbon_shoes,53
multicolored_headscarf,53
single-shoulder_one-piece_swimsuit,53
pinstripe_ribbon,53
see-through_robe,53
horizontal-striped_bow,53
fishnet_leggings,52
lorum_piercing,52
checkered_ascot,52
swedish_clothes,52
cat_eye-framed_eyewear,52
toad_(mario)_(cosplay),52
yuffie_kisaragi_(cosplay),52
revy_(black_lagoon)_(cosplay),52
illyasviel_von_einzbern_(cosplay),52
guts_(berserk)_(cosplay),52
nadia_la_arwall_(cosplay),52
kujikawa_rise_(cosplay),52
player_palico_(cosplay),52
gadabout_(dq3)_(cosplay),52
sophie_hatter_(cosplay),52
honma_meiko_(cosplay),52
big_boss_(cosplay),52
oikawa_shizuku_(cosplay),52
shiranui_(kancolle)_(cosplay),52
maya_kai_ni_(kancolle)_(cosplay),52
inkling_player_character_(cosplay),52
akali_(cosplay),52
eimi_(blue_archive)_(cosplay),52
rio_(blue_archive)_(cosplay),52
tomoeda_elementary_cheerleader_uniform,52
one-shoulder_tunic,52
transparent_bikini,52
funeral_veil,52
multicolored_headband,52
soap_shoes,52
butterfly_hat,52
food-themed_choker,52
half_capelet,52
apprentice_chef_(twisted_wonderland),52
hutou_hat,52
spiked_shirt,52
multicolored_tiara,52
manchu_clothes,51
tortoiseshell-framed_eyewear,51
rainbow-tinted_eyewear,51
mcbling,51
star-shaped_bag,51
jigen_daisuke_(cosplay),51
edward_elric_(cosplay),51
wriggle_nightbug_(cosplay),51
gumi_(cosplay),51
takanashi_rikka_(cosplay),51
monomi_(danganronpa)_(cosplay),51
jakuzure_nonon_(cosplay),51
shigure_kai_ni_(kancolle)_(cosplay),51
kamisato_ayaka_(cosplay),51
sua_(alien_stage)_(cosplay),51
ringer_t-shirt,51
bone_armor_(monster_hunter),51
guy_fawkes_mask,51
slouch_hat,51
strawberry_hat,51
lace_veil,51
fish_hood,51
print_bandeau,51
blue_poncho,51
latex_jacket,51
purple_hiphighs,51
brown_loincloth,51
basketball_shorts,51
zipper_legwear,50
henna,50
malaysian_clothes,50
mega_man_(character)_(cosplay),50
sailor_saturn_(cosplay),50
dizzy_(guilty_gear)_(cosplay),50
narukami_yu_(cosplay),50
kujo_jolyne_(cosplay),50
futaba_riho_(cosplay),50
belle_(disney)_(cosplay),50
amy_rose_(cosplay),50
mirakurun_(cosplay),50
princess_of_the_crystal_(cosplay),50
chloe_von_einzbern_(archer_install)_(cosplay),50
female_admiral_(kancolle)_(cosplay),50
irisviel_von_einzbern_(halloween_princess)_(cosplay),50
minamoto_no_raikou_(fate)_(cosplay),50
aether_foundation_employee_(cosplay),50
prinz_eugen_(azur_lane)_(cosplay),50
leon_(pokemon)_(cosplay),50
ouro_kronii_(cosplay),50
puff_and_slash_shorts,50
grey_sarong,50
fur-trimmed_hairband,50
yellow_bridal_gauntlets,50
great_helm,50
mechanical_dress,50
ribbon-trimmed_corset,50
ho-kago_tea_time_t-shirt,50
cat_necklace,50
argyle_gloves,50
striped_hood,50
slingshot_dress,50
floating_armor,50
dolphin_earrings,50
see-through_cardigan,50
black_thighlet,50
print_choker,49
lace-trimmed_ascot,49
engineer_(tf2)_(cosplay),49
t-800_(cosplay),49
ikari_gendou_(cosplay),49
cure_peach_(cosplay),49
higashikata_josuke_(cosplay),49
shouhou_(kancolle)_(cosplay),49
choukai_(kancolle)_(cosplay),49
pompompurin_(cosplay),49
hassan_of_serenity_(fate)_(cosplay),49
tamamo_cat_(third_ascension)_(fate)_(cosplay),49
ereshkigal_(fate)_(cosplay),49
yui_(princess_connect!)_(cosplay),49
marcille_donato_(cosplay),49
ubel_(sousou_no_frieren)_(cosplay),49
orange_corset,49
cube_earrings,49
oversized_gloves,49
padlocked_choker,49
horned_armor,49
santa_panties,49
paw_earrings,49
razor_blade_earrings,49
checkered_coat,49
star_color_pendant,49
contrast_trim_panties,49
orange_bridal_gauntlets,49
grey_haori,49
sleeveless_shrug,49
head_bow,49
panties_over_bike_shorts,48
dutch_clothes,48
raiden_(metal_gear)_(cosplay),48
ragna_the_bloodedge_(cosplay),48
index_(toaru_majutsu_no_index)_(cosplay),48
cure_pine_(cosplay),48
ada_wong_(cosplay),48
sengoku_nadeko_(cosplay),48
phoenix_wright_(cosplay),48
iskandar_(fate)_(cosplay),48
kirigiri_kyoko_(cosplay),48
komaeda_nagito_(cosplay),48
inazuma_(kancolle)_(cosplay),48
i-58_(kancolle)_(cosplay),48
rosalina_(cosplay),48
kitakami_(kancolle)_(cosplay),48
tojo_nozomi_(cosplay),48
houshou_(kancolle)_(cosplay),48
murasame_(kancolle)_(cosplay),48
mordred_(fate/apocrypha)_(cosplay),48
kaguya_luna_(cosplay),48
kaga_(azur_lane)_(cosplay),48
miyamoto_musashi_(swimsuit_berserker)_(fate)_(cosplay),48
kokkoro_(princess_connect!)_(cosplay),48
eve_(stellar_blade)_(cosplay),48
vertical-striped_cape,48
red_racing_suit,48
garderobe_swimsuit,48
divine_bustier_(dq),48
tama_kanzashi,48
lace-trimmed_boots,48
flower-trimmed_crown,48
purple_track_suit,48
bone_earrings,48
riot_helmet,48
donut_bracelet,48
two-tone_pajamas,48
tiered_skirt,48
see-through_hoodie,48
ribbed_shorts,48
frilled_hoodie,48
vest_pouch,48
spade_brooch,48
braided_scarf,48
dress_under_shirt,48
shell_hat_ornament,48
jellyfish_earrings,48
spanish_clothes,47
gradient_bowtie,47
jo_lolita,47
kihel_heim_(cosplay),47
pon_de_lion_(cosplay),47
mew_ichigo_(cosplay),47
aigis_(persona)_(cosplay),47
euryale_(fate)_(cosplay),47
daiyousei_(cosplay),47
lala_satalin_deviluke_(cosplay),47
wonder_woman_(cosplay),47
usami_renko_(cosplay),47
medea_(caster)_(fate)_(cosplay),47
venera-sama_(cosplay),47
grady_sisters_(the_shining)_(cosplay),47
nishikino_maki_(cosplay),47
kumano_(kancolle)_(cosplay),47
tedeza_rize_(cosplay),47
junko_(touhou)_(cosplay),47
mei_(overwatch)_(cosplay),47
koyanskaya_(fate)_(cosplay),47
georgie_denbrough_(cosplay),47
majima_goro_(cosplay),47
bb-28_(cosplay),47
qiqi_(genshin_impact)_(cosplay),47
uzaki_hana_(cosplay),47
maid_fairy_tale_(idolmaster),47
reindeer_hat,47
asymmetrical_one-piece_swimsuit,47
fortune_bikini,47
mouse_mask,47
off-shoulder_bandeau,47
glowing_crown,47
brown_bracelet,47
octoleet_goggles_(splatoon),47
half_chest_guard,47
yellow_tabard,47
blue_loincloth,47
polka_dot_hat,47
ribbed_collar,47
holostars_idol_uniform_(2nd_act),47
o-ring_bikini_bottom,47
bloomers_on_head,46
dydoe,46
mod_fashion,46
adrian_helmet,46
hiiragi_kagami_(cosplay),46
lelouch_vi_britannia_(cosplay),46
pyramid_head_(cosplay),46
scout_(tf2)_(cosplay),46
sanya_v._litvyak_(cosplay),46
manabe_nodoka_(cosplay),46
hoshiguma_yuugi_(cosplay),46
kirito_(cosplay),46
bubble_head_nurse_(cosplay),46
hoshizora_rin_(cosplay),46
doma_umaru_(cosplay),46
mordred_(fate)_(cosplay),46
amiya_(arknights)_(cosplay),46
chen_hai_(azur_lane)_(cosplay),46
mika_(blue_archive)_(cosplay),46
silver_wolf_(honkai:_star_rail)_(cosplay),46
mizi_(alien_stage)_(cosplay),46
orange_slingshot_swimsuit,46
vertical-striped_ribbon,46
argyle_hairband,46
mask_of_truth,46
glowing_necklace,46
tadpole_hat,46
fur-trimmed_cardigan,46
camouflage_coat,46
bikini_under_skirt,46
cross-laced_collar,46
metroid_suit,46
green_bridal_gauntlets,46
fish_hat_ornament,46
two-tone_headband,46
two-tone_armor,46
no_necktie,45
hipster,45
jasmine_(disney)_(cosplay),45
letty_whiterock_(cosplay),45
terra_branford_(cosplay),45
ingo_(pokemon)_(cosplay),45
lyn_(fire_emblem)_(cosplay),45
i-19_(kancolle)_(cosplay),45
deadpool_(cosplay),45
murakumo_kai_ni_(kancolle)_(cosplay),45
pecorine_(princess_connect!)_(cosplay),45
kamado_tanjirou_(cosplay),45
manhattan_cafe_(umamusume)_(cosplay),45
sakamata_chloe_(cosplay),45
aris_(blue_archive)_(cosplay),45
kana_(bunny_garden)_(cosplay),45
mini_bowtie,45
panda_panties,45
zipper_shorts,45
gas_mask_canister,45
duster_coat,45
pentagram_pendant,45
gradient_shoes,45
floral_print_gloves,45
sideless_swimsuit,45
vertical-striped_bowtie,45
fur-trimmed_sandals,45
shark_hat,45
jade_pendant,45
holostars_idol_uniform_(1st_act),45
femme_de_menage_maid_academy_uniform,45
wolf_brooch,45
folding_umbrella,44
monk_shoes,44
louise_francoise_le_blanc_de_la_valliere_(cosplay),44
martial_artist_(dq3)_(cosplay),44
li_syaoran_(cosplay),44
takeba_yukari_(cosplay),44
yoshi_(cosplay),44
espeon_(cosplay),44
hanekawa_tsubasa_(cosplay),44
maribel_hearn_(cosplay),44
shinguuji_sakura_(cosplay),44
sleeping_beauty_(fairy_tale_character)_(cosplay),44
barnaby_brooks_jr._(cosplay),44
charlotte_(madoka_magica)_(cosplay),44
michishio_(kancolle)_(cosplay),44
fusou_(kancolle)_(cosplay),44
graf_zeppelin_(kancolle)_(cosplay),44
takozonesu_(cosplay),44
kamikaze_(kancolle)_(cosplay),44
miyamoto_musashi_(fate)_(cosplay),44
kochou_shinobu_(cosplay),44
fischl_(genshin_impact)_(cosplay),44
shishiro_botan_(cosplay),44
morgan_le_fay_(fate)_(cosplay),44
juliana_(pokemon)_(cosplay),44
suletta_mercury_(cosplay),44
vivid_bikini_(idolmaster),44
wing_armor,44
green_gakuran,44
two-sided_tailcoat,44
mini_party_hat,44
cross-laced_sweater,44
spiked_dress,44
little_devil_swimsuit_(idolmaster),44
argyle_cloak,44
kessoku_band_hoodie_(bocchi_the_rock!),44
crescent_pendant,44
cross-laced_apron,44
vertical-striped_corset,44
pantyhose_cutout,44
rainbow_ribbon,44
donald_duck_sailor_hat,43
nico_robin_(cosplay),43
aki_minoriko_(cosplay),43
raichu_(cosplay),43
giorno_giovanna_(cosplay),43
senjougahara_hitagi_(cosplay),43
ace_trainer_(pokemon)_(cosplay),43
vaporeon_(cosplay),43
ultraman_(cosplay),43
akagi_(azur_lane)_(cosplay),43
nekomancer_(granblue_fantasy)_(cosplay),43
hasumi_(blue_archive)_(cosplay),43
fuji_kiseki_(umamusume)_(cosplay),43
momoi_(blue_archive)_(cosplay),43
rapi_(nikke)_(cosplay),43
ayase_momo_(cosplay),43
winged_gloves,43
print_one-piece_swimsuit,43
seashell_bracelet,43
powered_suit_(toaru),43
roller_shoes,43
print_bridal_gauntlets,43
pink_raincoat,43
flower_pendant,43
egg_earrings,43
shoulder_ribbon,43
transparent_bow,43
black_tailcoat,43
fur-trimmed_pajamas,43
orange_veil,43
striped_robe,43
denim_apron,43
gradient_sweater,43
checkered_pantyhose,43
lightning_bolt_piercing,43
thimble,42
m43_field_cap,42
stringer,42
riviere_(necklace),42
terry_bogard_(cosplay),42
daicon_bunny_girl_(cosplay),42
rainbow_mika_(cosplay),42
charizard_(cosplay),42
black_widow_(cosplay),42
mutsu_(kancolle)_(cosplay),42
shimada_arisu_(cosplay),42
satou_kazuma_(cosplay),42
sagisawa_fumika_(cosplay),42
astolfo_(sailor_paladin)_(fate)_(cosplay),42
mysterious_heroine_x_alter_(fate)_(cosplay),42
kanna_kamui_(cosplay),42
red_blood_cell_(hataraku_saibou)_(cosplay),42
jill_stingray_(cosplay),42
gojou_satoru_(cosplay),42
eula_(genshin_impact)_(cosplay),42
special_week_(umamusume)_(cosplay),42
super_creek_(umamusume)_(cosplay),42
ceres_fauna_(cosplay),42
barbie_(character)_(cosplay),42
mococo_abyssgard_(cosplay),42
fur-trimmed_slippers,42
pork_pie_sailor_hat,42
purple_tiara,42
snowman_earrings,42
star-shaped_bikini,42
impossible_necktie,42
spiked_thighhighs,42
collared_apron,42
innocent_sailor_(idolmaster),42
chicken_mask,42
mismatched_shoes,42
layered_ascot,42
leather_coat,42
turtleneck_shrug,42
bow_eyepatch,42
mongkhon,41
bearskin_cap,41
torc,41
holo_(cosplay),41
nakoruru_(cosplay),41
nagi_(kannagi)_(cosplay),41
haruno_sakura_(cosplay),41
roronoa_zoro_(cosplay),41
shimura_shinpachi_(cosplay),41
snow_white's_queen_(fairy_tale_character)_(cosplay),41
elesa_(pokemon)_(cosplay),41
racing_miku_(cosplay),41
kanzaki_ranko_(cosplay),41
rapunzel_(disney)_(cosplay),41
albedo_(overlord)_(cosplay),41
statue_of_the_seven_(cosplay),41
kitasan_black_(umamusume)_(cosplay),41
eishin_flash_(umamusume)_(cosplay),41
hakos_baelz_(cosplay),41
sakurako_(blue_archive)_(cosplay),41
mita_(miside)_(cosplay),41
fur-trimmed_bow,41
feather-trimmed_leotard,41
shiny_skirt,41
wet_apron,41
red_guard,41
panda_earrings,41
thighhighs_under_pantyhose,41
silver_skirt,41
leather_leotard,41
ancient_egyptian_hat,41
sword_necklace,41
silver_one-piece_swimsuit,41
veil_over_one_eye,41
grey_bonnet,41
necklace_between_pecs,41
pantyhose_under_leotard,41
pleated_capelet,41
pink_hanbok,41
white_tailcoat,41
playing_card_earrings,41
invasion_stripes,40
vinok,40
pastel_goth,40
guapi_mao,40
gingham_legwear,40
souseiseki_(cosplay),40
kirijou_mitsuru_(cosplay),40
gengar_(cosplay),40
may_(guilty_gear)_(cosplay),40
accelerator_(toaru_majutsu_no_index)_(cosplay),40
tainaka_ritsu_(cosplay),40
gokou_ruri_(cosplay),40
kaku_seiga_(cosplay),40
super_sonico_(cosplay),40
juliet_starling_(cosplay),40
bb_(fate/extra)_(cosplay),40
alisa_ilinichina_amiella_(cosplay),40
shimamura_uzuki_(cosplay),40
cure_honey_(cosplay),40
shokuhou_misaki_(cosplay),40
zuihou_(kancolle)_(cosplay),40
hinata_hajime_(cosplay),40
usami_sumireko_(cosplay),40
hayasui_(kancolle)_(cosplay),40
azura_(fire_emblem)_(cosplay),40
ayanami_(azur_lane)_(cosplay),40
marx_(kirby)_(cosplay),40
raiden_mei_(cosplay),40
shiranui_flare_(cosplay),40
lisa_(genshin_impact)_(cosplay),40
zhongli_(genshin_impact)_(cosplay),40
venti_(genshin_impact)_(cosplay),40
yoimiya_(genshin_impact)_(cosplay),40
izayoi_arisa_(cosplay),40
agnes_digital_(umamusume)_(cosplay),40
march_7th_(honkai:_star_rail)_(cosplay),40
falin_touden_(chimera)_(cosplay),40
fur_panties,40
japanese_police_uniform_type_51,40
yellow_nightgown,40
flower-trimmed_bra,40
embroidered_garter_belt,40
checkered_swimsuit,40
backless_bikini_bottom,40
cross_swimsuit,40
green_bloomers,40
cross_bracelet,40
pumpkin_brooch,40
pantyhose_over_swimsuit,40
bow_ring,40
dark_sailor,40
bat_panties,40
lace-trimmed_sash,40
blue_fundoshi,40
silver_collar,40
latex_shirt,40
lace-trimmed_shawl,40
brown_bustier,40
puffy_collar,40
dog_ear_hairband,40
inrou,39
shana_(cosplay),39
noumi_kudryavka_(cosplay),39
rugal_bernstein_(cosplay),39
chi-chi_(dragon_ball)_(cosplay),39
perrine_h._clostermann_(cosplay),39
soldier_(tf2)_(cosplay),39
donald_duck_(cosplay),39
himekaidou_hatate_(cosplay),39
jenny_(pokemon)_(cosplay),39
caterpillar_(alice_in_wonderland)_(cosplay),39
glaceon_(cosplay),39
yuzuriha_inori_(cosplay),39
mikasa_ackerman_(cosplay),39
nishizumi_miho_(cosplay),39
wakasagihime_(cosplay),39
jessica_rabbit_(cosplay),39
akizuki_(kancolle)_(cosplay),39
witch_(fire_emblem_fates)_(cosplay),39
guzma_(pokemon)_(cosplay),39
yamakaze_(kancolle)_(cosplay),39
white_blood_cell_(hataraku_saibou)_(cosplay),39
jeanne_d'arc_alter_(swimsuit_berserker)_(fate)_(cosplay),39
sekiro_(cosplay),39
bea_(pokemon)_(cosplay),39
yoshizawa_kasumi_(cosplay),39
lucifer_(helltaker)_(cosplay),39
suzuran_(arknights)_(cosplay),39
colonel_sanders_(cosplay),39
arlecchino_(genshin_impact)_(cosplay),39
choker_over_clothes,39
traditional_ninja,39
sagging_pants,39
cracked_armor,39
stitched_pants,39
aqua_hakama,39
plaid_cape,39
tanga_panties,39
floral_print_shorts,39
sailor_beach_wear_(no.s_project),39
time_breaker_mask,39
print_shawl,39
brown_veil,39
taut_bodystocking,39
paw_pendant,39
rainbow_bow,39
deer_hood,39
gold_corset,39
fur_socks,39
stained_bra,39
octopus_earrings,39
quilted_cape,39
multicolored_one-piece_swimsuit,39
rainbow_legwear,38
office_siren,38
lunamaria_hawke_(cosplay),38
priest_(ragnarok_online)_(cosplay),38
akagi_ritsuko_(cosplay),38
ulala_(cosplay),38
indiana_jones_(cosplay),38
beast_(disney)_(cosplay),38
kotobuki_tsumugi_(cosplay),38
hieda_no_akyuu_(cosplay),38
satonaka_chie_(cosplay),38
michael_jackson_(cosplay),38
miles_edgeworth_(cosplay),38
hilbert_(pokemon)_(cosplay),38
thanatos_eros_(cosplay),38
oktavia_von_seckendorff_(cosplay),38
cure_rhythm_(cosplay),38
cure_march_(cosplay),38
tachibana_hibiki_(symphogear)_(cosplay),38
kay_(girls_und_panzer)_(cosplay),38
i-8_(kancolle)_(cosplay),38
sekibanki_(cosplay),38
mutsuki_(kancolle)_(cosplay),38
psylocke_(cosplay),38
yuudachi_(kancolle)_(cosplay),38
uraraka_ochaco_(cosplay),38
tokitsukaze_(kancolle)_(cosplay),38
mega_lopunny_(cosplay),38
frisk_(undertale)_(cosplay),38
niijima_makoto_(cosplay),38
evelynn_(league_of_legends)_(cosplay),38
medusa_(lancer)_(fate)_(cosplay),38
merlin_(fate)_(cosplay),38
enterprise_(azur_lane)_(cosplay),38
sakura_(fire_emblem)_(cosplay),38
cinnamoroll_(cosplay),38
shima_rin_(cosplay),38
paimon_(genshin_impact)_(cosplay),38
karin_(blue_archive)_(cosplay),38
mio_(xenoblade)_(cosplay),38
kita_ikuyo_(cosplay),38
cure_sky_(cosplay),38
meowscarada_(cosplay),38
lynette_(genshin_impact)_(cosplay),38
kikyou_(blue_archive)_(cosplay),38
worker_(lethal_company)_(cosplay),38
plaid_sarong,38
french_flag_bikini,38
argyle_cardigan,38
standard_diving_dress,38
blue_bustier,38
clock_hat_ornament,38
frilled_sarong,38
string_belt,38
down_vest,38
lydian_academy_swimsuit,38
chicken_hat,38
unwrap_me_body_bow,38
number_glasses,38
leather_mask,38
snake_mask,38
layered_nightgown,38
pink_hiphighs,38
grey_tiara,38
bear_pajamas,38
horseshoe_necklace,38
grey_poncho,38
polka_dot_bloomers,38
grey_tabard,38
belted_coat,38
seal_costume,37
bokjumeoni,37
choco_girl,37
neckerchief_grab,37
military_lolita,37
kaleido_ruby_(cosplay),37
heracles_(fate)_(cosplay),37
brendan_(pokemon)_(cosplay),37
diarmuid_ua_duibhne_(lancer)_(fate)_(cosplay),37
medic_(tf2)_(cosplay),37
nakano_azusa_(cosplay),37
kaitou_kid_(cosplay),37
alpha_omega_(cosplay),37
ranma-chan_(cosplay),37
berserker_(fate/zero)_(cosplay),37
jeanne_d'arc_(ruler)_(fate)_(cosplay),37
ujimatsu_chiya_(cosplay),37
tone_kai_ni_(kancolle)_(cosplay),37
choukai_kai_ni_(kancolle)_(cosplay),37
widowmaker_(overwatch)_(cosplay),37
scathach_(swimsuit_assassin)_(fate)_(cosplay),37
rex_(xenoblade)_(cosplay),37
saihara_shuichi_(cosplay),37
yu_mei-ren_(fate)_(cosplay),37
ijichi_nijika_(cosplay),37
wanderer_(genshin_impact)_(cosplay),37
kayoko_(blue_archive)_(cosplay),37
belle_(zenless_zone_zero)_(cosplay),37
candy_earrings,37
horizontal-striped_necktie,37
food-themed_brooch,37
floral_print_bow,37
bomb_suit,37
double_flare_skirt_one-piece,37
double_frill_skirt_swimsuit,37
gradient_swimsuit,37
astral_dress,37
winged_armlet,37
poke_ball_earrings,37
plaid_gloves,37
denim_bikini,37
lirika_matoshi_strawberry_dress,37
see-through_hood,37
leather_panties,37
yellow_tiara,37
pearl_bikini,37
aqua_leggings,37
safari_hat,37
black_turban,37
fur-trimmed_bracer,37
recompense_maid_uniform,37
fishnet_kneehighs,37
character_hat_ornament,36
ribbed_leg_warmers,36
sautoir,36
tassel_necklace,36
cure_dream_(cosplay),36
pichu_(cosplay),36
sailor_neptune_(cosplay),36
spy_(tf2)_(cosplay),36
arcueid_brunestud_(cosplay),36
kotomine_kirei_(cosplay),36
poison_(final_fight)_(cosplay),36
heavy_(tf2)_(cosplay),36
kamen_rider_double_(cosplay),36
lucario_(cosplay),36
gardevoir_(cosplay),36
emmet_(pokemon)_(cosplay),36
doremy_sweet_(cosplay),36
katsushika_hokusai_(fate)_(cosplay),36
lady_maria_of_the_astral_clocktower_(cosplay),36
mash_kyrielight_(enma-tei_uniform)_(cosplay),36
yumemi_riamu_(cosplay),36
la+_darknesss_(cosplay),36
mejiro_palmer_(umamusume)_(cosplay),36
lyney_(genshin_impact)_(cosplay),36
cool_mita_(miside)_(cosplay),36
tassel_loafers,36
plaid_hoodie,36
taut_vest,36
american_flag_gloves,36
eyeball_hat_ornament,36
print_sailor_collar,36
multicolored_apron,36
zenryoku_cheerleader_(idolmaster),36
wet_gloves,36
see-through_frills,36
stone_mask,36
see-through_hat,36
animal_scarf,36
mismatched_pants,36
grey_headdress,36
fancy_dress_party_(idolmaster),36
heart-shaped_bonnet,36
studded_legwear,35
lumberjack,35
miner,35
piccolo_(cosplay),35
roy_mustang_(cosplay),35
aki_shizuha_(cosplay),35
reiko_holinger_(cosplay),35
tinker_bell_(disney)_(cosplay),35
oshino_shinobu_(cosplay),35
skyla_(pokemon)_(cosplay),35
cinderella_(disney_character)_(cosplay),35
hex_maniac_(pokemon)_(cosplay),35
jougasaki_mika_(cosplay),35
wolverine_(x-men)_(cosplay),35
cagliostro_(granblue_fantasy)_(cosplay),35
jack-o'_valentine_(cosplay),35
santa_alter_(cosplay),35
shiny_chariot_(cosplay),35
llenn_(sao)_(cosplay),35
princess_king_boo_(cosplay),35
karyl_(princess_connect!)_(cosplay),35
wattson_(apex_legends)_(cosplay),35
ningguang_(genshin_impact)_(cosplay),35
baobhan_sith_(fate)_(cosplay),35
ephraim_(fire_emblem)_(cosplay),35
ame-chan_(needy_girl_overdose)_(cosplay),35
hero_(dq3)_(cosplay),35
ivan_(alien_stage)_(cosplay),35
evelyn_chevalier_(cosplay),35
bird_earrings,35
striped_slingshot_swimsuit,35
pig_hood,35
collared_one-piece_swimsuit,35
purple_poncho,35
ear_armor,35
pinstripe_bowtie,35
power_gloves,35
yellow_hijab,35
grape_earrings,35
aqua_slippers,35
elf_hat,35
padded_armor,35
frilled_cardigan,35
two-sided_shorts,35
see-through_vest,35
fur-trimmed_belt,35
mechanical_collar,35
letter_earrings,35
black_poncho,35
pleated_cape,35
belt_ribbon,35
vi-o-la_suit,35
adjusting_neckerchief,34
pulling_off_legwear,34
ishikawa_goemon_xiii_(cosplay),34
lacus_clyne_(cosplay),34
yuri_(dirty_pair)_(cosplay),34
lunasa_prismriver_(cosplay),34
francesca_lucchini_(cosplay),34
mian_(dream_c_club)_(cosplay),34
star_platinum_(cosplay),34
chocolate_misu_(cosplay),34
beatrix_kiddo_(cosplay),34
harime_nui_(cosplay),34
fennekin_(cosplay),34
hiiragi_yuzu_(cosplay),34
team_rocket_grunt_(cosplay),34
shidare_hotaru_(cosplay),34
midoriya_izuku_(cosplay),34
camilla_(fire_emblem)_(cosplay),34
tomoe_gozen_(fate)_(cosplay),34
minamoto_no_raikou_(swimsuit_lancer)_(fate)_(cosplay),34
red_(among_us)_(cosplay),34
bloodhound_(apex_legends)_(cosplay),34
curren_chan_(umamusume)_(cosplay),34
nia_(blade)_(xenoblade)_(cosplay),34
hifumi_(blue_archive)_(cosplay),34
twin_turbo_(umamusume)_(cosplay),34
lucy_(cyberpunk)_(cosplay),34
wednesday_addams_(cosplay),34
aura_(sousou_no_frieren)_(cosplay),34
yusuf_dikec_(cosplay),34
parachute_pants,34
den-o_belt,34
fin_piercing,34
bomb_collar,34
stomach_piercing,34
crescent_belt_buckle,34
the_iron_crown_(darkest_dungeon),34
white_scapular,34
chain_bikini,34
eyeball_earrings,34
coin_hat_ornament,34
collared_tunic,34
blue_happi,34
brown_bodystocking,34
huge_bowtie,33
italian_clothes,33
hadeko,33
quattro_bajeena_(cosplay),33
alucard_(hellsing)_(cosplay),33
kusanagi_kyou_(cosplay),33
piplup_(cosplay),33
sniper_(tf2)_(cosplay),33
gordon_freeman_(cosplay),33
ariel_(disney)_(cosplay),33
cure_diamond_(cosplay),33
kujou_karen_(cosplay),33
cure_lovely_(cosplay),33
hiei_(kancolle)_(cosplay),33
taigei_(kancolle)_(cosplay),33
naka_kai_ni_(kancolle)_(cosplay),33
satsuki_(kancolle)_(cosplay),33
sendai_kai_ni_(kancolle)_(cosplay),33
minion_(despicable_me)_(cosplay),33
reaper_(overwatch)_(cosplay),33
jeanne_d'arc_(girl_from_orleans)_(fate)_(cosplay),33
ellen_baker_(cosplay),33
hatsuzuki_(kancolle)_(cosplay),33
lana_(pokemon)_(cosplay),33
marina_(splatoon)_(cosplay),33
suzuya_kai_ni_(kancolle)_(cosplay),33
yorigami_jo'on_(cosplay),33
tamaki_iroha_(cosplay),33
jeanne_d'arc_(swimsuit_archer)_(second_ascension)_(fate)_(cosplay),33
uruha_rushia_(cosplay),33
kiryu_coco_(cosplay),33
kazama_iroha_(cosplay),33
iori_(blue_archive)_(cosplay),33
fuwawa_abyssgard_(cosplay),33
sparkle_(honkai:_star_rail)_(cosplay),33
sweety_(zenless_zone_zero)_(cosplay),33
crossing_guard,33
dog_panties,33
faceless_hood,33
ribbon-trimmed_cape,33
fur-trimmed_bodysuit,33
fruit_brooch,33
ribbed_jumpsuit,33
firefighter_helmet,33
diagonal-striped_thighhighs,33
lowleg_buruma,33
owl_hat,33
camouflage_bikini_top,33
upside-down_bikini_top,33
mushroom_earrings,33
studded_bikini,33
bra_tag,33
opaque_helmet,33
fishnet_shorts,33
open-bust_leotard,33
halo_anklet,33
wing_hairpin,33
turtleneck_coat,33
turkish_clothes,32
waterskin,32
amami_haruka_(cosplay),32
jesus_(cosplay),32
ogino_chihiro_(cosplay),32
dark_sakura_(cosplay),32
amagi_yukiko_(cosplay),32
gertrud_barkhorn_(cosplay),32
purple_heart_(neptunia)_(cosplay),32
nyarlathotep_(nyaruko-san)_(cosplay),32
ken_masters_(cosplay),32
meta_knight_(cosplay),32
nowi_(fire_emblem)_(cosplay),32
palutena_(cosplay),32
calem_(pokemon)_(cosplay),32
flareon_(cosplay),32
koizumi_hanayo_(cosplay),32
shoukaku_(kancolle)_(cosplay),32
sazanami_(kancolle)_(cosplay),32
narmaya_(granblue_fantasy)_(cosplay),32
kiyohime_(fate)_(cosplay),32
cu_chulainn_alter_(fate)_(cosplay),32
gilgamesh_(caster)_(fate)_(cosplay),32
tsuchinoko_(kemono_friends)_(cosplay),32
chito_(shoujo_shuumatsu_ryokou)_(cosplay),32
unicorn_(azur_lane)_(cosplay),32
monika_(doki_doki_literature_club)_(cosplay),32
fu_hua_(cosplay),32
knight_(hollow_knight)_(cosplay),32
bronya_zaychik_(cosplay),32
grecale_(kancolle)_(cosplay),32
mejiro_dober_(umamusume)_(cosplay),32
maruzensky_(umamusume)_(cosplay),32
von_lycaon_(cosplay),32
hiroi_kikuri_(cosplay),32
sigewinne_(genshin_impact)_(cosplay),32
luce_(jubilee_2025)_(cosplay),32
red_raincoat,32
striped_bridal_gauntlets,32
ribbon-trimmed_sash,32
ribbon-trimmed_hat,32
tie_pilot,32
print_overalls,32
chikuma_mask,32
custodian_helmet,32
starfish_earrings,32
bat_bra,32
hijab_as_hair,32
illusion_grid_t-shirt,32
knit_scarf,32
plaid_cardigan,32
classical_maid_(project_sekai),32
planet_necklace,32
vshojo_idol_uniform,32
cross-laced_coat,32
blue_lock_bodysuit,32
bear_necklace,32
yellow_track_suit,32
shooting_star_hat_ornament,32
fur_shorts,32
kiwi_print,31
tattoo_choker,31
izumi_konata_(cosplay),31
luna_(sailor_moon)_(cosplay),31
lina_inverse_(cosplay),31
pit_(kid_icarus)_(cosplay),31
eas_(fresh_precure!)_(cosplay),31
shiomi_kotone_(cosplay),31
leafeon_(cosplay),31
ashitaka_(cosplay),31
king_dedede_(cosplay),31
hawkeye_(marvel)_(cosplay),31
caesar_anthonio_zeppeli_(cosplay),31
android_18_(cosplay),31
leafa_(sao)_(cosplay),31
baiken_(cosplay),31
the_prince_(disney)_(cosplay),31
supergirl_(cosplay),31
mordred_(memories_at_trifas)_(fate)_(cosplay),31
kiryuuin_ragyou_(cosplay),31
tama_(kancolle)_(cosplay),31
kaneda_shoutarou_(akira)_(cosplay),31
oda_nobunaga_(koha-ace)_(cosplay),31
litten_(cosplay),31
jeanne_d'arc_alter_(avenger)_(fate)_(cosplay),31
darkness_(konosuba)_(cosplay),31
cure_macaron_(cosplay),31
saratoga_(kancolle)_(cosplay),31
yorigami_shion_(cosplay),31
cutlass_(girls_und_panzer)_(cosplay),31
aijou_karen_(cosplay),31
scorbunny_(cosplay),31
kanroji_mitsuri_(cosplay),31
reze_(chainsaw_man)_(cosplay),31
nanashi_mumei_(cosplay),31
racing_miku_(2022)_(cosplay),31
prisoner_(elden_ring)_(cosplay),31
ukuru_(kancolle)_(cosplay),31
kamisato_ayaka_(springbloom_missive)_(cosplay),31
jane_doe_(zenless_zone_zero)_(cosplay),31
yellow_bustier,31
hammer_and_sickle_bikini,31
live_hood,31
print_armor,31
spotted_skirt,31
tinfoil_hat,31
camouflage_thighhighs,31
wolf_headdress,31
highleg_shorts,31
ribbed_bra,31
crab_hood,31
ribbed_pants,31
horned_tiara,31
yesa_robe,31
ribbon_print,31
leather_apron,31
see-through_necktie,31
hoodie_hiding_shorts,31
checkered_belt,31
leash_belt,31
blue_romper,31
floral_print_veil,31
collared_pajamas,31
fruit_pattern,30
tang_sanzang_(cosplay),30
nausicaa_(cosplay),30
han_solo_(cosplay),30
kei_(dirty_pair)_(cosplay),30
frederica_bernkastel_(cosplay),30
buneary_(cosplay),30
tailmon_(cosplay),30
maka_albarn_(cosplay),30
bulma_(cosplay),30
demoman_(tf2)_(cosplay),30
pyro_(tf2)_(cosplay),30
kumoi_ichirin_(cosplay),30
kakyoin_noriaki_(cosplay),30
hatsune_miku_(append)_(cosplay),30
sakura_miku_(cosplay),30
dormouse_(alice_in_wonderland)_(cosplay),30
yuki_miku_(cosplay),30
kirby_(cosplay),30
wario_(cosplay),30
lara_croft_(cosplay),30
jolteon_(cosplay),30
kasodani_kyouko_(cosplay),30
soga_no_tojiko_(cosplay),30
poke_kid_(pokemon)_(cosplay),30
garchomp_(cosplay),30
chell_(cosplay),30
naegi_makoto_(cosplay),30
isokaze_(kancolle)_(cosplay),30
anna_(frozen)_(cosplay),30
ramlethal_valentine_(cosplay),30
u-511_(kancolle)_(cosplay),30
baymax_(cosplay),30
altera_(fate)_(cosplay),30
umikaze_(kancolle)_(cosplay),30
fire_keeper_(cosplay),30
clarisse_(granblue_fantasy)_(cosplay),30
decidueye_(cosplay),30
nursery_rhyme_(fate)_(cosplay),30
medb_(fate)_(cosplay),30
i-13_(kancolle)_(cosplay),30
nekomusume_(gegege_no_kitarou_6)_(cosplay),30
wu_zetian_(fate)_(cosplay),30
tashkent_(kancolle)_(cosplay),30
matara_okina_(cosplay),30
agent_47_(cosplay),30
ring_fit_trainee_(female)_(cosplay),30
amber_(genshin_impact)_(cosplay),30
matikanetannhauser_(umamusume)_(cosplay),30
ines_fujin_(umamusume)_(cosplay),30
pochita_(chainsaw_man)_(cosplay),30
takakura_ken_(dandadan)_(cosplay),30
swastika_necklace,30
bridal_one-piece_swimsuit,30
print_chaps,30
button_panties,30
single_shin_guard,30
aqua_armor,30
argyle_bra,30
multicolored_cardigan,30
glove_ribbon,30
bell_piercing,30
nintendo_switch_shirt,30
ribbon-trimmed_cloak,30
orange_haori,30
butterfly_bowtie,30
two-tone_helmet,30
camouflage_swimsuit,30
grey_hiphighs,30
striped_hiphighs,30
sun_pendant,30
doctor's_coat_(arknights),30
beauty_mask,30
see-through_overskirt,30
carrot_hat_ornament,30
o-ring_suspenders,30
spiked_mask,30
leaf_dress,30
grey_romper,30
toeless_bodysuit,30
very_long_robe,30
sprout_pendant,30
pinstripe_overalls,30
cow_print_jacket,30
ribbon-trimmed_ascot,30
gradient_hiphighs,30
beatnik,29
lace-trimmed_pantyhose,29
festoon_(necklace),29
grunge_(fashion),29
minoan_clothes,29
hinamori_amu_(cosplay),29
kuradoberi_jam_(cosplay),29
eila_ilmatar_juutilainen_(cosplay),29
lynette_bishop_(cosplay),29
leona_heidern_(cosplay),29
roll_caskett_(mega_man)_(cosplay),29
kisume_(cosplay),29
sora_(kingdom_hearts)_(cosplay),29
melon-chan_(cosplay),29
b.b._hood_(cosplay),29
blue_oak_(cosplay),29
lucas_(pokemon)_(cosplay),29
shanghai_doll_(cosplay),29
luke_skywalker_(cosplay),29
miltank_(cosplay),29
motoori_kosuzu_(cosplay),29
noshiro_(kancolle)_(cosplay),29
unryuu_(kancolle)_(cosplay),29
winter_soldier_(cosplay),29
matsuno_karamatsu_(cosplay),29
kasumi_kai_ni_(kancolle)_(cosplay),29
bakugou_katsuki_(cosplay),29
pearl_(splatoon)_(cosplay),29
tamamo_no_mae_(swimsuit_lancer)_(fate)_(cosplay),29
kisaragi_(azur_lane)_(cosplay),29
yuuri_(shoujo_shuumatsu_ryokou)_(cosplay),29
nia_(xenoblade)_(cosplay),29
saber_(summer_battle_clothes)_(fate)_(cosplay),29
okumura_haru_(cosplay),29
paul_bunyan_(fate)_(cosplay),29
m4a1_(girls'_frontline)_(cosplay),29
symboli_rudolf_(umamusume)_(cosplay),29
vikala_(granblue_fantasy)_(cosplay),29
itadori_yuuji_(cosplay),29
yukihana_lamy_(cosplay),29
jean_(genshin_impact)_(cosplay),29
haru_urara_(umamusume)_(cosplay),29
dan_heng_(honkai:_star_rail)_(cosplay),29
eremite_desert_clearwater_(genshin_impact)_(cosplay),29
miyu_(blue_archive)_(cosplay),29
dante_(limbus_company)_(cosplay),29
izuna_(blue_archive)_(cosplay),29
serika_(blue_archive)_(cosplay),29
nicole_demara_(cosplay),29
murano_sayaka_(cosplay),29
ed_(street_fighter)_(cosplay),29
momose_ginko_(cosplay),29
till_(alien_stage)_(cosplay),29
aqua_bandana,29
tanuki_suit,29
frilled_neckerchief,29
college_shirt,29
plaid_sash,29
checkered_bikini_top,29
wet_bloomers,29
fbi_jacket,29
executioner_hood,29
camouflage_hairband,29
purple_hijab,29
jack-o'-lantern_hat,29
aqua_slingshot_swimsuit,29
knit_swimsuit,29
fish_pendant,29
harmony_scarf,29
bow_garter_belt,29
polka_dot_sweater,29
green_hijab,29
jacket_over_jacket,29
dolphin_pendant,29
striped_hakama,29
triple_side_labret_piercing,29
print_helmet,29
grey_overskirt,29
studded_anklet,29
polka_dot_cape,29
latex_serafuku,29
leather_bra,29
lace_leotard,29
handkerchief_in_pocket,29
teardrop_necklace,29
pleated_kimono,29
syringe_necklace,29
gradient_cloak,29
two-tone_hood,29
purple_negligee,29
sideless_sweater,29
platinum_jacket_(twisted_wonderland),29
character_ear_piercing,29
blue_tiara,29
gradient_shorts,29
triple_tiara_(umamusume),29
jacket_bow,29
feathered_helmet,29
boar_costume,28
burglar,28
torioigasa,28
cingulum_militare,28
shirt_stay,28
longpao,28
moonlight_flower_(cosplay),28
tsukimiya_ayu_(cosplay),28
sha_wujing_(cosplay),28
kos-mos_(cosplay),28
flonne_(cosplay),28
jessica_albert_(cosplay),28
tidus_(cosplay),28
sakamoto_mio_(cosplay),28
tombo_(majo_no_takkyuubin)_(cosplay),28
arthur_pendragon_(fate)_(cosplay),28
sir_aaron_(cosplay),28
unicorn_gundam_(cosplay),28
marth_(fire_emblem)_(cosplay),28
totoro_(cosplay),28
platinum_the_trinity_(cosplay),28
cure_beauty_(cosplay),28
gamagoori_ira_(cosplay),28
ashigara_(kancolle)_(cosplay),28
sukuna_shinmyoumaru_(cosplay),28
arle_nadja_(cosplay),28
harusame_(kancolle)_(cosplay),28
blaze_the_cat_(cosplay),28
mathilda_lando_(cosplay),28
kaijin_hime_do-s_(cosplay),28
lucky_beast_(kemono_friends)_(cosplay),28
oma_kokichi_(cosplay),28
illustrious_(azur_lane)_(cosplay),28
bb_(swimsuit_mooncancer)_(third_ascension)_(fate)_(cosplay),28
victor_(pokemon)_(cosplay),28
agent_8_(splatoon)_(cosplay),28
cerberus_(helltaker)_(cosplay),28
blue_(among_us)_(cosplay),28
starfire_(cosplay),28
ash_(titanfall_2)_(cosplay),28
taiki_shuttle_(umamusume)_(cosplay),28
alice_(nikke)_(cosplay),28
nerissa_ravencroft_(cosplay),28
professor_niyaniya_(blue_archive)_(cosplay),28
mountain_pattern_armor,28
orange_serafuku,28
checkered_choker,28
aqua_serafuku,28
frog_hat_ornament,28
murmillo_helmet,28
panda_slippers,28
vine_belt,28
mechanical_shoes,28
skirt_over_leggings,28
anchor_pendant,28
red_hijab,28
rabbit_ear_panties,28
horse_hood,28
bodysuit_only,28
rabbit_helmet,28
aqua_mask,28
socks_over_kneehighs,28
argyle_shorts,28
polka_dot_bandana,28
sexy_spy_(idolmaster),28
polka_dot_headband,28
blue_bike_shorts,28
collared_cardigan,28
gradient_socks,28
checkered_cloak,28
pleated_collar,28
burgundy_jacket,28
multi-strapped_shirt,28
shell_bracelet,28
two-sided_vest,28
lace-trimmed_cape,28
semi-transparent_dress,28
feathered_coat,28
two-tone_corset,28
lace-trimmed_hood,28
gradient_robe,28
brown_overskirt,28
purple_headdress,28
jacket_under_coat,28
punk_lolita,27
mao_cap,27
friendship_bracelet,27
horn_band_legwear,27
olimar_(cosplay),27
nakahara_komugi_(cosplay),27
takaya_noriko_(cosplay),27
zhu_bajie_(cosplay),27
amulet_heart_(cosplay),27
super_sailor_moon_(cosplay),27
roll_(mega_man)_(cosplay),27
ritsuko_kubel_kettenkrad_(cosplay),27
takatsuki_yayoi_(cosplay),27
i-no_(cosplay),27
elizabeth_(persona)_(cosplay),27
buront_(cosplay),27
shirogane_naoto_(cosplay),27
lightning_farron_(cosplay),27
kamijou_touma_(cosplay),27
x_(mega_man)_(cosplay),27
harlock_(cosplay),27
hidari_shoutarou_(cosplay),27
silver_(pokemon)_(cosplay),27
kanbaru_suruga_(cosplay),27
bruno_bucciarati_(cosplay),27
yuri_lowell_(cosplay),27
bianca_(pokemon)_(cosplay),27
hatake_kakashi_(cosplay),27
n_(pokemon)_(cosplay),27
jonathan_joestar_(cosplay),27
ia_(vocaloid)_(cosplay),27
gretel_(hansel_and_gretel)_(cosplay),27
obi-wan_kenobi_(cosplay),27
haruna_(aoki_hagane_no_arpeggio)_(cosplay),27
noire_(neptunia)_(cosplay),27
ooi_(kancolle)_(cosplay),27
wii_fit_trainer_(female)_(cosplay),27
myoukou_(kancolle)_(cosplay),27
akebono_(kancolle)_(cosplay),27
kishin_sagume_(cosplay),27
elio_(pokemon)_(cosplay),27
brynhild_(fate)_(cosplay),27
matou_sakura_(street_choco-maid)_(cosplay),27
yunyun_(konosuba)_(cosplay),27
pisaro_(cosplay),27
dimitri_alexandre_blaiddyd_(cosplay),27
ch'en_(arknights)_(cosplay),27
yoshida_saki_(cosplay),27
crypto_(apex_legends)_(cosplay),27
mayano_top_gun_(umamusume)_(cosplay),27
admire_vega_(umamusume)_(cosplay),27
kirin_r_yato_(arknights)_(cosplay),27
acheron_(honkai:_star_rail)_(cosplay),27
helldiver_(helldivers)_(cosplay),27
verone_gakuin_cheerleader_uniform,27
print_buruma,27
christmas_tree_earrings,27
silver_ribbon,27
fur-trimmed_bikini_top,27
male_stripper,27
pasgt_helmet,27
argyle_capelet,27
cardigan_schooler_(idolmaster),27
belt_slit,27
hood_lift,27
anchor_collar,27
leotard_over_bodysuit,27
latex_thigh_boots,27
wet_sweater,27
purple_happi,27
floral_bikini,27
red_panda_hood,27
aqua_suit,27
red_romper,27
leotard_under_leotard,27
two-tone_bandana,27
ninja_buckle,27
naval_jacket,27
cow_print_panties,27
maid_for_you_(nikke),27
plaid_camisole,27
shinora,26
flowing_dress_(dq),26
print_sandals,26
norigae,26
hunter_(little_red_riding_hood)_(cosplay),26
kyon_(cosplay),26
sanji_(one_piece)_(cosplay),26
hisui_(tsukihime)_(cosplay),26
vash_the_stampede_(cosplay),26
ky_kiske_(cosplay),26
star_sapphire_(cosplay),26
skitty_(cosplay),26
jin_kisaragi_(cosplay),26
kamui_gakupo_(cosplay),26
minea_(dq4)_(cosplay),26
charlotte_e._yeager_(cosplay),26
merlin_prismriver_(cosplay),26
lambdadelta_(cosplay),26
tony_tony_chopper_(cosplay),26
kurodani_yamame_(cosplay),26
rx-78-2_gundam_(cosplay),26
kunihiro_hajime_(cosplay),26
locke_cole_(cosplay),26
tachibana_kanade_(cosplay),26
boa_hancock_(cosplay),26
harukaze_doremi_(cosplay),26
van_darkholme_(cosplay),26
velma_dinkley_(cosplay),26
okabe_rintarou_(cosplay),26
nitta_minami_(cosplay),26
catwoman_(cosplay),26
higashikata_josuke_(jojolion)_(cosplay),26
souryuu_(kancolle)_(cosplay),26
ghostface_(cosplay),26
yang_xiao_long_(cosplay),26
akitsu_maru_(kancolle)_(cosplay),26
chrom_(fire_emblem)_(cosplay),26
jinx_(league_of_legends)_(cosplay),26
serena_(yu-gi-oh!)_(cosplay),26
donkey_kong_(cosplay),26
nyx_(fire_emblem)_(cosplay),26
katyusha_(girls_und_panzer)_(cosplay),26
common_raccoon_(kemono_friends)_(cosplay),26
scheherazade_(fate)_(cosplay),26
akamatsu_kaede_(cosplay),26
kurosawa_dia_(cosplay),26
pennywise_(cosplay),26
majin_android_21_(cosplay),26
2p_(nier:automata)_(cosplay),26
yang_guifei_(fate)_(cosplay),26
cure_grace_(cosplay),26
noelle_(genshin_impact)_(cosplay),26
gibraltar_(apex_legends)_(cosplay),26
yanfei_(genshin_impact)_(cosplay),26
sakura_bakushin_o_(umamusume)_(cosplay),26
rebecca_(cyberpunk)_(cosplay),26
yuki_setsuna_(cosplay),26
hime_(himesama_goumon)_(cosplay),26
burnice_white_(cosplay),26
mavuika_(genshin_impact)_(cosplay),26
magic_bikini_(dq),26
weight_belt,26
candy_cane_earrings,26
japanese_flag_bikini,26
hip_piercing,26
oversized_belt,26
engraved_armor,26
plaid_corset,26
australian_flag_bikini,26
lace-trimmed_coat,26
shirt_flower,26
coconut_bra,26
novelty_bikini,26
santa_cape,26
chandelier_earrings,26
aqua_sports_bra,26
multi-strapped_camisole,26
pointed_mask,26
full-leg_boots,26
cross-laced_choker,26
horse_hat,26
see-through_poncho,26
gold_piercing,26
cow_print_leotard,26
ghost_hat_ornament,26
candy_hat_ornament,26
shirt_belt,26
ninja_dueler,26
front-tie_shorts,26
fur_hoodie,26
dress_under_skirt,26
bear_earrings,26
translucent_swimsuit,26
coat_pouch,26
octopus_sausage_earrings,26
lorgnette,25
print_slippers,25
archetype_earth_(cosplay),25
millia_rage_(cosplay),25
amuro_ray_(cosplay),25
rilakkuma_(cosplay),25
lyrica_prismriver_(cosplay),25
akita_neru_(cosplay),25
captain_falcon_(cosplay),25
maetel_(cosplay),25
haruhara_haruko_(cosplay),25
isaac_clarke_(cosplay),25
riliane_lucifen_d'autriche_(cosplay),25
wendy_(wendy's)_(cosplay),25
rachel_alucard_(cosplay),25
ashley_graham_(cosplay),25
cure_moonlight_(cosplay),25
totooria_helmold_(cosplay),25
azumarill_(cosplay),25
inuyasha_(character)_(cosplay),25
vampirella_(character)_(cosplay),25
tohsaka_tokiomi_(cosplay),25
hansel_(hansel_and_gretel)_(cosplay),25
gilles_de_rais_(caster)_(fate)_(cosplay),25
kazanari_tsubasa_(cosplay),25
robin_(dc)_(cosplay),25
sinon_(cosplay),25
cure_princess_(cosplay),25
kuriyama_mirai_(cosplay),25
marx_(true_form)_(kirby)_(cosplay),25
elizabeth_liones_(cosplay),25
cure_fortune_(cosplay),25
nachi_(kancolle)_(cosplay),25
cure_flora_(cosplay),25
akashi_(kancolle)_(cosplay),25
cure_twinkle_(cosplay),25
fubuki_(one-punch_man)_(cosplay),25
flora_(fire_emblem)_(cosplay),25
mata_hari_(fate)_(cosplay),25
bb_(bb_shot!)_(fate)_(cosplay),25
suzuka_gozen_(fate)_(cosplay),25
saber_alter_(ver._shinjuku_1999)_(cosplay),25
james_moriarty_(archer)_(fate)_(cosplay),25
tachibana_arisu_(cosplay),25
yamashiro_(azur_lane)_(cosplay),25
jaguarman_(fate)_(cosplay),25
fail_(djmax)_(cosplay),25
samuel_b._roberts_(kancolle)_(cosplay),25
kiran_(fire_emblem)_(cosplay),25
shuten_douji_(halloween_caster)_(fate)_(cosplay),25
hoshino_miyako_(wataten)_(cosplay),25
yuzuki_choco_(cosplay),25
chiyoda_momo_(cosplay),25
colorado_(kancolle)_(cosplay),25
morpeko_(cosplay),25
texas_(arknights)_(cosplay),25
rick_astley_(cosplay),25
jack_skellington_(cosplay),25
lionel_messi_(cosplay),25
aru_(blue_archive)_(cosplay),25
ling_(arknights)_(cosplay),25
king_halo_(umamusume)_(cosplay),25
ui_(blue_archive)_(cosplay),25
silent_magician_(cosplay),25
takase_rio_(cosplay),25
uehara_ayumu_(cosplay),25
caelus_(honkai:_star_rail)_(cosplay),25
valkyrie_police_academy_student_(sg)_(blue_archive)_(cosplay),25
himmel_(sousou_no_frieren)_(cosplay),25
wide_belt,25
beard_ribbon,25
studded_hat,25
leaf_leotard,25
light_suit_(metroid),25
rider_belt_(kabuto),25
flight_cape_(precure),25
korean_traditional_hat,25
flower-trimmed_bikini,25
knit_bikini,25
hat_print,25
suspenders_under_shirt,25
stained_swimsuit,25
turtleneck_jumpsuit,25
polka_dot_choker,25
wet_suit,25
christmas_tree_hat,25
two-tone_unitard,25
print_cardigan,25
scarf_over_breasts,25
brown_bloomers,25
vertical-striped_hiphighs,25
leggings_under_skirt,25
panda_mask,25
horseshoe_earrings,25
spider_web_necklace,25
striped_sweatband,25
cube_hat_ornament,25
purple_hanbok,25
capelet_bow,25
olympic_shooting_glasses,25
station_necklace,24
nipple_lock,24
panties_around_tail,24
plastron_(necklace),24
hacker,24
furude_rika_(cosplay),24
cure_aqua_(cosplay),24
shannon_(umineko)_(cosplay),24
ushiromiya_battler_(cosplay),24
puchiko_(cosplay),24
sailor_pluto_(cosplay),24
kamishakujii_renko_(cosplay),24
kurosaki_ichigo_(cosplay),24
eureka_(eureka_seven)_(cosplay),24
hinaichigo_(cosplay),24
kuma_(persona_4)_(cosplay),24
saint_tail_(cosplay),24
nekki_basara_(cosplay),24
tron_bonne_(mega_man)_(cosplay),24
amane_(dream_c_club)_(cosplay),24
saten_ruiko_(cosplay),24
vf-25_(cosplay),24
jean_pierre_polnareff_(cosplay),24
black_mage_(final_fantasy)_(cosplay),24
chucky_(cosplay),24
lili_(tekken)_(cosplay),24
venom_(marvel)_(cosplay),24
gloomy_bear_(cosplay),24
gyro_zeppeli_(cosplay),24
hoshimiya_ichigo_(cosplay),24
phoebe_(pokemon)_(cosplay),24
cure_heart_(cosplay),24
maou_(maoyuu)_(cosplay),24
sanageyama_uzu_(cosplay),24
saotome_ranma_(cosplay),24
uzuki_(kancolle)_(cosplay),24
agano_(kancolle)_(cosplay),24
hiryuu_(kancolle)_(cosplay),24
enraku_tsubakura_(cosplay),24
virgin_mary_(cosplay),24
scarlet_witch_(cosplay),24
norimaki_arale_(cosplay),24
fubuki_kai_ni_(kancolle)_(cosplay),24
vampy_(cosplay),24
tamamo_cat_(first_ascension)_(fate)_(cosplay),24
doctor_strange_(cosplay),24
i-26_(kancolle)_(cosplay),24
mysterious_heroine_x_alter_(first_ascension)_(fate)_(cosplay),24
shoukaku_(azur_lane)_(cosplay),24
morgana_(persona_5)_(cosplay),24
lio_fotia_(cosplay),24
sonia_(pokemon)_(cosplay),24
jingei_(kancolle)_(cosplay),24
natsuiro_matsuri_(cosplay),24
kudamaki_tsukasa_(cosplay),24
tartaglia_(genshin_impact)_(cosplay),24
hinoa_(cosplay),24
melusine_(fate)_(cosplay),24
shinonome_ena_(cosplay),24
peroro_(blue_archive)_(cosplay),24
irida_(pokemon)_(cosplay),24
miyako_(blue_archive)_(cosplay),24
miorine_rembran_(cosplay),24
noa_(blue_archive)_(cosplay),24
roland_(project_moon)_(cosplay),24
queen_draco_(fate)_(cosplay),24
shiori_novella_(cosplay),24
stark_(sousou_no_frieren)_(cosplay),24
aventurine_(honkai:_star_rail)_(cosplay),24
cure_wonderful_(cosplay),24
red_hood_(nikke)_(cosplay),24
hyacine_(honkai:_star_rail)_(cosplay),24
ani_(xai)_(cosplay),24
plaid_bandana,24
fundoshi_under_pantyhose,24
sleeved_one-piece_swimsuit,24
high-visibility_jacket,24
checkered_shawl,24
embroidered_gloves,24
swedish_flag_bikini,24
transparent_harem_pants,24
american_flag_hat,24
sailor_dreamer_(idolmaster),24
flappy_hat,24
horse_earrings,24
chinese-styled_leotard,24
sports_bra_visible_through_clothes,24
aqua_hijab,24
blue_pendant,24
necktie_print,24
headband_over_one_eye,24
aqua_veil,24
backless_pantyhose,24
grey_hanbok,24
santa_hood,24
leg_bow,24
argyle_sash,24
thighband_bodystocking,24
feather-trimmed_capelet,24
vine_bracelet,24
bat_hat_ornament,24
holostars_idol_uniform_(movin_on),24
cake_dress,23
flag_dress,23
argyle_choker,23
half_moon_bag,23
kiltie_loafers,23
short-sleeved_coat,23
grandmother_(little_red_riding_hood)_(cosplay),23
master_chief_(cosplay),23
anise_tatlin_(cosplay),23
hoshino_ruri_(cosplay),23
johnny_(guilty_gear)_(cosplay),23
mitsukai_dokuro_(cosplay),23
ten_(urusei_yatsura)_(cosplay),23
flora_(dq5)_(cosplay),23
faye_valentine_(cosplay),23
tatsumi_kanji_(cosplay),23
erica_hartmann_(cosplay),23
birdy_cephon_altera_(cosplay),23
estellise_sidos_heurassein_(cosplay),23
minun_(cosplay),23
monk_(ragnarok_online)_(cosplay),23
spongebob_squarepants_(cosplay),23
hero_(dq5)_(cosplay),23
charmander_(cosplay),23
cure_sunny_(cosplay),23
waver_velvet_(cosplay),23
snoo_(cosplay),23
johnny_joestar_(cosplay),23
akigumo_(kancolle)_(cosplay),23
blanc_(neptunia)_(cosplay),23
yamashiro_(kancolle)_(cosplay),23
momoe_nagisa_(cosplay),23
edgar_roni_figaro_(cosplay),23
ruby_rose_(cosplay),23
lebron_james_(cosplay),23
lissa_(fire_emblem)_(cosplay),23
mogami_(kancolle)_(cosplay),23
euryale_(third_ascension)_(fate)_(cosplay),23
marie_antoinette_(fate)_(cosplay),23
romani_archaman_(cosplay),23
yura_(kancolle)_(cosplay),23
martha_(fate)_(cosplay),23
cassidy_(overwatch)_(cosplay),23
junkrat_(overwatch)_(cosplay),23
tsushima_yoshiko_(cosplay),23
gangut_(kancolle)_(cosplay),23
golden_snub-nosed_monkey_(kemono_friends)_(cosplay),23
fennec_(kemono_friends)_(cosplay),23
hinata_kaho_(cosplay),23
frankenstein's_monster_(swimsuit_saber)_(fate)_(cosplay),23
tsukino_mito_(cosplay),23
fujimaru_ritsuka_(female)_(polar_chaldea_uniform)_(cosplay),23
sword_maiden_(cosplay),23
nakiri_ayame_(cosplay),23
shuten_douji_(festival_outfit)_(fate)_(cosplay),23
astolfo_(saber)_(fate)_(cosplay),23
ophelia_(fire_emblem)_(cosplay),23
himiko_(fate)_(cosplay),23
omaru_polka_(cosplay),23
vodka_(umamusume)_(cosplay),23
hina_(genshin_impact)_(cosplay),23
sumire_(blue_archive)_(cosplay),23
gundam_aerial_(cosplay),23
ken_(barbie)_(cosplay),23
blue-eyes_white_dragon_(cosplay),23
eous_(zenless_zone_zero)_(cosplay),23
ghost_girl_(niyeye2019)_(cosplay),23
thighhigh_belt,23
holly_earrings,23
jewelry_star_bracelet,23
pumpkin_bra,23
print_slingshot_swimsuit,23
lace_capelet,23
yukata_maid_(idolmaster),23
leather_corset,23
short_suit,23
spotted_bow,23
jiefang_shoes,23
sonichu_medallion,23
henley_shirt,23
horizontal-striped_scarf,23
print_jumpsuit,23
lion_mask,23
camouflage_cape,23
camouflage_sports_bra,23
canadian_flag_bikini,23
gorilla_mask,23
ribbon-trimmed_sweater,23
plaid_mittens,23
business_suit_(kirby),23
gingham_pajamas,23
embroidered_skirt,23
plaid_cloak,23
butterfly_dress,23
print_loincloth,23
fishnet_choker,23
layered_collar,23
eyeball_bracelet,23
plaid_overalls,23
blue_racing_suit,23
checkered_shoes,23
hexagon_brooch,23
spade_necklace,23
black_changpao,23
clock_pendant,23
fish_hairpin,23
denim_panties,23
white_gown,23
fortified_suit_(kagami_sumika),23
blue_coif,23
aqua_corset,23
short_coat,23
chicken_hood,23
striped_cloak,23
gradient_hakama,23
horizontal-striped_ribbon,23
purple_overskirt,23
plaid_choker,22
foreskin_piercing,22
dunce_cap,22
gem_belt,22
hoshii_miki_(cosplay),22
mine_fujiko_(cosplay),22
high_priest_(ragnarok_online)_(cosplay),22
ryougi_shiki_(cosplay),22
kaonashi_(cosplay),22
luke_fon_fabre_(cosplay),22
squall_leonhart_(cosplay),22
ganondorf_(cosplay),22
bianca_(dq5)_(cosplay),22
kousaka_kirino_(cosplay),22
erik_(phantom_of_the_opera)_(cosplay),22
litchi_faye_ling_(cosplay),22
power_girl_(cosplay),22
ezio_auditore_da_firenze_(cosplay),22
araragi_karen_(cosplay),22
kyary_pamyu_pamyu_(cosplay),22
kneesocks_(psg)_(cosplay),22
cure_muse_(yellow)_(cosplay),22
finn_the_human_(cosplay),22
tokisaki_kurumi_(cosplay),22
kagari_atsuko_(cosplay),22
sheik_(cosplay),22
senketsu_(cosplay),22
matsuno_jyushimatsu_(cosplay),22
snorlax_(cosplay),22
matsuno_osomatsu_(cosplay),22
boudica_(fate)_(cosplay),22
genji_(overwatch)_(cosplay),22
oyashio_(kancolle)_(cosplay),22
cure_chocolat_(cosplay),22
cure_gelato_(cosplay),22
gladion_(pokemon)_(cosplay),22
soldier:_76_(overwatch)_(cosplay),22
phantom_thief_lapin_(cosplay),22
artoria_pendragon_(swimsuit_archer)_(fate)_(cosplay),22
cure_whip_(cosplay),22
alolan_vulpix_(cosplay),22
sado_(kancolle)_(cosplay),22
shigure_(azur_lane)_(cosplay),22
toga_himiko_(cosplay),22
hiro_(darling_in_the_franxx)_(cosplay),22
melia_antiqua_(cosplay),22
roro_(gunvolt)_(cosplay),22
bradamante_(fate)_(cosplay),22
fujiwara_chika_(cosplay),22
rita_rossweisse_(cosplay),22
mikura_(kancolle)_(cosplay),22
team_magma_grunt_(cosplay),22
nanakusa_nazuna_(yofukashi_no_uta)_(cosplay),22
octane_(apex_legends)_(cosplay),22
elaina_(majo_no_tabitabi)_(cosplay),22
tsunomaki_watame_(cosplay),22
momosuzu_nene_(cosplay),22
valkyrie_(apex_legends)_(cosplay),22
tarnished_(elden_ring)_(cosplay),22
fia_the_deathbed_companion_(cosplay),22
tamamo_cross_(umamusume)_(cosplay),22
satono_diamond_(umamusume)_(cosplay),22
mutsuki_(blue_archive)_(cosplay),22
laios_touden_(cosplay),22
pom-pom_(honkai:_star_rail)_(cosplay),22
anis_(nikke)_(cosplay),22
cure_friendy_(cosplay),22
fujishima_megumi_(cosplay),22
miuka_(bunny_garden)_(cosplay),22
red_pendant,22
patterned_sash,22
sweater_under_kimono,22
diving_hood,22
water_skirt,22
orange_crown,22
white_chaps,22
snake_bracelet,22
frilled_tabard,22
gold_skirt,22
plastic_bag_swimsuit,22
panties_under_panties,22
backless_jacket,22
mask_panties,22
panties_under_leggings,22
polka_dot_capelet,22
skirt_under_skirt,22
frilled_slingshot_swimsuit,22
aqua_bonnet,22
bunny_police,22
studded_armor,22
rainbow_belt,22
latex_pantyhose,22
golden_sash,22
lace-trimmed_robe,22
butterfly_bow,22
pinstripe_bikini,22
green_headdress,22
two-sided_collar,22
o-ring_necktie,22
argyle_bonnet,22
cyclist,21
bustle,21
no_necklace,21
cameo_(jewelry),21
sentient_scarf,21
ciel_(tsukihime)_(cosplay),21
kisaragi_chihaya_(cosplay),21
kamio_misuzu_(cosplay),21
vincent_valentine_(cosplay),21
houjou_satoko_(cosplay),21
chiester45_(cosplay),21
saotome_alto_(cosplay),21
hanamura_yousuke_(cosplay),21
jiji_(majo_no_takkyuubin)_(cosplay),21
riza_hawkeye_(cosplay),21
doronjo_(cosplay),21
rui_(dream_c_club)_(cosplay),21
unzan_(cosplay),21
philip_(kamen_rider)_(cosplay),21
uiharu_kazari_(cosplay),21
marty_mcfly_(cosplay),21
cyclops_(x-men)_(cosplay),21
sheeta_(cosplay),21
maya_fey_(cosplay),21
blue_rose_(tiger_&_bunny)_(cosplay),21
rivalun_(cosplay),21
beauty_(fairy_tale_character)_(cosplay),21
kusakabe_satsuki_(cosplay),21
nate_(pokemon)_(cosplay),21
ms._fortune_(skullgirls)_(cosplay),21
diavolo_(cosplay),21
kusakabe_mei_(cosplay),21
weiss_schnee_(cosplay),21
kobe_bryant_(cosplay),21
gawain_(fate)_(cosplay),21
ononoki_yotsugi_(cosplay),21
paula_(mother_2)_(cosplay),21
ringo_(touhou)_(cosplay),21
seiran_(touhou)_(cosplay),21
ushio_(kancolle)_(cosplay),21
darjeeling_(girls_und_panzer)_(cosplay),21
mika_(girls_und_panzer)_(cosplay),21
edmond_dantes_(fate)_(cosplay),21
emperor_of_mankind_(cosplay),21
team_skull_grunt_(cosplay),21
zuikaku_kai_ni_(kancolle)_(cosplay),21
oda_nobunaga_(swimsuit_berserker)_(fate)_(cosplay),21
musashi_kai_ni_(kancolle)_(cosplay),21
nishida_satono_(cosplay),21
akai_haato_(cosplay),21
an-94_(girls'_frontline)_(cosplay),21
isabelle_(animal_crossing)_(cosplay),21
hilda_valentine_goneril_(cosplay),21
rhea_(fire_emblem)_(cosplay),21
kronya_(fire_emblem)_(cosplay),21
harpie_queen_(cosplay),21
captain_(kemono_friends)_(cosplay),21
utsumi_erice_(cosplay),21
lifeline_(apex_legends)_(cosplay),21
white_(among_us)_(cosplay),21
kugisaki_nobara_(cosplay),21
suzuka_gozen_(santa)_(fate)_(cosplay),21
roche_(dq11)_(cosplay),21
rei_(pokemon)_(cosplay),21
scaramouche_(genshin_impact)_(cosplay),21
selen_tatsuki_(cosplay),21
sangonomiya_kokomi_(cosplay),21
gold_city_(umamusume)_(cosplay),21
midori_(blue_archive)_(cosplay),21
black_lobelia_(cosplay),21
irys_(hololive)_(cosplay),21
yoisaki_kanade_(cosplay),21
shiver_(splatoon)_(cosplay),21
shinano_(azur_lane)_(cosplay),21
sweetheart_(omori)_(cosplay),21
penny_(pokemon)_(cosplay),21
gir_(invader_zim)_(cosplay),21
angela_(project_moon)_(cosplay),21
kevin_kaslana_(cosplay),21
ribbon-trimmed_camisole,21
frog-mouth_helm,21
purple_bustier,21
great_spirit_revealing_maid_costume,21
safety_belt,21
beard_bow,21
cherry_bra,21
camouflage_bodysuit,21
mao_jacket,21
latex_choker,21
orange_romper,21
vulture_crown,21
gala_dress,21
studded_vest,21
pink_anklet,21
print_veil,21
bone_hat_ornament,21
lace-trimmed_sweater,21
syringe_earrings,21
petal_earrings,21
red_changpao,21
hair_over_hairband,21
feathered_collar,21
helmet_over_one_eye,21
vertical-striped_jumpsuit,21
gradient_choker,21
flower_in_hat,21
rope_choker,21
burgundy_pants,21
spiked_pants,21
feather-trimmed_kimono,21
coat_bow,21
transcendent_blazer,21
puffy-trimmed_coat,21
glove_belt,21
black_bracer,21
heart_brooch_holder,21
blood_on_panties,20
trucker,20
rogatywka,20
grabbing_another's_sleeve,20
mima_(touhou)_(cosplay),20
signum_(cosplay),20
kohaku_(tsukihime)_(cosplay),20
aty_(summon_night)_(cosplay),20
kanda_momo_(cosplay),20
kousaka_tamaki_(cosplay),20
kururugi_suzaku_(cosplay),20
yagami_hayate_(cosplay),20
lynn_minmay_(cosplay),20
kaiba_seto_(cosplay),20
alena_(dq4)_(cosplay),20
merchant_(dq3)_(cosplay),20
red_xiii_(cosplay),20
kaji_ryouji_(cosplay),20
hypno_(cosplay),20
himura_kenshin_(cosplay),20
kouzuki_kallen_(cosplay),20
spike_spiegel_(cosplay),20
black_lady_(sailor_moon)_(cosplay),20
hero_(dq8)_(cosplay),20
higurashi_kagome_(cosplay),20
naga_the_serpent_(cosplay),20
shermie_(kof)_(cosplay),20
moroboshi_ataru_(cosplay),20
setsu_(dream_c_club)_(cosplay),20
eva_02_(cosplay),20
kuzunoha_raidou_(cosplay),20
majin_buu_(cosplay),20
son_gohan_(cosplay),20
dragonite_(cosplay),20
araragi_tsukihi_(cosplay),20
fio_germi_(cosplay),20
shiina_mayuri_(cosplay),20
ike_(fire_emblem)_(cosplay),20
plusle_(cosplay),20
amazon_(dragon's_crown)_(cosplay),20
iris_(pokemon)_(cosplay),20
full_frontal_(cosplay),20
magolor_(cosplay),20
nishizumi_maho_(cosplay),20
fairy_(jintai)_(cosplay),20
tiki_(fire_emblem)_(cosplay),20
iona_(aoki_hagane_no_arpeggio)_(cosplay),20
inumuta_houka_(cosplay),20
i-168_(kancolle)_(cosplay),20
mikisugi_aikurou_(cosplay),20
levi_(shingeki_no_kyojin)_(cosplay),20
sabin_rene_figaro_(cosplay),20
hatsushimo_(kancolle)_(cosplay),20
kijin_seija_(cosplay),20
haguro_(kancolle)_(cosplay),20
naganami_(kancolle)_(cosplay),20
crystal_maiden_(cosplay),20
meme_(me!me!me!)_(cosplay),20
sento_isuzu_(cosplay),20
leon_(leon_the_professional)_(cosplay),20
miyamizu_mitsuha_(cosplay),20
asakaze_(kancolle)_(cosplay),20
ozymandias_(fate)_(cosplay),20
yukine_chris_(cosplay),20
nanachi_(made_in_abyss)_(cosplay),20
sayori_(doki_doki_literature_club)_(cosplay),20
connor_(detroit)_(cosplay),20
suzutsuki_(kancolle)_(cosplay),20
honolulu_(azur_lane)_(cosplay),20
gridman_(ssss)_(cosplay),20
reg_(made_in_abyss)_(cosplay),20
claude_von_riegan_(cosplay),20
yae_sakura_(cosplay),20
blue_poison_(arknights)_(cosplay),20
xiangling_(genshin_impact)_(cosplay),20
tsubaki_(blue_archive)_(cosplay),20
ootori_emu_(cosplay),20
kamisato_ayato_(cosplay),20
sunny_(omori)_(cosplay),20
takane_lui_(cosplay),20
uta_(one_piece)_(cosplay),20
puck_(re:zero)_(cosplay),20
skibidi_toilet_(character)_(cosplay),20
shinosawa_hiro_(cosplay),20
yumemizuki_mizuki_(cosplay),20
wahoo_(kancolle)_(cosplay),20
shimizu_hinako_(cosplay),20
dangerous_bustier_(dq),20
sheep_slippers,20
middleton_high_school_cheerleader_uniform,20
invisibility_cloak,20
green_garter_belt,20
snake_armlet,20
police_vehicle,20
lace-trimmed_corset,20
schooldays_blazer_(idolmaster),20
flower-trimmed_panties,20
apron_pocket,20
pearl_armlet,20
black_racing_suit,20
yukata_style_(module),20
impossible_bodystocking,20
argyle_apron,20
nursing_sweater,20
argyle_panties,20
dango_earrings,20
heart-shaped_hat,20
spiked_sandals,20
polka_dot_vest,20
layered_camisole,20
checkered_bandana,20
multicolored_jumpsuit,20
padded_shirt,20
plaid_leotard,20
convenient_ribbon,20
cow_print_bowtie,20
plastic_gloves,20
two-piece_apron,20
green_hanbok,20
half_crown,20
brown_garter_belt,20
harness_belt,20
floppy_hat,20
gold_sarong,20
orange_bonnet,20
cece_hat_(zelda),20
gradient_bodysuit,20
vshojo_maid_cafe_uniform,20
paperclip_earrings,20
planet_diving_suit_(6th)_(stellar_blade),20
feathered_cloak,20
pinstripe_necktie,20
fur-trimmed_crown,20
yukari's_gap_bikini,20
cropped_coat,20
floral_print_leotard,20
breastplate,36405
breast_pocket,26371
